,SdssC,Xc-5d,SRW09,SIC3,IC0,nO,BIC3,BIC4,NdO,n6ARing,GGI4,SlogP_VSA2,C3SP2,JGI3,JGI10,RotRatio,AETA_beta_ns_d,GhoseFilter,SlogP_VSA8,JGI4,target
0,3.373806131472077,0.8199072360665389,0.0,0.7685783476265621,1.2069084251518167,0,0.7266904949199204,0.813999852459936,0,0,1.155555555555556,0.0,5,0.0472560975609756,0.0069699520457096,0.1071428571428571,0.0,False,23.278943197061757,0.033015873015873,2.3227112
1,3.3839530552553643,0.8199072360665389,0.0,0.7685783476265621,1.3318495715684096,0,0.7266904949199204,0.813999852459936,0,0,1.155555555555556,8.073872300533118,4,0.0472560975609756,0.0069699520457096,0.1428571428571428,0.0,False,23.278943197061757,0.033015873015873,2.5682018
2,3.373956286218191,0.3868945341743197,0.0,0.7554779969856077,1.2326602568158205,0,0.699335865576738,0.8660025322434045,0,0,0.8444444444444447,0.0,4,0.0416666666666666,0.0018829247479385,0.125,0.0,True,23.278943197061757,0.0301587301587301,2.30103
3,3.2219052343159484,0.7365739027332057,0.0,0.7900156777110281,1.3849586277872934,1,0.7517299169044169,0.7794270440823695,0,0,1.2044444444444449,5.106527394840706,3,0.0546875,0.009297520661157,0.0909090909090909,0.0238095238095238,True,12.152040213667762,0.0463247863247863,2.2787535
4,3.3480639802217187,2.5472340745130277,0.0,0.7345523884016688,1.372905595320056,1,0.7127633807683987,0.7291905857646037,0,0,1.884444444444445,8.317393252699539,3,0.0516304347826086,0.0097670924117205,0.1379310344827586,0.0178571428571428,False,12.152040213667762,0.0509309309309309,2.7242758
5,3.4081183862433866,0.7365739027332057,0.0,0.7591074115787098,1.2448406699719212,0,0.7212267559548915,0.772466039151441,0,0,1.0133333333333336,0.0,3,0.05625,0.00886206946813,0.0952380952380952,0.0,True,12.152040213667762,0.0405333333333333,3.180978
6,3.4161139455782314,0.470227867507653,0.0,0.8202775130286144,1.2582296369090873,0,0.7753833819320365,0.8320121153154455,0,0,0.9733333333333336,0.0,3,0.0513392857142857,0.0074482195694316,0.15,0.0,True,12.152040213667762,0.0423188405797101,2.6566691
7,3.435323811623415,0.3035612008409863,0.0,0.8720809563746397,1.2448406699719212,0,0.828562742903617,0.8798020261001667,0,0,0.9333333333333336,0.0,3,0.0424107142857142,0.002944305974609,0.238095238095238,0.0,True,12.152040213667762,0.0388888888888888,2.0211434
8,3.439166627299068,0.3035612008409863,0.0,0.7721971055010451,1.3698151284300626,0,0.7368299102532426,0.7835490349460337,0,0,1.2533333333333336,8.073872300533118,3,0.0581896551724137,0.0096362049224002,0.1818181818181818,0.0,True,12.152040213667762,0.0464197530864197,2.3802114
9,3.0588420414462085,2.114221372620808,0.0,0.7732229345332027,1.5749523572407695,1,0.7436123935981938,0.7651368228224561,0,0,1.764444444444445,8.317393252699539,2,0.046875,0.01135725946332,0.1538461538461538,0.04,False,12.152040213667762,0.0569175627240143,2.2442753
10,2.9263529856387,1.169586604625425,0.0,0.8000496907841063,1.657265338157648,3,0.7568051062753326,0.7818658296441835,2,0,1.3244444444444443,12.9705468580193,3,0.0592105263157894,0.0076814319238561,0.12,0.0,True,12.152040213667762,0.0413888888888888,2.0397975
11,2.4379506802721096,1.169586604625425,0.0,0.7803134698574336,1.968873874720721,6,0.7187057579889368,0.7187057579889368,4,0,1.3244444444444443,25.9410937160386,2,0.0592105263157894,0.0076814319238561,0.16,0.0,True,12.152040213667762,0.0413888888888888,1.188451
12,3.40721300348014,1.2529199379587586,0.0,0.7444554413066278,1.2804125884973652,0,0.7127180385621782,0.766743546693219,0,0,1.4666666666666668,8.073872300533118,5,0.0510204081632653,0.0071820532953602,0.125,0.0,False,23.278943197061757,0.0349206349206349,2.748188
13,3.3748339474678763,2.5472340745130277,0.0,0.7345523884016688,1.439525179119997,1,0.7127633807683987,0.7291905857646037,0,0,1.884444444444445,16.391265553232657,2,0.0516304347826086,0.0097670924117205,0.1724137931034483,0.0178571428571428,False,12.152040213667762,0.0509309309309309,2.897627
14,3.434888353489544,0.7365739027332057,0.0,0.7591074115787098,1.3914665048326014,0,0.7212267559548915,0.772466039151441,0,0,1.0133333333333336,8.073872300533118,2,0.05625,0.00886206946813,0.1428571428571428,0.0,True,12.152040213667762,0.0405333333333333,3.1232316
15,3.47430476694324,1.0850356152625436,0.0,0.7765879164610618,1.2274504770665493,0,0.7576118988084423,0.8022978027283287,0,0,1.484444444444445,8.073872300533118,3,0.0531914893617021,0.0062003092306122,0.3125,0.0,False,12.152040213667762,0.0353439153439153,1.9249837
16,3.482300326278085,0.818689580036991,0.0,0.80245213993536,1.237415663761076,0,0.7818428708123694,0.8289173041226109,0,0,1.4444444444444446,8.073872300533118,3,0.05,0.0060240451654593,0.3548387096774194,0.0,False,12.152040213667762,0.0361111111111111,1.9381351
17,3.5015101923232685,0.6520229133703244,0.0,0.8007027864571227,1.2274504770665493,0,0.7811375191020081,0.83922919419786,0,0,1.4044444444444446,8.073872300533118,3,0.0444444444444444,0.005242793121581,0.40625,0.0,False,12.152040213667762,0.0342547425474254,1.8794776
18,3.467667862181335,0.6520229133703244,0.0,0.8011399176039566,1.2718108456786592,0,0.7769124422490704,0.8460796356862288,0,0,1.1733333333333331,8.073872300533118,2,0.0496794871794871,0.0060896041757285,0.3571428571428571,0.0,False,12.152040213667762,0.0335238095238095,1.9601841
19,3.4464682539682543,2.971332926677937,7.661527081358517,0.7259386755159266,1.1968693094032663,0,0.6971236174198265,0.7394632933165984,0,0,1.5022222222222226,0.0,4,0.0870726495726495,0.009931129476584,0.074074074074074,0.0,False,12.152040213667762,0.0385185185185185,4.0127554
20,2.668258692365836,0.9142634612365024,7.368339686311381,0.7611834233831933,1.4323591457496476,0,0.7263925730972647,0.7572841896077427,0,0,1.6444444444444446,0.0,4,0.0928030303030303,0.0112746148352208,0.074074074074074,0.04,False,12.152040213667762,0.0411111111111111,4.1367207
21,3.4288350340136056,0.9142634612365024,7.368339686311381,0.7611834233831932,1.347912390625054,0,0.7263925730972646,0.7572841896077427,0,0,1.4533333333333336,0.0,4,0.0868055555555555,0.0136210590756045,0.0769230769230769,0.0208333333333333,False,12.152040213667762,0.0403703703703703,3.9637878
22,3.4649744897959183,0.9142634612365024,7.368339686311381,0.7471840772503473,1.2069084251518167,0,0.715424951001188,0.7511419511207534,0,0,1.4533333333333336,0.0,5,0.0868055555555555,0.0136210590756045,0.0769230769230769,0.0,False,12.152040213667762,0.0403703703703703,3.69897
23,3.36324861426052,0.9142634612365024,7.368339686311381,0.7611834233831932,1.347912390625054,0,0.7263925730972646,0.7572841896077427,0,0,1.4533333333333336,0.0,4,0.0868055555555555,0.0136210590756045,0.0769230769230769,0.0208333333333333,False,12.152040213667762,0.0403703703703703,3.968483
24,2.7807662509448225,1.0809301279031691,7.368339686311381,0.7530906278067515,1.4323591457496476,0,0.718669668969645,0.7572841896077427,0,0,1.6444444444444448,0.0,4,0.0851851851851851,0.0135191744282653,0.074074074074074,0.04,False,12.152040213667762,0.0432748538011695,4.25042
25,3.175858843537415,0.9142634612365024,7.368339686311381,0.7611834233831932,1.347912390625054,0,0.7263925730972646,0.7572841896077427,0,0,1.4533333333333336,0.0,4,0.0868055555555555,0.0136210590756045,0.0769230769230769,0.0208333333333333,False,12.152040213667762,0.0403703703703703,4.198657
26,3.0633512849584283,0.9142634612365024,7.368339686311381,0.7611834233831932,1.347912390625054,0,0.7263925730972646,0.7572841896077427,0,0,1.4533333333333336,0.0,4,0.089781746031746,0.0106113321769887,0.0769230769230769,0.0208333333333333,False,12.152040213667762,0.0392792792792792,4.10721
27,3.45844387755102,0.9142634612365024,7.368339686311381,0.7419432571111999,1.2174939521435744,0,0.708031802938852,0.7572841896077427,0,0,1.2622222222222224,0.0,4,0.0895833333333333,0.0092847668605244,0.08,0.0,True,12.152040213667762,0.036063492063492,4.049218
28,3.464449404761905,0.9142634612365024,0.0,0.724802548281467,1.2069084251518167,0,0.6939947509294486,0.7324079827495171,0,1,2.168888888888889,0.0,4,0.0610465116279069,0.0082440567289052,0.0769230769230769,0.0,False,12.152040213667762,0.0586186186186186,3.544068
29,3.396804033341732,0.963209588632904,7.390798521735676,0.8445773874917964,1.3441997944563522,0,0.7891545414175141,0.8562502419199873,0,0,1.7733333333333337,0.0,6,0.0733506944444444,0.0054663518299881,0.0689655172413793,0.0192307692307692,False,23.278943197061757,0.0422222222222222,3.1760912
30,3.424472355168303,1.3962222905251234,7.390798521735676,0.7812755021218997,1.3009439800094456,0,0.7419896976658279,0.7920326016088085,0,0,1.893333333333333,8.073872300533118,6,0.072145061728395,0.0071322314049586,0.09375,0.0,False,23.278943197061757,0.0394444444444444,3.531479
31,2.6215031074158057,0.963209588632904,7.390798521735676,0.8617205347614435,1.4252897549506724,0,0.8051727213053372,0.8562502419199873,0,0,1.804444444444445,0.0,6,0.0791666666666666,0.0074793388429752,0.0666666666666666,0.037037037037037,False,23.278943197061757,0.0400987654320987,3.3222194
32,3.382079449063576,0.963209588632904,7.390798521735676,0.8563842480320211,1.3441997944563522,0,0.8001866123126066,0.8562502419199873,0,0,1.6133333333333335,0.0,6,0.0733506944444444,0.007018380048683,0.0689655172413793,0.0192307692307692,False,23.278943197061757,0.0393495934959349,3.531479
33,3.418325197362896,1.3962222905251234,7.390798521735676,0.7836495504413556,1.1887525275231678,0,0.7442443688925757,0.7920326016088085,0,0,1.7333333333333338,0.0,7,0.0744598765432098,0.0065708601163146,0.0625,0.0,False,23.278943197061757,0.0368794326241134,3.4313638
34,2.734010665994793,1.1298762552995707,7.390798521735676,0.8478126743971975,1.4252897549506724,0,0.792177522368695,0.8562502419199873,0,0,1.804444444444445,0.0,6,0.0727124183006535,0.0084063984400684,0.0666666666666666,0.037037037037037,False,23.278943197061757,0.0419638242894057,3.69897
35,3.129103258587386,0.963209588632904,7.390798521735676,0.8563842480320211,1.3441997944563522,0,0.8001866123126066,0.8562502419199873,0,0,1.6133333333333335,0.0,6,0.0733506944444444,0.007018380048683,0.0689655172413793,0.0192307692307692,False,23.278943197061757,0.0393495934959349,3.6627579
36,3.4450951646090537,1.3962222905251234,7.390798521735676,0.7899393573666312,1.3009439800094456,0,0.7502178979821049,0.7920326016088085,0,0,1.7333333333333338,8.073872300533118,6,0.0744598765432098,0.0065708601163146,0.09375,0.0,False,23.278943197061757,0.0368794326241134,2.6986222
37,3.0165957000083985,0.963209588632904,7.390798521735676,0.8445773874917964,1.3441997944563522,0,0.7891545414175141,0.8562502419199873,0,0,1.6133333333333335,0.0,6,0.0759548611111111,0.0060330578512396,0.0689655172413793,0.0192307692307692,False,23.278943197061757,0.0384126984126984,3.612784
38,3.4116882926009917,0.963209588632904,7.390798521735676,0.8066278039317897,1.2146234752771463,0,0.7536952849244866,0.8482411519760757,0,0,1.4222222222222225,0.0,6,0.0751811594202898,0.0036225895316804,0.0714285714285714,0.0,False,23.278943197061757,0.0355555555555555,3.4760432
39,3.4932811056521373,1.1986557230813315,8.405367376233981,0.8113042583302825,1.3080990830730832,0,0.7660761505904535,0.8220632340055269,0,0,1.503333333333334,8.073872300533118,6,0.0652006172839506,0.0055708601163146,0.0909090909090909,0.0,False,23.278943197061757,0.0319858156028368,2.9242792
40,3.459874233644075,0.7656430211891125,8.405367376233981,0.8378871888315729,1.21018798048854,0,0.7764651242279523,0.8929439282807133,0,0,1.1922222222222223,0.0,6,0.0643115942028985,0.0019559228650137,0.0689655172413793,0.0,False,23.278943197061757,0.0298055555555555,2.8658984
41,3.519005889392794,0.8199072360665389,6.580639137284949,0.8005764714845136,1.3463851517126129,0,0.7639851121534617,0.79487672866394,0,0,1.270555555555556,8.073872300533118,4,0.0522762345679012,0.0116312621161106,0.12,0.0,True,12.152040213667762,0.0423518518518518,2.7242758
42,3.485599017384732,0.3868945341743197,6.580639137284949,0.875319816407598,1.2628839008717192,0,0.8188423989641621,0.8905206241474689,0,0,0.9594444444444448,0.0,4,0.0471230158730158,0.0023456790123456,0.0952380952380952,0.0,True,12.152040213667762,0.0417149758454106,2.30103
43,3.148581349206349,0.7365739027332057,0.0,0.8094208427896814,1.3849586277872934,1,0.7701946683563853,0.7886594198083537,0,0,1.2044444444444449,5.106527394840706,3,0.05859375,0.0139526578920518,0.0909090909090909,0.0238095238095238,True,12.152040213667762,0.0446090534979423,2.908485
44,3.3278942665028977,2.5472340745130277,0.0,0.7458386422415875,1.372905595320056,1,0.7237148507658685,0.7346663207633387,0,0,1.804444444444445,8.317393252699539,3,0.0543478260869565,0.0106305964891823,0.1379310344827586,0.0178571428571428,False,12.152040213667762,0.047485380116959,3.20412
45,3.3546642337490558,2.5472340745130277,0.0,0.7458386422415875,1.439525179119997,1,0.7237148507658685,0.7346663207633387,0,0,1.804444444444445,16.391265553232657,2,0.0543478260869565,0.0106305964891823,0.1724137931034483,0.0178571428571428,False,12.152040213667762,0.047485380116959,2.9242792
46,3.4014814814814818,0.3035612008409863,0.0,0.7094398271254457,1.2957378005380122,0,0.6554699749378484,0.7273644709769792,0,0,0.7022222222222223,0.0,2,0.0511363636363636,0.0,0.1176470588235294,0.0,True,12.152040213667762,0.0390123456790123,3.0898435
47,0.0,0.0,0.0,0.90701901811629,1.4591479170272446,0,0.90701901811629,0.90701901811629,0,0,0.08,0.0,0,0.0416666666666666,0.0,0.4,0.0,False,0.0,0.04,1.9984491
48,0.0,0.5287510904306973,7.247792581767846,0.3916267363295601,1.564908691422263,6,0.3893229124377956,0.3920792311665852,0,0,5.848888888888891,81.36070422964323,0,0.1152570480928689,0.0,0.3636363636363636,0.0,False,0.0,0.0557037037037037,2.6232493
49,0.0,0.0,0.0,0.6554587535412855,1.521928094887362,0,0.7609640474436811,0.7609640474436811,0,0,0.0,6.928360321623806,0,0.0,0.0,0.0,0.0,False,0.0,0.0,0.25792378
50,-2.004075743170344,2.193856955024389,7.208600337960199,0.8821358418552034,1.9387079790263544,4,0.8297163124322731,0.8550736307442267,4,0,4.116111111111112,36.48423152905759,6,0.0877594627594627,0.0101011533015786,0.1176470588235294,0.0212765957446808,False,0.0,0.0403540305010893,1.1640878
51,-3.309828899704711,2.8763699835106284,7.901377353792616,0.8212965324996712,1.819858313308912,6,0.7753321599979061,0.8138165282489324,6,0,6.970000000000002,48.298590987760605,13,0.0797589869281045,0.0080126142896705,0.1081081081081081,0.0149253731343283,False,11.126902983393991,0.0461589403973509,1.5349023
52,-0.800265339995814,0.5143971413924631,7.208600337960199,0.9112420515909144,1.6864521349315629,4,0.8481499455416679,0.88597054067891,4,0,2.5650000000000004,24.13163449417064,5,0.0552195340501792,0.0075370397220476,0.1428571428571428,0.0263157894736842,False,0.0,0.045,0.43136376
53,-1.857141712873412,1.507211389806335,7.901377353792616,0.7900164353187551,1.5783283081924544,6,0.7458026729581763,0.7965556663232386,6,0,5.992222222222224,35.94599395287365,15,0.0633381226053639,0.0080723846403902,0.1176470588235294,0.0163934426229508,False,11.126902983393991,0.0516570881226053,0.8759918
54,-0.9149071853269184,0.5143971413924631,7.208600337960199,0.9271079006543445,1.8010657220914292,4,0.8568775914833663,0.9088576198989428,4,0,2.1827777777777784,24.13163449417064,3,0.0622276688453159,0.0090810083627143,0.1176470588235294,0.032258064516129,True,0.0,0.0464420803782505,0.39794
55,-0.9055666321102932,0.5143971413924631,7.208600337960199,0.9134844133325064,1.7366809117888602,5,0.8478625319808148,0.8872973405715251,4,0,2.5650000000000004,24.13163449417064,3,0.0552195340501792,0.0075370397220476,0.1428571428571428,0.0394736842105263,False,0.0,0.045,0.7242759
56,-1.211729333877391,1.1364056093206094,7.208600337960199,0.9112420515909144,1.8617063540707224,6,0.8431725143277952,0.880771156481661,6,0,2.7250000000000005,32.54943147849958,3,0.0631944444444444,0.0074119744826815,0.1363636363636363,0.025,False,0.0,0.0419230769230769,0.53147894
57,-3.851551785685805,3.261270162970378,7.901377353792616,0.7447531905975816,1.7543237320518554,8,0.7070313884929987,0.7929348600082514,6,0,7.894444444444446,48.42284210496129,17,0.0800487987987988,0.0083434882462898,0.1025641025641025,0.0140845070422535,False,11.126902983393991,0.0478451178451178,1.7619988
58,-3.8889340866990194,2.8763699835106284,7.901377353792616,0.8167982484236951,1.7974667057517906,8,0.7701138927496425,0.8095172616777181,6,0,6.970000000000002,48.42284210496129,13,0.0797589869281045,0.0080126142896705,0.1081081081081081,0.0149253731343283,False,11.126902983393991,0.0461589403973509,1.5768307
59,-1.575390138405837,1.4015439938810963,7.901377353792616,0.7690387084542238,1.6984013344076891,5,0.7173071392162088,0.785604048092267,5,0,3.823333333333334,29.91487944053557,9,0.0729629629629629,0.0074038363432302,0.075,0.0,True,0.0,0.0516666666666666,1.8103764
60,3.871913580246914,0.6666666666666666,0.0,0.5876013637548226,1.5099686126368168,0,0.5876013637548226,0.5876013637548226,0,0,0.0,8.073872300533118,0,0.075,0.0,0.125,0.0,False,0.0,0.0,3.6204884
61,3.919320987654322,1.1477918909913547,0.0,0.6901867153439099,1.4215541688301352,0,0.6901867153439099,0.6901867153439099,0,0,0.32,8.073872300533118,0,0.0625,0.0,0.2,0.0,False,0.0,0.032,2.8325088
62,3.924552469135803,0.5690355937288492,0.0,0.7362796496509926,1.4618602772540858,0,0.7362796496509926,0.7362796496509926,0,0,0.16,8.073872300533118,0,0.0673076923076923,0.0,0.2222222222222222,0.0,False,0.0,0.02,2.8681474
63,3.95320987654321,0.5690355937288492,0.0,0.7583807772486734,1.4215541688301352,0,0.7583807772486734,0.7583807772486734,0,0,0.24,8.073872300533118,0,0.0803571428571428,0.0,0.3,0.0,False,0.0,0.0218181818181818,2.2478902
64,3.971036785084405,0.5690355937288492,0.0,0.7756926417026353,1.387291427643771,0,0.7756926417026353,0.7756926417026353,0,0,0.4,8.073872300533118,0,0.075,0.0,0.3636363636363636,0.0,False,0.0,0.0333333333333333,1.7923917
65,3.991811723146049,0.5690355937288492,0.0,0.7796037767729803,1.332112684358123,0,0.7796037767729803,0.8010955993971214,0,0,0.4,8.073872300533118,0,0.0661764705882353,0.0,0.4615384615384615,0.0,True,0.0,0.0285714285714285,1.7155274
66,4.00343318821764,0.5690355937288492,0.0,0.7394019544876336,1.2895281606953652,0,0.7394019544876336,0.8012182956260898,0,0,0.4,8.073872300533118,0,0.0592105263157894,0.0082644628099173,0.5333333333333333,0.0,True,0.0,0.025,1.5682018
67,3.800203451751071,0.8367876570272818,0.0,0.7992692562696264,1.4731864679927211,0,0.7684741986354218,0.8024376807937325,0,0,0.568888888888889,8.073872300533118,0,0.0684523809523809,0.0,0.1428571428571428,0.0,True,0.0,0.0334640522875817,0.9190781
68,3.52118464978584,0.7216878364870322,0.0,0.7523174970032673,1.4374366326883632,0,0.7266373400688226,0.7266373400688226,0,0,0.6622222222222224,8.073872300533118,1,0.0595238095238095,0.0,0.1333333333333333,0.0,True,6.076020106833881,0.0413888888888889,2.4313638
69,2.725432098765433,0.2886751345948128,0.0,0.9257048827786958,1.6493974703476992,0,0.8567517667623957,0.9255128526390366,0,0,0.3511111111111111,0.0,1,0.0528846153846153,0.0,0.0909090909090909,0.0,False,6.076020106833881,0.0390123456790123,1.5415792
70,0.0,2.25,0.0,0.9166666666666666,1.9056390622295665,0,0.979569764547061,0.979569764547061,0,0,0.0,12.056301962413816,0,0.0,0.0,0.1428571428571428,0.0,False,0.0,0.0,0.708093
71,0.0,0.0,0.0,0.6554587535412855,1.521928094887362,0,0.7609640474436811,0.7609640474436811,0,0,0.0,0.0,0,0.0,0.0,0.0,0.0,False,0.0,0.0,1.2045008
72,0.0,0.8073604499148398,7.83241092718792,0.7477552634519175,1.373336962476363,0,0.7362477604580814,0.7581858998874025,0,0,1.270555555555556,8.073872300533118,0,0.0830314009661835,0.0,0.0588235294117647,0.0,True,0.0,0.0847037037037037,2.968483
73,0.0,0.6875694891336299,7.635786861395585,0.7311877230179624,1.3968436982954155,0,0.724489503915154,0.7502959555280571,0,0,1.1483333333333337,8.073872300533118,0,0.0852623456790123,0.0,0.0714285714285714,0.0,True,0.0,0.0883333333333333,3.3852417
74,0.0,0.1666666666666666,0.0,0.6536042149571435,1.3516441151533924,0,0.6536042149571435,0.6536042149571435,0,1,0.2222222222222222,0.0,0,0.046875,0.0,0.0,0.0,False,0.0,0.1111111111111111,4.4641185
75,1.8171296296296295,0.6123724356957945,0.0,0.5565572721647433,1.3516441151533924,0,0.5565572721647433,0.5565572721647433,0,0,0.0,0.0,0,0.046875,0.0,0.0,0.0,False,0.0,0.0,2.5288944
76,0.4273842592592594,0.9309036597828996,6.898714534329988,0.8078347747194918,1.9579393553211155,1,0.7695203916807805,0.8403342309073832,0,0,1.96,0.0,1,0.0622222222222222,0.0,0.0588235294117647,0.0,False,6.076020106833881,0.0784,2.8745725
77,0.5315509259259261,0.9309036597828996,6.898714534329988,0.8078347747194918,1.957939355321115,0,0.7695203916807805,0.8403342309073832,0,0,1.96,0.0,1,0.0622222222222222,0.0,0.0588235294117647,0.0,False,6.076020106833881,0.0784,2.7230358
78,1.6487791320231795,1.9285113019775797,0.0,0.745292998299391,1.5178872290605931,1,0.7253363117738535,0.7253363117738535,0,0,1.0622222222222224,8.317393252699539,1,0.0462962962962962,0.0,0.1666666666666666,0.0277777777777777,True,6.076020106833881,0.0531111111111111,1.6812413
79,0.0,0.4368867239266071,6.823286122355687,0.7572327664479106,1.3968436982954155,0,0.750295955528057,0.750295955528057,0,0,0.8200000000000002,8.073872300533118,0,0.0920138888888889,0.0,0.1538461538461538,0.0,True,0.0,0.0546666666666666,1.7829328
80,0.0,0.3678511301977579,6.823286122355687,0.6941737681097224,1.3723775684811073,0,0.6899565586046739,0.7519966608350492,0,0,1.14,16.147744601066236,0,0.1066919191919192,0.0,0.2352941176470588,0.0,True,0.0,0.0438461538461538,1.5833498
81,0.0,0.0,6.529418838262226,0.9256603431473772,1.3599924922184878,0,0.9098110735370422,0.9098110735370422,0,0,0.205,0.0,0,0.0813492063492063,0.0,0.1111111111111111,0.0,False,0.0,0.041,1.0986024
82,0.0,0.0,0.0,0.90701901811629,1.4591479170272446,0,0.90701901811629,0.90701901811629,0,0,0.08,0.0,0,0.0416666666666666,0.0,0.4,0.0,False,0.0,0.04,1.8819095
83,0.0,0.0,0.0,0.8976167900760738,1.3995812306460644,0,0.8976167900760738,0.8976167900760738,0,0,0.08,0.0,0,0.03125,0.0,0.5,0.0,False,0.0,0.0266666666666666,2.3802114
84,0.0,1.9106532292788336,0.0,0.7364770586954896,1.3786011816680388,0,0.716118646878767,0.716118646878767,0,0,1.4711111111111117,8.073872300533118,1,0.0602678571428571,0.0,0.1176470588235294,0.0,True,6.076020106833881,0.0612962962962963,1.4948832
85,0.0,0.3434433619633035,0.0,0.8533608530766674,1.3786011816680388,0,0.8297714262641377,0.8297714262641377,0,0,1.2311111111111113,8.073872300533118,1,0.0651041666666666,0.0,0.2941176470588235,0.0,True,6.076020106833881,0.0512962962962963,1.2421023
86,0.0,0.3434433619633035,0.0,0.8027605837673154,1.2950243779198094,0,0.786894264314593,0.83677524432832,0,0,1.2311111111111113,8.073872300533118,1,0.0558035714285714,0.0059631103402147,0.4285714285714285,0.0,True,6.076020106833881,0.0439682539682539,1.6145045
87,0.0,0.3434433619633035,0.0,0.5711321027488918,1.1737195857469152,0,0.5650252803661964,0.6239436505094733,0,0,1.2311111111111113,8.073872300533118,1,0.0400641025641025,0.0039420838318909,0.625,0.0,False,6.076020106833881,0.0315669515669515,1.59013
88,0.0,0.2357022603955158,0.0,0.7221844998123175,1.3786011816680388,0,0.70222117674442,0.70222117674442,0,0,1.0711111111111111,8.073872300533118,1,0.0602678571428571,0.0,0.2941176470588235,0.0,True,6.076020106833881,0.0396707818930041,1.4871831
89,0.0,0.0,0.0,0.6339833333166621,1.3787834934861751,0,0.6523007394965069,0.6523007394965069,0,0,0.0,0.0,0,0.0,0.0,0.2,0.0,False,0.0,0.0,1.3160329
90,0.0,0.0,0.0,0.8429809818837098,1.7841591278514215,0,0.8166746222236321,0.8166746222236321,0,0,0.0,0.0,0,0.0208333333333333,0.0,0.1666666666666666,0.0,False,0.0,0.0,-1.2969522
91,0.0393518518518523,0.4927992798267444,0.0,0.8343604297372124,1.7574839898128798,2,0.8343604297372124,0.8343604297372124,1,0,0.08,13.079102829229384,0,0.0454545454545454,0.0,0.25,0.0,False,0.0,0.016,0.65110207
92,0.0740740740740746,0.4927992798267444,0.0,0.8437066199654226,1.6854752972273344,2,0.8437066199654226,0.8437066199654226,1,0,0.24,12.576187252464766,0,0.0520833333333333,0.0,0.3333333333333333,0.0,False,0.0,0.0342857142857142,0.9387075
93,-0.3565459701911151,0.6106504100245023,0.0,0.7997504188836013,1.457985765510777,6,0.779294898454622,0.8398249547484347,2,0,1.2044444444444449,31.75925646944245,1,0.0255102040816326,0.0057783219399381,0.4736842105263157,0.0405405405405405,False,0.0,0.0293766937669376,2.5569618
94,-0.0680092592592587,0.4927992798267444,0.0,0.883401527984509,1.750224877285235,3,0.883401527984509,0.883401527984509,1,0,0.32,24.28959661181839,0,0.048076923076923,0.0,0.4,0.0,False,0.0,0.04,1.404666
95,0.0,0.0,0.0,0.8333333333333334,2.0,0,0.8905179677700554,0.8905179677700554,0,0,0.0,4.836269690250055,0,0.0,0.0,0.2,0.0,False,0.0,0.0,-0.6922749
96,0.0,0.0,0.0,0.8333333333333334,2.0,0,0.8905179677700554,0.8905179677700554,0,0,0.0,6.425444744859191,0,0.0,0.0,0.2,0.0,False,0.0,0.0,0.17696437
97,0.0,0.0,0.0,0.8224908743082041,1.4353713907745331,0,0.8565359801139569,0.8565359801139569,0,0,0.0,0.0,0,0.0,0.0,0.25,0.0,False,0.0,0.0,1.0371664
98,0.0,0.0,0.0,0.9298966940476158,1.8910611120726528,0,0.887346954847329,0.887346954847329,0,0,0.0,0.0,0,0.03125,0.0,0.2,0.0,False,0.0,0.0,-1.6587404
99,0.055555555555556,0.1666666666666666,0.0,0.8732737098805868,1.8423709931771084,2,0.8732737098805868,0.8732737098805868,1,0,0.08,13.079102829229384,0,0.046875,0.0,0.2857142857142857,0.0,False,0.0,0.02,1.0934217
100,0.0902777777777783,0.1666666666666666,0.0,0.8740065897889193,1.7574839898128798,2,0.8740065897889193,0.8740065897889193,1,0,0.16,12.576187252464766,0,0.0555555555555555,0.0,0.375,0.0,False,0.0,0.0266666666666666,1.6434526
101,0.1416164767738543,0.1666666666666666,0.0,0.7096670112975275,1.402800386248768,2,0.7096670112975275,0.80535846720662,1,0,0.24,12.576187252464766,0,0.0294117647058823,0.0070838252656434,0.6875,0.0,True,0.0,0.0171428571428571,1.7558749
102,0.146363889833424,0.1666666666666666,0.0,0.5941974536662892,1.3225078451055432,2,0.5941974536662892,0.6829016042867827,1,0,0.24,12.576187252464766,0,0.0238095238095238,0.0045078888054094,0.75,0.0,True,0.0,0.0133333333333333,1.7234557
103,0.149036466578097,0.1666666666666666,0.0,0.5136582583231901,1.266740279584632,2,0.5136582583231901,0.5912334370386523,1,0,0.24,12.576187252464766,0,0.02,0.0033057851239669,0.7916666666666666,0.0,False,0.0,0.0109090909090909,1.8375884
104,0.1507451043022043,0.1666666666666666,0.0,0.455235232360271,1.2255579072016076,2,0.455235232360271,0.5232382099546775,1,0,0.24,12.576187252464766,0,0.0172413793103448,0.0026098303610265,0.8214285714285714,0.0,False,0.0,0.0092307692307692,1.8662874
105,0.4675925925925928,0.2357022603955158,0.0,0.8595824360039367,1.738149333192866,1,0.8595824360039367,0.8595824360039367,1,0,0.0,5.783244946364939,0,0.0416666666666666,0.0,0.3333333333333333,0.0,False,0.0,0.0,0.60206
106,0.0,0.0,0.0,0.7511553347015191,1.295461844238322,0,0.764240758439705,0.764240758439705,0,0,0.16,0.0,0,0.0833333333333333,0.0,0.4285714285714285,0.0,False,0.0,0.032,1.956961
107,0.0,0.0,0.0,0.8524398460347836,1.295461844238322,0,0.8672896861162782,0.8672896861162782,0,0,0.16,0.0,0,0.0416666666666666,0.0,0.5714285714285714,0.0,False,0.0,0.04,4.4947796
108,0.0,0.0,0.0,0.9166666666666666,1.9056390622295665,0,0.979569764547061,0.979569764547061,0,0,0.0,5.880003444970339,0,0.0,0.0,0.25,0.0,False,0.0,0.0,0.30209503
109,0.0,0.0,0.0,0.9166666666666666,1.9056390622295665,0,0.979569764547061,0.979569764547061,0,0,0.0,6.674590972274908,0,0.0,0.0,0.25,0.0,False,0.0,0.0,0.11394335
110,0.444490740740741,0.1924500897298752,6.555356891810665,0.9008804575298364,1.824816986216862,1,0.885455472151804,0.885455472151804,1,0,0.33,23.89660227202713,0,0.0681818181818181,0.0,0.2,0.0,False,0.0,0.04125,-0.36651042
111,0.0,0.0,0.0,0.9298966940476158,1.836591668108979,1,0.9825675930733632,0.9825675930733632,0,0,0.0,11.713409359353625,0,0.0,0.0,0.25,0.0,False,0.0,0.0,0.9146113
112,0.0,0.0,0.0,0.8429809818837098,1.7295739585136225,1,0.873569864076289,0.873569864076289,0,0,0.0,13.716679505790452,0,0.03125,0.0,0.4,0.0,False,0.0,0.0,1.30103
113,0.138657407407408,0.1178511301977579,0.0,0.7701408015872945,1.5759136532083846,2,0.7617354931651753,0.8041841461582553,1,1,0.4311111111111112,12.576187252464766,0,0.0458333333333333,0.0,0.2307692307692307,0.0,False,0.0,0.0359259259259259,1.1084253
114,-0.1292998866213146,0.2845177968644246,0.0,0.867466816142267,1.562806631693174,2,0.8366773173491766,0.8366773173491766,1,0,0.7022222222222223,12.576187252464766,2,0.0476190476190476,0.0,0.25,0.0,True,0.0,0.0413071895424836,1.4139731
115,-0.1342129629629624,0.1178511301977579,0.0,0.9386137518291132,1.650022421648354,2,0.895192663028035,0.895192663028035,1,0,0.6222222222222225,12.576187252464766,2,0.0441176470588235,0.0,0.2142857142857142,0.0,True,0.0,0.0478632478632478,1.0451165
116,-0.1382870370370366,0.1178511301977579,0.0,0.9267672896410716,1.7004448031130073,2,0.8765680819563445,0.9253256672767722,1,0,0.4311111111111112,12.576187252464766,1,0.0458333333333333,0.0,0.2307692307692307,0.0,False,0.0,0.0359259259259259,1.0256909
117,-0.0925462962962961,0.0,0.0,0.8732737098805868,1.8423709931771084,2,0.8732737098805868,0.8732737098805868,1,0,0.16,12.576187252464766,0,0.0833333333333333,0.0,0.2857142857142857,0.0,False,0.0,0.032,0.7370453
118,0.0,0.1360827634879543,0.0,0.6923120228182059,1.4056607849761658,1,0.6808543582267266,0.7235047810318432,0,4,0.7422222222222226,12.71084835226122,0,0.0397727272727272,0.0,0.1764705882352941,0.0,True,0.0,0.053015873015873,1.4319289
119,0.0,0.0833333333333333,7.390798521735676,0.8854444327020352,1.476120721149274,1,0.8753052890916679,0.9076606610696916,0,0,0.3911111111111111,12.71084835226122,0,0.0486111111111111,0.0,0.2307692307692307,0.0,False,0.0,0.0434567901234567,1.1759908
120,0.0,0.0,0.0,0.7458166334323245,1.4717374334224662,1,0.7458166334323245,0.7932752521247711,0,1,0.3111111111111111,12.71084835226122,0,0.0397727272727272,0.0,0.2727272727272727,0.0,False,0.0,0.0388888888888888,1.295271
121,0.0,0.0,0.0,0.8506077525009399,1.640223928941852,1,0.8728451895946834,0.8728451895946834,0,0,0.08,13.213763929025836,0,0.05,0.0,0.5,0.0,False,0.0,0.0266666666666666,0.20411998
122,0.0,0.2471938745990654,7.946971357693591,0.8455012645565919,1.377028383842828,1,0.8329341659511481,0.8792746153726693,0,0,0.6133333333333334,13.213763929025836,0,0.0392361111111111,0.0,0.2222222222222222,0.0,True,0.0,0.0408888888888888,0.878731
123,0.0,0.0,0.0,0.7659109581999143,1.4313076001654323,1,0.7659109581999143,0.8068435878718127,0,1,0.3111111111111111,13.213763929025836,0,0.015625,0.0,0.3333333333333333,0.0,False,0.0,0.0388888888888888,1.0097767
124,0.0,0.0,0.0,0.9107622975418276,1.5617677112802777,1,0.8745925844266508,0.921133915868877,0,0,0.3111111111111111,6.606881964512918,1,0.015625,0.0,0.3333333333333333,0.0,False,0.0,0.0388888888888888,1.071659
125,0.0,0.6123724356957945,0.0,0.5918000977748352,1.490468570732828,0,0.6021094901067964,0.6021094901067964,0,0,0.0,8.073872300533118,0,0.046875,0.0,0.2857142857142857,0.0,False,0.0,0.0,2.093845
126,0.0,0.1178511301977579,0.0,0.9100052092619964,1.3921472236645345,0,0.8639297000405968,0.924071167826352,0,0,0.1911111111111111,0.0,1,0.0397727272727272,0.0,0.2,0.0,False,0.0,0.0273015873015873,1.1256357
127,-0.7815110703866515,0.5527637482392129,7.181591944611865,0.90786441352951,1.7582390733601851,4,0.8477038539503058,0.8741746625773552,4,0,1.7727777777777782,28.945507521412356,5,0.0528039832285115,0.0057682889501071,0.1666666666666666,0.0303030303030303,True,0.0,0.040290404040404,0.07918125
128,-0.904576091029914,0.5527637482392129,7.181591944611865,0.927366970808329,1.904169484320044,4,0.8604318159582255,0.8989407010509846,4,0,1.3905555555555558,28.945507521412356,3,0.0606812169312169,0.007075988644616,0.1428571428571428,0.0384615384615384,True,0.0,0.0408986928104575,0.07918125
129,-0.8935615379565995,0.5527637482392129,7.181591944611865,0.9104738841244796,1.8139247528036693,5,0.8474937501201928,0.8752715278979704,4,0,1.7727777777777782,28.945507521412356,3,0.0528039832285115,0.0057682889501071,0.1666666666666666,0.0454545454545454,True,0.0,0.040290404040404,0.5563025
130,-0.8974744949439504,0.5527637482392129,7.181591944611865,0.8617017359021716,1.7494780642666188,6,0.8041338888243846,0.8579084511686544,4,0,2.155,28.945507521412356,3,0.0476345486111111,0.0043506287950732,0.1818181818181818,0.05,False,0.0,0.0399074074074074,0.5797836
131,-0.9131092380745744,0.5527637482392129,7.181591944611865,0.9092136003080924,1.7494780642666188,6,0.8484716204294275,0.8901731885752163,4,0,1.9950000000000008,28.945507521412356,3,0.0515407986111111,0.0066842472903078,0.1818181818181818,0.05,False,0.0,0.0362727272727272,0.5185139
132,-1.2193534622281688,1.174772216167359,7.181591944611865,0.90786441352951,1.9456572611761351,6,0.841706360005034,0.867989887998962,6,0,1.9327777777777784,37.36330450574129,3,0.0622723132969034,0.0063417635955514,0.1578947368421052,0.0285714285714285,True,0.0,0.0371688034188034,0.43136376
133,-0.5918081698164459,0.0,0.0,0.8014865756401716,1.685662052770919,4,0.7977308590204912,0.8108452245202228,2,0,0.8800000000000002,57.42288502033233,0,0.0462962962962962,0.0082644628099173,0.5217391304347826,0.0,True,0.0,0.0338461538461538,0.13542612
134,-0.7922267079747285,0.0,0.0,0.8461731317409411,1.6985957249448538,4,0.8171436272521979,0.8285126518537261,2,0,1.724444444444445,44.33337220850718,2,0.0446428571428571,0.0052810937659422,0.28125,0.032258064516129,True,0.0,0.0431111111111111,0.14531672
135,0.0,0.0,0.0,0.8429809818837098,1.7295739585136225,1,0.873569864076289,0.873569864076289,0,0,0.0,6.103966387748303,0,0.03125,0.0,0.4,0.0,False,0.0,0.0,1.1371211
136,0.0,0.0,0.0,0.90701901811629,2.054585169337799,1,0.9399316205211392,0.9399316205211392,0,0,0.0,11.983969832718644,0,0.0624999999999999,0.0,0.5,0.0,False,0.0,0.0,0.7403627
137,0.0,0.0,0.0,0.7180171149425625,1.9547541343536352,5,0.6984449163630588,0.6984449163630588,4,0,1.2800000000000002,47.45972151368717,0,0.1184210526315789,0.0,0.4666666666666667,0.0,False,0.0,0.0474074074074074,-0.41204092
138,-0.3203950821605039,1.0069086473878968,0.0,0.8498025482814671,1.8454372523105549,4,0.8172593941421574,0.8459586331078405,1,0,2.408888888888889,18.68015364021307,2,0.0661764705882353,0.0070789666749262,0.2580645161290322,0.1,False,0.0,0.0491609977324263,0.22999604
139,-0.1486501350034688,0.6220084679281461,0.0,0.853903961230761,1.5101162067624423,4,0.8233894915348751,0.8500548431092928,1,0,1.3244444444444448,18.68015364021307,2,0.0457317073170731,0.008944665510322,0.3214285714285714,0.037037037037037,True,0.0,0.0367901234567901,0.48632246
140,-0.3832180362380366,0.6220084679281461,0.0,0.8600789806874132,1.6541869220523808,4,0.8271422909856777,0.8558415299513611,1,0,1.3244444444444448,24.56015708518341,2,0.0457317073170731,0.008944665510322,0.3214285714285714,0.037037037037037,True,0.0,0.0367901234567901,-0.07706453
141,-0.2823538387071724,0.7398595981259041,0.0,0.8733715234613971,1.4879868996760075,4,0.832377299796731,0.8706073749263025,1,0,1.515555555555556,18.68015364021307,3,0.04296875,0.0065993265993266,0.2727272727272727,0.032258064516129,True,0.0,0.036084656084656,0.3434796
142,-0.3980945794479134,0.8144585576580214,0.0,0.8820353787061285,1.5970264456395795,4,0.8406344918859097,0.8706073749263024,1,0,1.6266666666666671,18.68015364021307,3,0.0490196078431372,0.0064165788071511,0.2647058823529412,0.046875,False,0.0,0.0361481481481481,-0.0395894
143,-0.2366130979664318,0.6220084679281461,0.0,0.8498025482814674,1.531919635975994,4,0.8172593941421578,0.8459586331078405,1,0,1.3244444444444448,18.68015364021307,2,0.048076923076923,0.0087446058925559,0.2962962962962963,0.0384615384615384,True,0.0,0.0378412698412698,0.4428681
144,-0.2898741008478143,0.7621886974951644,0.0,0.8685412761364586,1.447451946839715,4,0.8227739580883213,0.904310653712328,1,0,1.764444444444445,18.68015364021307,4,0.0466101694915254,0.005998151085387,0.2564102564102564,0.0277777777777777,False,0.0,0.0309551656920078,0.21447244
145,-0.2441333601070736,0.6443375672974064,0.0,0.8725391854283051,1.4879868996760075,4,0.8315840299615097,0.8945856813586166,1,0,1.5733333333333337,18.68015364021307,3,0.05125,0.0072645648403224,0.2727272727272727,0.032258064516129,True,0.0,0.0314666666666666,0.2854702
146,-0.2213913762562331,0.2998396842794429,0.0,0.8963173869733514,1.4503582783395474,4,0.8672830049670698,0.8940291065545305,1,1,1.497777777777778,18.68015364021307,2,0.034438775510204,0.0059310718072246,0.2727272727272727,0.032258064516129,False,0.0,0.0325603864734299,0.4428681
147,-0.2339754299332219,0.0,0.0,0.9094636830789814,1.7175224498288084,4,0.8758548962701429,0.9031983256729788,1,0,0.7822222222222224,18.68015364021307,0,0.03125,0.0082644628099173,0.3529411764705882,0.0588235294117647,True,0.0,0.0460130718954248,-0.38913575
148,-0.3159243927322721,0.6220084679281461,0.0,0.8906959592372969,1.7971592488363148,6,0.8425517287919226,0.8759660266170566,3,0,1.3244444444444448,27.09795062454201,0,0.048076923076923,0.0087446058925559,0.2962962962962963,0.0384615384615384,True,0.0,0.0378412698412698,-0.22660597
149,0.0,0.6969234250586759,0.0,0.786350715330922,1.8647869792568117,3,0.7763781639375945,0.7763781639375945,2,0,0.6400000000000001,25.524555008806203,0,0.0583333333333333,0.0,0.4545454545454545,0.0,False,0.0,0.0581818181818181,0.2951072
150,0.0,0.0,0.0,0.8617186471562276,1.935945569184765,3,0.8487498298256753,0.8487498298256753,2,0,0.4800000000000001,26.027470585570818,0,0.0729166666666666,0.0,0.5,0.0,False,0.0,0.048,-0.53619045
151,0.0,0.0,0.0,0.8659123211672695,1.8647869792568117,3,0.8549307642657513,0.8549307642657513,2,0,0.4800000000000001,26.027470585570818,0,0.0865384615384615,0.0,0.5454545454545454,0.0,False,0.0,0.0369230769230769,0.4879619
152,0.0,0.0,0.0,0.8694918883597842,1.802689692334833,3,0.8600022632456077,0.8600022632456077,2,0,0.6400000000000001,26.027470585570818,0,0.0803571428571428,0.0,0.5833333333333334,0.0,True,0.0,0.0457142857142857,0.67817616
153,0.0,0.0,0.0,0.8725948939439815,1.748394345536403,3,0.8642628209731508,0.8642628209731508,2,0,0.6400000000000001,26.027470585570818,0,0.075,0.0,0.6153846153846154,0.0,True,0.0,0.0426666666666666,0.6936998
154,0.0,0.0,0.0,0.8567135500246338,2.016875695766564,3,0.8409821589507599,0.8409821589507599,2,0,0.4800000000000001,26.530386162335432,0,0.0972222222222222,0.0,0.4444444444444444,0.0,False,0.0,0.0533333333333333,-1.1210773
155,0.0,1.0069086473878968,0.0,0.8478126743971975,1.8492057424201191,3,0.8151263744115469,0.848090806064674,0,0,2.168888888888889,17.817375747101927,2,0.0638297872340425,0.005158912355882,0.25,0.1111111111111111,False,0.0,0.0504392764857881,-0.30265447
156,0.0,0.8577107283236621,0.0,0.8478126743971975,1.7315627185605464,3,0.8151263744115469,0.848090806064674,0,0,1.626666666666667,17.817375747101927,2,0.0518292682926829,0.0058958998352937,0.2692307692307692,0.08,True,0.0,0.0464761904761904,-0.39583436
157,0.0,0.6220084679281461,0.0,0.8478126743971977,1.513425233170183,3,0.8151263744115471,0.848090806064674,0,0,1.0844444444444448,17.817375747101927,2,0.0428571428571428,0.0068785498078427,0.2916666666666667,0.0434782608695652,True,0.0,0.0373946360153256,-0.15468368
158,0.0,0.488641942096356,0.0,0.8838581239743899,1.4893661763263144,3,0.852324180627812,0.8826865162883414,0,0,1.0844444444444448,17.817375747101927,2,0.0394736842105263,0.0070765373795676,0.32,0.0416666666666666,True,0.0,0.0328619528619528,-0.08716603
159,0.0,0.6443375672974064,0.0,0.8732269699726519,1.4657700277448185,3,0.8309873054643807,0.901870734664742,0,0,1.333333333333334,17.817375747101927,3,0.0475543478260869,0.0074278134884195,0.2666666666666666,0.0357142857142857,True,0.0,0.0303030303030303,-0.07706453
160,0.0,0.669400440323503,0.0,0.8800936125982155,1.3920786935073337,3,0.8549532019389865,0.8865308573616016,0,1,1.8888888888888893,17.817375747101927,2,0.04,0.0084277114580144,0.25,0.0333333333333333,False,0.0,0.0410628019323671,0.6242301
161,0.0,0.2998396842794429,0.0,0.89928139174443,1.4251629522524671,3,0.8704077027769713,0.9001696075388764,0,1,1.257777777777778,17.817375747101927,2,0.0291666666666666,0.0054398315961314,0.2666666666666666,0.0357142857142857,True,0.0,0.0314444444444444,0.1229404
162,0.0,0.0,0.0,0.8962385297261841,1.567429379083991,3,0.8552012647525012,0.894805427112206,0,0,0.9244444444444446,17.817375747101927,2,0.0185185185185185,0.0082542597694112,0.3181818181818182,0.0476190476190476,True,0.0,0.044021164021164,-0.29760373
163,0.0,0.0,0.0,0.927298569338156,1.7306502730537434,3,0.8941597809524066,0.9292114339285986,0,0,0.5422222222222224,17.817375747101927,0,0.015625,0.0,0.3571428571428571,0.0714285714285714,True,0.0,0.0492929292929293,-0.9693228
164,0.0,0.6220084679281461,0.0,0.8962385297261841,1.8171298975918944,5,0.8452721019936397,0.8844164472433781,2,0,1.0844444444444448,26.235172731430865,0,0.0428571428571428,0.0068785498078427,0.2916666666666667,0.0434782608695652,True,0.0,0.0373946360153256,-0.52319366
165,1.7222685185185187,0.0,0.0,0.8506077525009399,1.3995812306460644,0,0.8506077525009399,0.8506077525009399,0,0,0.16,0.0,0,0.0625,0.0,0.3333333333333333,0.0,False,0.0,0.0533333333333333,1.9246842
166,0.0,0.0,0.0,0.8987154886667355,1.6854752972273344,2,0.8987154886667355,0.8987154886667355,0,1,0.5333333333333334,19.000875081596437,0,0.0852272727272727,0.0,0.1,0.0,False,0.0,0.0666666666666666,0.39794
167,0.0,0.0,0.0,0.8956326161691388,1.573402452417767,2,0.8956326161691388,0.8956326161691388,0,1,0.6533333333333335,19.000875081596437,0,0.0669642857142857,0.0,0.25,0.0,False,0.0,0.0544444444444444,0.82426524
168,0.0,0.0,0.0,0.9136527498406264,1.7574839898128798,2,0.9136527498406264,0.9136527498406264,0,1,0.3422222222222222,19.503790658361048,0,0.0555555555555555,0.0,0.1111111111111111,0.0,False,0.0,0.0684444444444444,0.11394335
169,0.0,0.5287510904306973,7.247792581767846,0.3970139969011659,1.5496361647732702,6,0.3962426451415723,0.3989483892147876,0,0,5.848888888888891,67.51322983026199,0,0.1152570480928689,0.0,0.3636363636363636,0.0,False,0.0,0.0557037037037037,2.4771214
170,-0.5904160467420114,0.2357022603955158,0.0,0.8120981752908925,1.595461844238322,4,0.7824530853950201,0.8367658644290326,2,1,0.8444444444444446,18.545492540416618,2,0.0282258064516129,0.0055096418732782,0.217391304347826,0.0,True,0.0,0.0351851851851851,0.4289893
171,0.2532407407407415,0.343418919464003,6.968850378341948,0.920062511143956,1.9942994759573032,2,0.8877037247906753,0.8877037247906753,2,0,0.365,17.131148062709343,0,0.0992063492063491,0.0,0.1818181818181818,0.0,False,0.0,0.045625,2.1693277
172,1.194490740740741,0.0,0.0,0.90701901811629,1.7841591278514215,0,0.90701901811629,0.90701901811629,0,0,0.16,0.0,0,0.0625,0.0,0.3333333333333333,0.0,False,0.0,0.0533333333333333,1.1517917
173,0.2945776643990934,0.0,0.0,0.8915855958585936,1.7464353842388936,1,0.8915855958585936,0.8915855958585936,1,0,0.16,5.907179729351506,0,0.03125,0.0,0.5555555555555556,0.0,False,0.0,0.0266666666666666,-0.7090404
174,0.0445776643990933,0.0,0.0,0.8843108934201204,1.6854752972273344,2,0.8843108934201204,0.8843108934201204,1,0,0.16,5.969305287951849,0,0.03125,0.0,0.5555555555555556,0.0,False,0.0,0.0266666666666666,1.1701949
175,0.295208202108004,0.0,0.0,0.8168763388888841,1.6214297638624395,1,0.8168763388888841,0.8909504129629582,1,0,0.16,5.907179729351506,0,0.025,0.0,0.6363636363636364,0.0,False,0.0,0.02,-0.80426633
176,0.2971816203197672,0.0,0.0,0.646279694650699,1.4633131163503208,1,0.646279694650699,0.757560752884799,1,0,0.16,5.907179729351506,0,0.0178571428571428,0.0055096418732782,0.7333333333333333,0.0,True,0.0,0.0133333333333333,-0.5144205
177,-0.452818379680233,0.0,0.0,0.6828905749643449,1.5241695235278407,3,0.6828905749643449,0.7958276850706585,1,0,0.16,12.762247594051676,0,0.0178571428571428,0.0055096418732782,0.6666666666666666,0.0,True,0.0,0.0133333333333333,1.2397858
178,0.3041846437513626,0.0,0.0,0.8547339416166573,1.6826341844733412,2,0.8484676279285007,0.8793678569706804,2,0,0.32,18.359115864615585,0,0.03125,0.0055096418732782,0.625,0.0,True,0.0,0.0228571428571428,-0.23625444
179,-0.6233353372851016,0.2357022603955158,0.0,0.8913093082183967,1.70558726169826,4,0.852664446049636,0.8786589823021409,2,0,0.5422222222222224,18.545492540416618,2,0.0380434782608695,0.009080706050403,0.3333333333333333,0.0,True,0.0,0.0285380116959064,0.2699797
180,-0.7227001650240565,0.0,0.0,0.7615655413230972,1.8650842285606477,7,0.743470095879212,0.8038176281392253,5,0,0.8000000000000002,52.60925598969671,0,0.0520833333333333,0.0041322314049586,0.5714285714285714,0.0,True,0.0,0.0363636363636363,-0.49203768
181,-1.0933552624680725,0.2357022603955158,0.0,0.82623465712856,1.8086328717325544,8,0.7954935293342105,0.8388676497664778,6,0,1.2622222222222224,58.39250093606165,2,0.048076923076923,0.0073972043669013,0.4666666666666667,0.0,True,0.0,0.0350617283950617,-0.7981205
182,-1.2493950732605144,0.2480056452854308,0.0,0.8004916433698281,1.8086328717325544,8,0.7707083176586291,0.8202787410097916,6,0,1.4222222222222225,58.39250093606165,2,0.05625,0.0055567328294601,0.4666666666666667,0.0,True,0.0,0.0364672364672364,-0.87920415
183,-1.1124956592759636,0.2357022603955158,0.0,0.8409920395708121,1.8372417358680384,8,0.8076101089809203,0.8540829189099979,6,0,1.1022222222222224,58.39250093606165,2,0.0493421052631578,0.0100281312402524,0.4482758620689655,0.0,True,0.0,0.0314920634920634,-0.7752174
184,-1.2697411996296388,0.2480056452854308,0.0,0.8133384812353013,1.8372417358680384,8,0.7810542175928763,0.8341660003689647,6,0,1.2622222222222226,58.39250093606165,2,0.0576923076923077,0.0077188219480709,0.4482758620689655,0.0,True,0.0,0.0332163742690058,-0.84974855
185,0.0,0.0,0.0,0.7280175133855431,1.490468570732828,0,0.740699867103041,0.740699867103041,0,0,0.24,8.796736650091386,0,0.075,0.0,0.4285714285714285,0.0,False,0.0,0.06,1.259779
186,-1.7346267717859551,0.9971879438542404,7.881182202227102,0.7840519551812278,1.8027497403869208,6,0.7512738697833218,0.7921943327901325,5,0,2.061666666666667,62.80820510993942,6,0.0859885620915032,0.0100413845277112,0.2619047619047619,0.0,False,0.0,0.0327248677248677,0.90270835
187,-0.622577449189551,0.2357022603955158,0.0,0.8909478540072342,1.7841591278514215,4,0.8408765914931052,0.8751843969031775,2,0,0.5422222222222224,18.545492540416618,2,0.0416666666666666,0.0055096418732782,0.25,0.0,True,0.0,0.0318954248366013,0.25518426
188,-0.2224593726379433,0.1178511301977579,0.0,0.9592283955968044,1.764694686130739,3,0.9100453773101052,0.9100453773101052,1,0,0.5022222222222223,12.576187252464766,1,0.0367647058823529,0.0,0.2857142857142857,0.0357142857142857,True,0.0,0.0386324786324786,-1.3843517
189,-0.5364569516715973,0.3190355937288491,0.0,0.932068317636498,1.6894822670191825,4,0.8714977961412635,0.909608078626618,2,0,1.226666666666667,18.545492540416618,4,0.0333333333333333,0.0075672550420025,0.1904761904761904,0.0,True,10.772448428929591,0.0490666666666666,-0.27853346
190,-0.7071122816410509,0.2357022603955158,0.0,0.963649284669078,1.7841591278514215,4,0.90949220231325,0.90949220231325,2,0,0.6222222222222223,18.545492540416618,2,0.0416666666666666,0.0,0.25,0.0,True,0.0,0.0345679012345679,-0.47891635
191,-0.598741340360895,0.3190355937288491,0.0,0.8452150736067298,1.633935163144951,5,0.8023386067382953,0.8541972858023608,2,0,0.6844444444444446,31.759256469442448,4,0.0321428571428571,0.0085486903668721,0.3076923076923077,0.0,True,11.126902983393991,0.0228148148148148,-0.8169539
192,-0.8118551155667855,0.2357022603955158,0.0,0.9479099131401036,1.7397208106531798,5,0.9083558838760158,0.9083558838760158,2,0,0.6222222222222223,31.759256469442448,2,0.0364583333333333,0.0076668561517046,0.3684210526315789,0.0,True,0.0,0.0296296296296296,-0.33420372
193,0.0,0.2721655269759087,0.0,0.9467083407626374,1.7527152789797047,0,0.8987744735266903,0.8987744735266903,0,0,0.7244444444444447,0.0,1,0.0625,0.0,0.1666666666666666,0.0833333333333333,False,0.0,0.0658585858585858,0.36508593
194,0.0,0.1666666666666666,0.0,0.9467083407626374,1.633731420642133,0,0.8987744735266903,0.8987744735266903,0,0,0.5333333333333334,0.0,1,0.0432692307692307,0.0,0.1818181818181818,0.0454545454545454,False,0.0,0.0666666666666666,-0.04658673
195,0.0,0.1178511301977579,0.0,0.9504402287649184,1.6068322783181097,0,0.8805745296758872,0.8805745296758872,0,0,0.5733333333333335,0.0,2,0.0458333333333333,0.0,0.1666666666666666,0.0,False,0.0,0.0521212121212121,0.24776086
196,0.0,0.1666666666666666,0.0,0.9050844088127902,1.3566695198333112,0,0.8670557321436217,0.8670557321436217,0,0,0.5333333333333334,0.0,2,0.0432692307692307,0.0,0.1818181818181818,0.0,False,0.0,0.0666666666666666,-0.03488488
197,0.0,0.1178511301977579,0.0,0.9022630364981916,1.3250112108241772,0,0.8700189407738361,0.8700189407738361,0,0,0.5733333333333335,0.0,2,0.0458333333333333,0.0,0.25,0.0,False,0.0,0.0521212121212121,0.6212859
198,0.0,0.1666666666666666,0.0,0.9467083407626374,1.633731420642133,0,0.8987744735266903,0.8987744735266903,0,0,0.5333333333333334,0.0,1,0.0432692307692307,0.0,0.1818181818181818,0.0454545454545454,False,0.0,0.0666666666666666,0.121281765
199,0.0,0.0,0.0,0.9467083407626374,1.3921472236645345,0,0.8987744735266903,0.8987744735266903,0,0,0.3422222222222223,0.0,1,0.025,0.0,0.2,0.0,False,0.0,0.057037037037037,0.10105095
200,0.0,1.0391943274084845,0.0,0.7995479803590559,1.4441262659337386,0,0.7696526263211605,0.8155993859355914,0,5,2.297777777777778,19.033151775582663,5,0.0670289855072463,0.0114557471459828,0.0789473684210526,0.0,True,0.0,0.0337908496732026,2.5023122
201,0.0,1.1840317135270717,0.0,0.825676911279222,1.5401797500584626,0,0.786281886910556,0.7935772741690207,0,4,3.6266666666666674,19.033151775582663,5,0.05625,0.011777223898436,0.032258064516129,0.0,True,0.0,0.0684276729559748,3.35164
202,0.0,1.2654195771444368,8.094683648698815,0.7816206746142537,1.4814525526116016,0,0.7509683488979458,0.7864203247377441,0,1,3.333333333333334,19.033151775582663,5,0.0839947089947089,0.0082551873185481,0.0294117647058823,0.0,True,0.0,0.053763440860215,2.9384909
203,0.0,0.7415816237971964,0.0,0.8786080663533743,1.5353658743449792,0,0.8202412400640985,0.8277964230101834,0,4,3.288888888888889,19.033151775582663,7,0.0430327868852459,0.0119035472570826,0.0294117647058823,0.0,True,0.0,0.0576998050682261,3.301196
204,0.0,0.7721655269759087,7.75833346749091,0.8410344037964657,1.55499063467752,0,0.7935775575033183,0.8601115704902416,0,2,3.821111111111112,38.066303551165326,10,0.0424174174174174,0.0082404556557854,0.0454545454545454,0.0,False,21.544896857859182,0.0561928104575163,2.8388855
205,0.0,1.4638008806470058,0.0,0.7852871403731885,1.4018121534954444,0,0.7469181029821513,0.7511280176750245,0,5,5.422222222222222,18.61627290242681,11,0.0453296703296703,0.0105938362084731,0.0208333333333333,0.0,False,10.772448428929591,0.0645502645502645,3.361728
206,0.0,0.0,0.0,0.8710490642551527,1.9182958340544891,1,0.9697238998682473,0.9697238998682473,0,0,0.0,7.109797541277533,0,0.0,0.0,0.3333333333333333,0.0,False,0.0,0.0,0.37425914
207,-0.7060687938967807,0.0,0.0,0.8381440884711661,1.8119217115597808,4,0.8155707822215992,0.8313204551225373,2,0,0.6622222222222225,37.36976901592673,0,0.0336538461538461,0.0061947031644001,0.4166666666666667,0.0,True,0.0,0.0287922705314009,-0.67916435
208,-0.903234487926044,0.0,0.0,0.8866023551132431,1.772396072422482,4,0.8371460352897082,0.8505300495945223,2,0,1.5066666666666668,24.28025620410157,2,0.0365853658536585,0.003954698500153,0.2121212121212121,0.032258064516129,True,0.0,0.0407207207207207,-0.1493479
209,0.0,0.0,0.0,0.6339833333166619,1.610577243331642,0,0.6523007394965068,0.6523007394965068,0,0,0.0,8.796736650091386,0,0.0,0.0,0.2,0.0,False,0.0,0.0,2.0096931
210,0.0,0.1178511301977579,0.0,0.8401250222879124,1.633731420642133,0,0.7975876963280446,0.8987744735266903,0,0,0.5733333333333335,0.0,2,0.0491071428571428,0.0,0.1818181818181818,0.0454545454545454,False,0.0,0.0637037037037037,-0.004364805
211,0.0,0.0,0.0,0.706895874194506,1.3921472236645345,0,0.6711042248297373,0.6711042248297373,0,0,0.3822222222222223,0.0,2,0.0227272727272727,0.0,0.2,0.0,False,0.0,0.0637037037037037,0.39794
212,0.0,0.0,0.0,0.7510527726515923,1.9416823878601936,2,0.6983809711599993,0.7640753132420126,0,0,0.7822222222222223,0.0,0,0.0543478260869565,0.0,0.2105263157894736,0.0555555555555555,True,0.0,0.0372486772486772,0.66745293
213,0.0,0.0,0.0,0.6376562727099161,1.895146783327743,1,0.6291289747591652,0.6889078715349575,1,0,1.5200000000000005,36.93268052172735,0,0.0821428571428571,0.0,0.5217391304347826,0.0,True,0.0,0.0330434782608695,1.0710702
214,0.0,0.0,0.0,0.626484715302183,1.7682276056242228,1,0.620250198231988,0.6644781133386745,1,0,1.6800000000000002,36.93268052172735,0,0.071875,0.0025429116338207,0.6071428571428571,0.0,True,0.0,0.0329411764705882,1.4073737
215,0.0,0.0,0.0,0.6233179157858358,1.6705153824634809,1,0.618420132905895,0.6532107261514213,1,0,1.6800000000000002,36.93268052172735,0,0.0638888888888888,0.0041322314049586,0.6666666666666666,0.0,False,0.0,0.03,1.7233974
216,0.0,0.0,0.0,0.5995644647076924,1.5323941452664678,1,0.5962941140623511,0.6458700227354122,1,0,1.6800000000000004,36.93268052172735,0,0.0522727272727272,0.0034267284821608,0.7441860465116279,0.0,False,0.0,0.0254545454545454,1.7595605
217,0.0,0.0,0.0,0.5751035915536721,1.4819314943064883,1,0.5723958522866018,0.6454406809645836,1,0,1.6800000000000002,36.93268052172735,0,0.0479166666666666,0.0036537625054371,0.7708333333333334,0.0,False,0.0,0.0236619718309859,1.7406
218,0.5450925925925929,0.1666666666666666,0.0,0.7884859367972993,1.7464353842388936,1,0.7884859367972993,0.7884859367972993,1,0,0.4800000000000001,12.328001352277516,0,0.075,0.0,0.4444444444444444,0.0,False,0.0,0.0533333333333333,1.5653528
219,-0.5206018518518516,0.1666666666666666,0.0,0.9467083407626374,2.0579243108310066,3,0.9293244215506592,0.9293244215506592,2,0,0.32,23.403834035070076,0,0.0568181818181818,0.0,0.5,0.0,False,0.0,0.0355555555555555,-1.0844736
220,0.1300028344671209,0.1666666666666666,0.0,0.9050844088127902,1.97355611232775,3,0.8914629392004517,0.8914629392004517,2,0,0.32,25.4071041815069,0,0.048076923076923,0.0,0.4545454545454545,0.0,False,0.0,0.032,0.565432
221,0.1261226251035057,0.1666666666666666,0.0,0.929972121980486,1.7967719927529546,3,0.8911665941368658,0.9208350066900336,2,0,0.5511111111111112,18.297306640229365,1,0.0327380952380952,0.0072314049586776,0.3888888888888889,0.0,True,0.0,0.0324183006535947,0.3305261
222,0.0763742356008081,0.1666666666666666,0.0,0.9284197430758898,1.7695943615050294,3,0.8988246603066086,0.9211566906130156,2,0,0.5511111111111112,24.965997829128508,1,0.0338541666666666,0.0053667993061932,0.4285714285714285,0.0,True,0.0,0.0275555555555555,-0.34122738
223,0.5640291950113381,0.1666666666666666,0.0,0.890135379039098,1.853568158165228,1,0.890135379039098,0.890135379039098,1,0,0.24,24.336624142535708,0,0.0520833333333333,0.0,0.6363636363636364,0.0,False,0.0,0.024,0.34949955
224,0.0,0.0,0.0,1.0000000000000004,1.7273966735744792,0,0.9314714457178894,0.9314714457178894,0,0,0.3422222222222223,0.0,0,0.0277777777777777,0.0,0.1111111111111111,0.0555555555555555,False,0.0,0.0855555555555555,0.38208807
225,0.0,0.0833333333333333,0.0,0.9366510388806776,1.8753156176197316,1,0.8892263943402581,0.8892263943402581,0,0,0.6533333333333335,7.109797541277533,0,0.0491071428571428,0.0,0.1818181818181818,0.0909090909090909,False,0.0,0.0653333333333333,0.79169065
226,0.0,0.0833333333333333,0.0,0.9267672896410716,1.7956828983511028,1,0.8878275694755772,0.8878275694755772,0,0,0.6533333333333335,6.606881964512918,0,0.0458333333333333,0.0,0.25,0.0833333333333333,False,0.0,0.0544444444444444,0.98811287
227,0.0694444444444448,0.2357022603955158,0.0,0.8750481154569111,1.9362600275315276,2,0.8750481154569111,0.8750481154569111,1,0,0.0,5.969305287951849,0,0.0416666666666666,0.0,0.1666666666666666,0.0,False,0.0,0.0,0.4486127
228,0.4699537037037038,0.0,0.0,0.8732737098805868,1.8423709931771084,2,0.8732737098805868,0.8732737098805868,1,0,0.16,12.390126910877855,0,0.0833333333333333,0.0,0.4285714285714285,0.0,False,0.0,0.032,0.22905618
229,0.0534665532879818,0.8796528112548947,0.0,0.606112844141439,1.6435270140593634,3,0.5997964107986723,0.5997964107986723,1,0,1.0222222222222224,18.68015364021307,0,0.1624999999999999,0.0,0.1428571428571428,0.0,True,0.0,0.0538011695906432,1.8750613
230,0.0,0.3938026764748812,0.0,0.9615539600943472,1.813183850507562,5,0.9615539600943472,0.9807769800471736,0,1,1.115555555555556,52.94921166454116,0,0.0684523809523809,0.0,0.1538461538461538,0.0,False,0.0,0.0697222222222222,-2.2368853
231,-1.3638854770303177,0.2753775377200259,0.0,0.7891944766987268,1.7474130395316414,8,0.7730462353244482,0.809933540914437,3,1,1.995555555555556,55.53754534387459,0,0.052734375,0.0,0.2272727272727272,0.0,False,0.0,0.0554320987654321,0.78648835
232,0.0,0.2753775377200259,0.0,0.7966917186688699,1.683157328518199,5,0.7966917186688699,0.8608458593344348,0,1,1.435555555555556,58.95902210385164,0,0.0649038461538461,0.0,0.3125,0.0,True,0.0,0.0552136752136752,0.96907616
233,0.0,0.2753775377200259,0.0,0.7596554861115126,1.583486490151956,5,0.7596554861115126,0.8063853399503029,0,1,1.515555555555556,57.450275373557794,0,0.0581896551724137,0.0,0.4210526315789473,0.0,True,0.0,0.0488888888888888,1.6127839
234,-1.492625556395397,0.2983894022963089,0.0,0.7769718920890912,1.776233967978774,8,0.7594062075985293,0.8002918714294374,3,1,1.995555555555556,42.69590209802257,0,0.0584677419354838,0.0,0.1904761904761904,0.0,True,0.0,0.057015873015873,1.0501853
235,0.0,0.2983894022963089,0.0,0.745292998299391,1.6136656666753135,5,0.745292998299391,0.7967652598440199,0,1,1.515555555555556,44.60863212770578,0,0.0602678571428571,0.0,0.3888888888888889,0.0,True,0.0,0.0522605363984674,1.6697192
236,0.0,0.0,0.0,0.5929809818837098,1.9591479170272448,1,0.6144982234195134,0.6144982234195134,0,0,0.0,9.040257602257809,0,0.0,0.0,0.2,0.0,False,0.0,0.0,2.5195
237,0.0,0.2471938745990654,0.0,0.8227268557863091,1.4056607849761658,1,0.760181426029589,0.8351685583797193,0,0,1.2666666666666668,0.0,4,0.0416666666666666,0.0,0.1304347826086956,0.0238095238095238,True,22.253805966787983,0.0383838383838383,1.4239644
238,-0.3318238803272815,1.4824705059093168,0.0,0.8382809993877665,1.635951944644828,4,0.8063179889254432,0.8227897396242282,2,1,4.635555555555555,12.255465811081404,5,0.0609375,0.0088617139614922,0.1304347826086956,0.0697674418604651,False,0.0,0.0545359477124183,1.7510328
239,0.0,1.691632388298685,8.127109185346375,0.8006545935795447,1.6304423781291395,4,0.7427319500411808,0.7701214786924344,0,1,5.208888888888889,0.0,14,0.0582561728395061,0.0088512510061331,0.037037037037037,0.0212765957446808,False,22.253805966787983,0.0456920077972709,3.3616047
240,0.0,2.579703575756384,8.127109185346375,0.6891099501219644,1.5182666588963805,4,0.6536788844473882,0.6710229379631444,0,3,7.342222222222222,0.0,14,0.0610119047619047,0.0104497067398812,0.0294117647058823,0.0169491525423728,False,22.253805966787983,0.0502891933028919,3.1224008
241,0.0,2.2243244587497903,8.127109185346375,0.7498619368751858,1.591558343025782,4,0.704020314572543,0.7191025486848295,0,1,5.032222222222223,0.0,12,0.060672514619883,0.0079298718658609,0.0344827586206896,0.0196078431372549,False,22.253805966787983,0.041247723132969,3.2881591
242,0.0,1.3582990549653515,8.127109185346375,0.8631475970672198,1.6434438032502008,4,0.7945284146993606,0.8148836360462662,0,1,4.792222222222222,0.0,12,0.0604575163398692,0.0086617221162675,0.0384615384615384,0.0222222222222222,False,22.253805966787983,0.0435656565656565,3.2264373
243,0.0,1.5249657216320185,8.127109185346375,0.8963173869733512,1.6434438032502008,4,0.825061246719719,0.8454164680666248,0,1,4.809444444444445,0.0,12,0.0598705501618122,0.0083336865155046,0.0384615384615384,0.0222222222222222,False,22.253805966787983,0.0437222222222222,3.1992452
244,0.0,1.3582990549653515,8.127109185346375,0.8804936684197647,1.6452768781158806,4,0.8029291892236281,0.8373435394184351,0,1,4.41,0.0,10,0.0616496598639455,0.0081375102239483,0.04,0.0232558139534883,False,22.253805966787983,0.0416037735849056,3.190328
245,0.0,0.1924500897298752,0.0,0.8078347747194917,1.6163485660751646,1,0.7695203916807803,0.840334230907383,0,0,0.5644444444444445,0.0,2,0.0833333333333333,0.0,0.0909090909090909,0.0454545454545454,False,0.0,0.0513131313131313,1.8580124
246,-0.6922580992273442,1.5100492821417186,0.0,0.8119480917077241,1.7496990604343905,9,0.7636993585039422,0.8391473058506059,5,0,3.631111111111112,31.72433866240354,8,0.0592105263157894,0.005928894083164,0.1777777777777777,0.0238095238095238,False,11.126902983393991,0.0484148148148148,0.8884214
247,-0.0361067348269035,1.0069086473878968,0.0,0.6991970518395418,1.4843559791259084,3,0.6717714070252903,0.7600963553376704,1,0,2.4888888888888894,6.472220864716464,6,0.0681818181818181,0.0112604465221545,0.1538461538461538,0.04,True,0.0,0.0592592592592592,1.5342977
248,-0.2004276976031946,1.2914264442523211,0.0,0.7622153669487347,1.4658058420723152,4,0.7267253539467002,0.8036430265400465,2,0,2.791111111111112,12.255465811081404,8,0.059322033898305,0.0058618113359071,0.1714285714285714,0.0303030303030303,False,0.0,0.0516872427983539,1.50515
249,-0.2773679848842474,1.2914264442523211,0.0,0.7737402222902203,1.4658058420723152,4,0.7377135928886068,0.8036430265400465,2,0,2.871111111111112,12.255465811081404,8,0.059322033898305,0.008423630241812,0.1714285714285714,0.0303030303030303,False,0.0,0.0522020202020202,1.4913617
250,-0.2342420009272203,1.4824705059093168,0.0,0.7813371368970964,1.3513944642589326,4,0.7560755673317318,0.7975074247727493,2,1,4.635555555555555,12.255465811081404,9,0.0609375,0.0088617139614922,0.1304347826086956,0.0232558139534883,False,0.0,0.0545359477124183,2.0074465
251,-0.1656568952047363,1.455692870861236,0.0,0.8219639210644929,1.382902448178046,4,0.7919559725322437,0.846983327433205,2,1,3.204444444444445,12.255465811081404,8,0.0573630136986301,0.0067643987695567,0.1627906976744186,0.025,False,0.0,0.0471241830065359,2.1702616
252,-0.907453939029967,3.061001044257268,7.901377353792616,0.7588575309893604,1.6057848060815438,8,0.7174188076807719,0.74726566067692,4,3,9.414444444444444,16.381459106494365,14,0.0631076388888888,0.0088708635173281,0.0789473684210526,0.0303030303030303,False,38.79191527018213,0.054735142118863,3.1562612
253,0.0,1.288466008634729,0.0,0.7760498789936372,1.7859867513206933,6,0.7301250118017932,0.7613318889655167,0,3,5.413333333333334,5.7871111525705965,4,0.0667613636363636,0.0083398765875709,0.0434782608695652,0.024390243902439,False,0.0,0.0601481481481481,2.585863
254,0.0,2.472813719760212,0.0,0.749617299931266,1.5809172530941389,4,0.7055233660587298,0.7055233660587298,0,5,7.973333333333334,0.0,12,0.056547619047619,0.0094823150915994,0.0333333333333333,0.0192307692307692,False,10.772448428929591,0.0643010752688172,3.6934536
255,0.0,1.5642494316979376,8.094683648698815,0.7550404962380136,1.7246767653542676,4,0.7087577817336587,0.7520313859831335,0,1,4.64,0.0,6,0.0746124031007751,0.0094914027237259,0.0454545454545454,0.0256410256410256,True,0.0,0.0533333333333333,3.1513274
256,0.0,1.5642494316979376,8.094683648698815,0.7514453826177059,1.6856804340948992,4,0.7189972492476373,0.7566646972220527,0,1,4.64,0.0,6,0.0746124031007751,0.0094914027237259,0.0909090909090909,0.0256410256410256,False,0.0,0.0533333333333333,2.9955559
257,0.0,2.675340293979631,8.787678239039497,0.7157460651834929,1.554278655916765,4,0.6788675809677294,0.7348136156056245,0,1,7.680000000000001,19.935914083788838,8,0.0701901565995525,0.0083485878791879,0.0256410256410256,0.0151515151515151,False,44.133605740930086,0.0526027397260274,2.6434526
258,-0.6429743178708225,2.6142141408709114,8.695674048824253,0.762509984643848,1.6392636042410225,8,0.7224598457675281,0.7786993963063215,4,0,7.3788888888888895,16.381459106494365,12,0.0734702093397745,0.0086844612278728,0.0571428571428571,0.0327868852459016,False,38.79191527018212,0.0530855315747402,2.4149733
259,-0.5470505440521098,2.661026259375613,8.695674048824253,0.7942994768352764,1.563957159690912,8,0.7484058679861078,0.7899737225877649,4,0,8.26777777777778,16.381459106494365,16,0.0668029993183367,0.0079104093950229,0.0588235294117647,0.0273972602739726,False,71.46371511143529,0.048921761998685,2.8195438
260,-1.4104331079167602,3.777289690145701,8.695674048824253,0.8040752508041565,1.8357027917212487,8,0.7601673359760379,0.7954408895169405,4,0,7.956666666666668,28.734056141381316,10,0.0854899930986887,0.0078673805449761,0.073170731707317,0.0277777777777777,False,38.79191527018212,0.0462596899224806,2.2787535
261,0.0,1.7912942208568985,8.183955717304954,0.821778263460307,1.6725888313728627,4,0.7784529323821413,0.8242209886769924,0,1,5.255000000000001,0.0,6,0.0728458049886621,0.0086110966728462,0.0851063829787234,0.0238095238095238,False,0.0,0.053080808080808,2.9444826
262,0.0,0.0,0.0,1.0000000000000002,1.7381493331928664,1,0.9251099295352732,0.9251099295352732,0,0,0.3422222222222223,0.0,0,0.0277777777777777,0.0,0.1111111111111111,0.0555555555555555,False,0.0,0.0855555555555555,1.8942145
263,0.0,1.1571348402636772,0.0,0.7520720601605787,1.7018426023909723,4,0.697330448091342,0.7359510411264346,0,1,6.773333333333335,0.0,14,0.0393700787401574,0.0088105144221867,0.1111111111111111,0.046875,False,66.76141790036395,0.0490821256038647,2.3494623
264,0.0,1.1571348402636772,0.0,0.7423619988188885,1.5987286993166216,4,0.6820328629785767,0.7268939582181196,0,1,6.933333333333335,0.0,18,0.037037037037037,0.0075425203983514,0.1052631578947368,0.0147058823529411,False,66.76141790036395,0.0474885844748858,2.4479277
265,0.0,1.1571348402636772,0.0,0.7222654179940474,1.4949377857546078,4,0.6761273515937178,0.7093696955698524,0,1,6.773333333333335,0.0,18,0.0393700787401574,0.0088105144221867,0.1111111111111111,0.015625,False,66.76141790036395,0.0490821256038647,2.5913591
266,0.0,1.1571348402636772,0.0,0.717657424803649,1.5145875202787882,4,0.6654207756468905,0.7359510411264347,0,1,6.00888888888889,0.0,14,0.0399159663865546,0.00700365851881,0.1176470588235294,0.0166666666666666,False,66.76141790036395,0.0448424543946932,2.6393178
267,0.8058564287842885,0.2222222222222222,0.0,0.8913093082183967,1.8616157143988104,3,0.8274786063900829,0.8779320355945816,1,0,1.3244444444444443,6.472220864716464,3,0.0546875,0.0082498870377658,0.1739130434782608,0.0454545454545454,True,5.573104530069267,0.0413888888888888,1.1139433
268,-0.0351570868318011,1.0302567583920093,0.0,0.7215581226337323,1.4435088359999462,3,0.6968825787669023,0.7223336125313551,1,0,2.106666666666668,6.472220864716464,4,0.0597826086956521,0.0072861712790411,0.2142857142857142,0.037037037037037,False,0.0,0.0457971014492753,1.0478096
269,-0.0441852472235977,0.8577107283236621,0.0,0.7859436003784067,1.531401088664749,3,0.7499468055570793,0.7846987262505446,1,0,1.786666666666667,6.472220864716464,4,0.0592105263157894,0.0100896733893366,0.1666666666666666,0.0434782608695652,True,0.0,0.0525490196078431,0.5103256
270,-0.0316270898927133,0.7886751345948129,0.0,0.781589250352647,1.4843559791259084,3,0.7509318139197944,0.7803734633572544,1,0,1.946666666666667,6.472220864716464,4,0.0535714285714285,0.008944665510322,0.2307692307692307,0.04,True,0.0,0.0486666666666666,0.75167704
271,-0.0522637596202919,0.6220084679281461,0.0,0.8244824310018039,1.5847728337743971,3,0.7793581629872436,0.8214813248498052,1,0,1.0844444444444448,6.472220864716464,2,0.0546875,0.0082498870377658,0.1818181818181818,0.0476190476190476,True,0.0,0.0387301587301587,1.2596583
272,-0.5082304803629554,1.7649998788039971,0.0,0.8437954096206869,1.7336287534602095,6,0.798652527794428,0.8383612125147133,4,0,2.4088888888888897,35.01647632673785,2,0.0557432432432432,0.0086417380286302,0.1777777777777777,0.0476190476190476,False,0.0,0.0364983164983165,0.7817554
273,-0.0311116875528159,0.6157420880884381,0.0,0.7792357939474099,1.4435088359999462,3,0.7525878131222896,0.7780388468867427,1,0,1.8666666666666671,6.472220864716464,4,0.0516304347826086,0.00698515850031,0.2857142857142857,0.037037037037037,False,0.0,0.0380952380952381,0.96731186
274,-0.0310650086425006,0.3800398276929222,0.0,0.7709153362102641,1.4080548224512182,3,0.747601890083902,0.792307207161098,1,0,1.1644444444444446,6.472220864716464,2,0.0426136363636363,0.0078461381491684,0.4,0.0344827586206896,False,0.0,0.0247754137115839,1.2702132
275,-0.0227783542194823,0.6157420880884381,0.0,0.7873025482814672,1.478690646751615,3,0.7538381828212565,0.802091046365741,1,1,1.5288888888888894,6.472220864716464,4,0.0472222222222222,0.0104998562298837,0.1428571428571428,0.0384615384615384,True,0.0,0.0347474747474747,0.17668708
276,-0.1797020273718739,0.9002598849528627,0.0,0.8278294673511787,1.4599344207871634,4,0.7874925226963184,0.8344901513476273,2,1,1.9111111111111116,12.255465811081404,6,0.04375,0.004504796974953,0.1621621621621621,0.0294117647058823,False,0.0,0.0341269841269841,0.7164477
277,0.0,2.388828142400637,8.51097389160232,0.8121805083044202,1.5402195093092514,4,0.7620052277769305,0.8134478980306681,0,1,7.077777777777779,19.935914083788838,10,0.0616987179487179,0.0073890601542116,0.0481927710843373,0.0142857142857142,False,55.26050872432408,0.0447960618846694,2.230449
278,0.0402754395809956,0.1924500897298752,0.0,0.905920755354596,1.5453399940466048,3,0.8385987124942146,0.9256866094937516,1,0,1.186666666666667,5.783244946364939,2,0.0357142857142857,0.0047079744049441,0.1923076923076923,0.0416666666666666,True,0.0,0.0423809523809523,2.1887362
279,0.0,2.0565939411828977,0.0,0.6908382856410753,1.4125343852499448,4,0.6658693294592424,0.7333204680842949,2,0,3.8533333333333344,8.417796984328938,6,0.0552325581395348,0.0046569592024137,0.2244897959183673,0.0217391304347826,False,0.0,0.0448062015503876,2.0413928
280,0.0,1.7086325525620762,0.0,0.7909654470336053,1.517068672276094,4,0.7512371792430463,0.8476031311685381,2,0,3.213333333333334,8.417796984328938,6,0.0571428571428571,0.0076432776967536,0.1707317073170731,0.0263157894736842,False,0.0,0.0518279569892473,1.5843313
281,0.0,1.872898979170991,0.0,0.8300123485153841,1.4326150215089102,4,0.7964741009649874,0.8649509110150235,2,1,3.6266666666666674,8.417796984328938,6,0.0558035714285714,0.0073421079481685,0.1632653061224489,0.0222222222222222,False,0.0,0.047719298245614,1.6839471
282,0.0,1.2440169358562922,0.0,0.8554187176688673,1.5843288833355649,4,0.8025623429581268,0.8646163028763004,2,0,1.8088888888888892,8.417796984328938,2,0.0517241379310344,0.0045585727403909,0.1891891891891892,0.0294117647058823,False,0.0,0.0361777777777777,1.0938379
283,-0.0240704239493467,0.9626701469898156,8.094683648698815,0.7418604679769376,1.4724674212130748,3,0.7080713953844079,0.7358251286557406,1,0,2.232222222222223,6.472220864716464,4,0.094551282051282,0.0115498418528721,0.0666666666666666,0.037037037037037,True,0.0,0.0421174004192872,1.4935312
284,-0.813696088378697,2.3483547619718186,8.689632748355741,0.7558892931200325,1.5418199492548963,4,0.7183207770120769,0.8078255010980904,4,0,4.435555555555556,28.945507521412356,12,0.0885241301907968,0.011242465810367,0.0204081632653061,0.0,False,0.0,0.0466900584795321,2.833259
285,-1.0554998640490656,2.838753463785876,7.887959336599945,0.7685444621537749,1.432627080296912,4,0.7227915366866954,0.7772106731559416,4,3,7.520000000000001,28.945507521412356,18,0.0648782343987823,0.0078136219172752,0.0571428571428571,0.0,False,32.671799841253176,0.0475949367088607,2.9573567
286,-0.9704448543908823,2.3105786967821524,7.887959336599945,0.7947139932835561,1.4865555523217835,4,0.7436158811120923,0.801051856494721,4,3,5.777777777777779,28.945507521412356,16,0.0627869605142332,0.0083693862289949,0.0327868852459016,0.0,False,32.671799841253176,0.0498084291187739,3.1258678
287,-1.0879072714564737,2.606495254732944,7.887959336599945,0.7963855251296115,1.4578354767617367,4,0.7422653370957222,0.8055244672775271,4,3,6.5600000000000005,28.945507521412356,18,0.0650912106135986,0.0080976262794444,0.0303030303030303,0.0,False,32.671799841253176,0.048955223880597,3.0141525
288,-0.9350778238293344,2.391966560399517,8.689632748355741,0.796475127090783,1.4618278700803204,4,0.7504529703175802,0.826821999212855,4,0,5.484444444444446,28.945507521412356,16,0.0767249103942652,0.0095270297525406,0.03125,0.0,False,32.671799841253176,0.0438755555555555,2.7274225
289,0.0,1.2028514353585045,7.887959336599945,0.8033804393991784,1.8051413787575816,4,0.7448879326761171,0.8270438193813484,4,0,2.3600000000000003,9.551078168738565,7,0.0809771825396825,0.0099734720946842,0.0333333333333333,0.074074074074074,True,27.232283132542747,0.0481632653061224,2.117555
290,-1.1391281015092578,1.2028514353585045,7.887959336599945,0.8271596188622682,1.6761730338896517,6,0.7716282040866196,0.839353680417534,4,0,3.0444444444444456,28.945507521412356,7,0.069355413105413,0.0074372995585116,0.108695652173913,0.024390243902439,False,0.0,0.044122383252818,1.4363246
291,0.0,3.98502004079782,8.689632748355741,0.8107829605503116,1.7512671301905287,8,0.7670996981271495,0.816381765652812,4,0,7.653333333333334,21.90367520362551,12,0.0816395663956639,0.0101243268168332,0.036144578313253,0.0277777777777777,False,71.89644426568069,0.0450196078431372,2.20412
292,-2.920383789475374,3.866215401797912,7.887959336599945,0.8172293344792554,1.838126598708548,6,0.7657097880879121,0.799575839686558,4,3,6.631111111111112,51.51115934598072,12,0.0840378421900161,0.0097272387171377,0.0461538461538461,0.0175438596491228,False,0.0,0.0451095993953136,1.9044429
293,0.0,0.1178511301977579,6.762729506931879,0.853913375925921,1.4762856555827246,0,0.8357920797122742,0.8662879067434499,0,0,0.285,0.0,1,0.0801282051282051,0.0,0.3846153846153846,0.0,True,0.0,0.0285,1.8779806
294,0.0,1.992790383709507,0.0,0.7467737522850652,1.5745026554217976,2,0.7005796154678976,0.7005796154678976,0,4,6.177777777777779,9.967957041894415,6,0.0544554455445544,0.0095021359843494,0.0408163265306122,0.0,False,11.033401435232523,0.0582809224318658,2.3965728
295,0.0,2.986349491166349,8.689632748355741,0.8224467385787019,1.7807688896439655,8,0.7739903018879006,0.8170075291889055,4,0,7.44888888888889,9.551078168738565,12,0.0725925925925926,0.0090178358865227,0.025,0.0289855072463768,False,83.02334724907466,0.0499925428784489,2.3117537
296,-0.3581091650109405,2.556182537496973,8.37539918579835,0.86312877852429,1.7091937930018353,7,0.8080120438519587,0.8565685534967711,5,0,6.696666666666668,15.458257898090068,14,0.0628494060097833,0.0083583579906812,0.1098901098901098,0.0375,False,49.48608909933073,0.0405858585858585,1.8584777
297,-3.173456835433416,2.748632627226848,8.37539918579835,0.8571260631566425,1.6817632882424454,8,0.8030738159194691,0.8642942038098438,6,0,7.078888888888891,40.6359321971288,16,0.0624600893997445,0.0082412404510579,0.12,0.0113636363636363,False,22.253805966787983,0.0395468653010552,1.5959421
298,-4.774216332104888,4.161043391596783,8.37539918579835,0.8495576626178934,1.750396074068119,7,0.7996748157247006,0.8552196913687998,5,0,8.278888888888892,47.205284285650805,16,0.0739441609977324,0.0081763395926768,0.1121495327102803,0.0105263157894736,False,22.253805966787983,0.0383281893004115,2.0159638
299,-2.36125766309532,2.556182537496973,8.37539918579835,0.8573203525679627,1.6883744536144183,8,0.8037331587118254,0.8640994988959732,5,0,6.998888888888891,34.85268725076386,14,0.0624591503267973,0.008217096694815,0.1212121212121212,0.0172413793103448,False,22.253805966787983,0.0399936507936508,1.509978
300,-4.296864722721629,4.390614208376759,8.689632748355741,0.8098944142681497,1.7305472849719417,6,0.7684730599482956,0.8074598767565777,4,0,7.3255555555555585,41.2981045562993,16,0.0829559178743961,0.0093826431705219,0.0909090909090909,0.0113636363636363,False,22.253805966787983,0.037375283446712,2.629618
301,-1.943654216296836,2.785753354276948,8.689632748355741,0.8136728953080035,1.66674367857983,7,0.7692561803434906,0.8128840624266892,4,0,6.045555555555557,28.945507521412356,14,0.0720815752461322,0.0095372987384006,0.0989010989010989,0.01875,False,22.253805966787983,0.0390035842293906,2.2738419
302,-1.682635822314433,3.4077618222050936,8.689632748355741,0.807976982104948,1.5967234100830057,8,0.7668517034441676,0.8095043438659052,4,0,6.970000000000002,28.945507521412356,16,0.0685579196217494,0.0090068085233219,0.1192660550458715,0.0208333333333333,False,22.253805966787983,0.038087431693989,2.2268884
303,-1.6081232153355156,1.1712001829483536,0.0,0.8316407314190501,1.712935039619369,4,0.7978829669424462,0.804682631593923,2,0,2.2622222222222224,25.152374504929536,1,0.0725,0.0082542597694112,0.3571428571428571,0.0,True,0.0,0.0403968253968254,1.6586686
304,-2.451531897745189,1.0671608896316762,7.887959336599945,0.8777907032040732,1.728707842226376,7,0.8142804120550975,0.874826298432339,6,0,3.2533333333333347,40.75986698011536,6,0.058588761174968,0.0068249065494244,0.1272727272727272,0.0306122448979591,False,0.0,0.0428070175438596,0.74272513
305,0.0,0.4666099714203531,0.0,0.8943865666187867,1.416361954434675,2,0.830576720017683,0.8963189526491324,0,0,3.022222222222223,9.967957041894415,7,0.0304878048780487,0.0062175759145456,0.1272727272727272,0.0208333333333333,False,55.31703531749555,0.0387464387464387,1.0407109
306,-4.338689111206076,3.511277394720274,7.887959336599945,0.8128204208524147,1.7918408776349417,6,0.7642481660473375,0.8085662041414422,4,0,5.857777777777779,41.2981045562993,14,0.0711360398860398,0.0083776908375838,0.1136363636363636,0.0126582278481012,False,33.380708950181976,0.0359372869802317,2.258896
307,-4.373017622573792,3.4279440613869405,7.887959336599945,0.839845862222173,1.83844771362182,6,0.7893220120504362,0.8297080948405589,4,0,5.715555555555557,41.2981045562993,12,0.0748084291187739,0.0080898713221945,0.1111111111111111,0.0136986301369863,False,22.253805966787983,0.037356572258533,2.2963474
308,-4.381840603731041,3.4279440613869405,8.132412674500905,0.852272490752702,1.918869670989908,6,0.8006409127522888,0.8372338474969933,4,0,5.913333333333335,41.2981045562993,10,0.075508607198748,0.0087494722968729,0.1125,0.0138888888888888,False,20.881197370796592,0.0389035087719298,1.8190271
309,-1.3301764206926712,1.7014727424497378,7.887959336599945,0.8414930049368883,1.5080755669522956,8,0.792144470116315,0.8532861120215226,4,0,4.417777777777779,28.945507521412356,10,0.0622795414462081,0.0071195033595739,0.1538461538461538,0.0289855072463768,False,11.126902983393991,0.0380842911877394,0.15266278
310,-4.404875067199915,3.4279440613869405,7.887959336599945,0.871836225972274,1.8816401362087416,6,0.8188308046008568,0.8634021740081567,4,0,5.795555555555557,46.28208307724651,10,0.0748084291187739,0.0084613544039663,0.1111111111111111,0.0136986301369863,False,22.514758973090917,0.0376334776334776,1.7996742
311,0.0,0.8314586292361601,7.887959336599945,0.9180550389682688,1.7737369550246451,5,0.8396284690007035,0.8812643908699033,4,0,2.0088888888888894,9.551078168738565,4,0.0696881091617933,0.0073124341053633,0.0857142857142857,0.0806451612903225,True,27.232283132542747,0.0418518518518518,0.39508823
312,-0.3259450298066157,0.7805958655852391,7.221835825288449,0.8680781178484345,1.4650037904249682,5,0.8065435354437959,0.8714398128269292,2,0,2.1788888888888893,11.75255023431679,5,0.0531045751633986,0.0043923840523988,0.1555555555555555,0.025,False,0.0,0.0363148148148148,0.6607992
313,-1.283174830406561,0.9147919625694936,7.887959336599945,0.903212545825712,1.6818655929351,5,0.8303837944433174,0.8875872736408901,4,0,2.231111111111112,28.945507521412356,6,0.0639297385620915,0.0081576369758187,0.0952380952380952,0.0135135135135135,True,11.126902983393991,0.0384674329501915,-1.4977504
314,-1.2410836451045253,1.4534670971643069,7.887959336599945,0.8393030082809982,1.582103142127762,7,0.7853379345243476,0.8468386942811243,4,0,3.235555555555557,28.945507521412356,6,0.0622165532879818,0.0066124705162138,0.1475409836065573,0.0277777777777777,False,0.0,0.0376227390180878,0.3510548
315,-0.2782090088797584,1.2101542437835098,7.221835825288449,0.872849138693163,1.6037154211354407,6,0.8098219525927183,0.8662421385521538,3,0,2.2588888888888894,14.387102272280789,3,0.0570987654320987,0.0051466983672762,0.1521739130434782,0.024390243902439,False,0.0,0.0352951388888889,0.7781513
316,-3.439372496384065,4.85562735605062,7.901377353792616,0.7201482339445617,1.7209708041364369,4,0.69037209738284,0.7294652206603892,4,0,6.6544444444444455,42.15761446973645,12,0.0779373123123123,0.0076755486121877,0.1351351351351351,0.0,False,0.0,0.038688630490956,2.2732105
317,-2.476942960264953,3.7112897887532137,7.901377353792616,0.6890836904176791,1.7106089255451828,4,0.66108907108202,0.6966082055378925,4,0,5.605555555555556,35.981315952292974,11,0.0737268518518518,0.0081211197163169,0.1428571428571428,0.0,False,0.0,0.0427905004240882,2.1046584
318,-2.984047387894928,3.464337392012846,7.901377353792616,0.7608200390500057,1.939755798399146,4,0.7178894294495447,0.7700529730132476,4,0,4.423333333333335,35.981315952292974,9,0.0826023391812865,0.0089909192939495,0.0638297872340425,0.0,False,0.0,0.0456013745704467,2.3594272
319,-2.4795400393031697,3.628317583895975,7.901377353792616,0.7585823350866852,1.752760997862835,4,0.7179738941002937,0.8113215637665028,4,0,5.810000000000002,35.981315952292974,15,0.0772497704315886,0.0071241710029588,0.0793650793650793,0.0,False,22.253805966787983,0.04648,2.1527815
320,-2.599889361454345,3.588870593049012,7.901377353792616,0.7641517304326363,1.7865191975130672,4,0.7270414507052002,0.7463800259790839,4,0,5.525555555555557,35.981315952292974,11,0.0745287698412698,0.0095921715705763,0.1034482758620689,0.0,False,11.126902983393991,0.0464332399626517,2.2902455
321,-2.6371100532204927,3.3831180640114784,7.901377353792616,0.772613546023861,1.851969989822692,4,0.7283410445330356,0.7774693237505476,4,0,5.045555555555557,35.981315952292974,11,0.0802617521367521,0.0069032933458006,0.074074074074074,0.0,False,11.126902983393991,0.0471547248182762,2.1469753
322,-2.705041867411325,3.5111495105175483,7.901377353792616,0.7901030496616049,1.7826709198677728,4,0.7389674955175947,0.7859980637121107,4,0,5.312222222222224,35.981315952292974,13,0.0716435185185185,0.0081793883855739,0.064516129032258,0.0,False,32.671799841253176,0.0418285214348206,2.380664
323,-3.475485137951252,4.649874827013086,7.901377353792616,0.7904196959675065,1.769559583363412,4,0.7534981484887061,0.7807397303548532,4,0,6.494444444444445,42.15761446973645,12,0.082390873015873,0.0074521771124158,0.1142857142857142,0.0,False,0.0,0.0405902777777777,2.1379783
324,-3.5115977795184383,4.44412229797555,7.901377353792616,0.8001215208304826,1.81948749557764,4,0.7572894035272586,0.8092191850790342,4,0,6.014444444444446,42.15761446973645,12,0.0873842592592592,0.0066554260288209,0.0909090909090909,0.0,False,0.0,0.0406381381381381,1.9094305
325,-3.2048377194199427,3.2709499502343844,7.901377353792616,0.8174047241941368,1.9594342223355057,4,0.7687398811211095,0.8359045026809319,4,0,4.072222222222223,35.981315952292974,8,0.085546398046398,0.007701619368286,0.0652173913043478,0.0,False,0.0,0.043321513002364,2.2678125
326,-2.6009411500928685,4.181695255126502,8.38776764397578,0.7749946930650405,1.6681908156553231,4,0.7348909818141072,0.7658553511159525,4,0,6.345555555555556,35.981315952292974,15,0.0777588813303098,0.0074408568347962,0.0945945945945946,0.0,False,11.126902983393991,0.0386924119241192,2.2902455
327,-2.637053791660056,3.975942726088967,8.38776764397578,0.7812541185996901,1.7105761635874697,4,0.7353560520159516,0.7898625926520311,4,0,5.865555555555557,35.981315952292974,15,0.082234212629896,0.0067380574933718,0.0714285714285714,0.0,False,11.126902983393991,0.0385891812865497,2.1822083
328,-2.513055601832141,3.505537259715679,7.901377353792616,0.768321598748647,1.7706031407506857,4,0.7323981590764403,0.7530961590818397,4,0,5.285555555555557,35.981315952292974,11,0.0789930555555555,0.0078868045534712,0.1186440677966101,0.0,False,0.0,0.0444164332399626,1.962198
329,-2.5491682433993272,3.299784730678145,7.901377353792616,0.7768674088505703,1.835586134905194,4,0.7342508319996577,0.7836163498526016,4,0,4.645555555555557,35.981315952292974,11,0.0850694444444444,0.006630635357908,0.0909090909090909,0.0,False,0.0,0.0434164070612668,1.6419178
330,-2.4487029847522503,3.2077372723730124,7.901377353792616,0.7565779598871131,1.7706031407506857,4,0.72120360266015,0.7625996026709486,4,0,4.965555555555557,35.981315952292974,11,0.0789930555555555,0.0078868045534712,0.1525423728813559,0.0,False,0.0,0.0417273576097105,1.8056024
331,-5.62138731340383,5.035176022627217,7.901377353792616,0.8146616168775215,1.914306985899633,6,0.7704537511117943,0.7977030326193607,6,0,6.707777777777779,60.14827244588294,11,0.0818001443001443,0.0074550328394555,0.1111111111111111,0.0135135135135135,False,0.0,0.0404082998661311,1.5133613
332,-6.230749685803772,5.035176022627217,7.901377353792616,0.813152238787958,1.88961826808414,8,0.7681134113104833,0.7959940612730267,6,0,6.707777777777779,60.27252356308362,11,0.0818001443001443,0.0074550328394555,0.1111111111111111,0.0135135135135135,False,0.0,0.0404082998661311,1.5309067
333,-2.670237625236954,3.277946241465228,7.901377353792616,0.8134657783587087,1.883391951965108,4,0.7623386691317121,0.7910669260060186,4,0,4.183333333333335,35.981315952292974,9,0.078798185941043,0.0067427917248153,0.0769230769230769,0.0,False,11.126902983393991,0.043127147766323,1.4155405
334,-5.22542180597334,5.035176022627217,7.901377353792616,0.8159175216904248,1.914306985899633,6,0.7716415038597995,0.7977030326193607,6,0,7.02777777777778,60.14827244588294,11,0.0834235209235209,0.0077723021460395,0.1111111111111111,0.0135135135135135,False,0.0,0.0423360107095046,1.4069881
335,-5.270953509610687,4.863115201683151,7.901377353792616,0.8200216947920524,1.9323934896284056,6,0.7726506992372929,0.8065669637092292,6,0,6.1655555555555575,60.14827244588294,9,0.0842717717717717,0.0083274665850423,0.1139240506329113,0.0138888888888888,False,0.0,0.0390225035161744,1.2885169
336,-2.635054845974241,3.644560555115974,7.901377353792616,0.8217782634603069,1.8680205838299613,4,0.7725062644858285,0.7969297698712765,4,0,3.721111111111112,35.981315952292974,7,0.0834722222222222,0.0076719124368027,0.0943396226415094,0.0,False,0.0,0.0383619702176403,1.8524799
337,-3.576225878691993,4.166889654485233,7.901377353792616,0.8404634357036808,1.8638768997753927,4,0.7879602157925362,0.8366561574533146,4,0,4.9300000000000015,42.15761446973645,8,0.0877893518518518,0.0066643761881857,0.0967741935483871,0.0,False,0.0,0.0379230769230769,1.3037359
338,-2.6332551996796454,4.061597451899861,8.38776764397578,0.7807314846463274,1.6894412615073031,4,0.7377588910143918,0.772175276545641,4,0,5.483333333333334,35.981315952292974,13,0.078408195429472,0.0075009500657282,0.0972222222222222,0.0,False,11.126902983393991,0.0356060606060606,1.7766579
339,-3.827714948684849,3.870770903542717,8.38776764397578,0.8237890914347081,1.7887586809150082,4,0.7679780488588703,0.8114974193682795,4,0,5.323333333333334,35.981315952292974,11,0.0812447786131996,0.0067482580776813,0.0735294117647058,0.0166666666666666,False,11.126902983393991,0.0374882629107981,1.6774588
340,-2.70168189083361,3.69871008259865,8.38776764397578,0.8237890914347081,1.7490248219575053,4,0.7679780488588703,0.8114974193682795,4,0,4.781111111111112,35.981315952292974,11,0.0821303587051618,0.0067602482381855,0.0757575757575757,0.0,False,11.126902983393991,0.0356799336650082,1.661547
341,-2.575577793445241,3.805494644453504,7.901377353792616,0.730696234438054,1.7706031407506857,4,0.6965319962605829,0.7150823847254036,4,0,5.018888888888891,35.981315952292974,9,0.0815656565656565,0.0090674420977451,0.0847457627118644,0.0,False,0.0,0.0436425120772946,1.8158121
342,-2.545369651418918,3.385439456489039,7.901377353792616,0.7799638598287336,1.8027161157274112,4,0.7405705648163283,0.7607615867034075,4,0,4.423333333333335,35.981315952292974,9,0.0775681341719077,0.0080591335136789,0.1228070175438596,0.0,False,0.0,0.0405810397553516,1.5484515
343,-5.075577793445241,3.805494644453504,7.901377353792616,0.8217782634603069,1.950753201250753,4,0.7725062644858285,0.7969297698712765,4,0,5.018888888888891,35.981315952292974,9,0.0815656565656565,0.0090674420977451,0.0847457627118644,0.0,False,0.0,0.0436425120772946,1.4035326
344,-2.613796342572882,3.0225520871878278,7.901377353792616,0.8421696947692063,1.8975870361235367,4,0.7865745370385878,0.8137847102967003,4,0,3.5611111111111127,35.981315952292974,7,0.0798611111111111,0.0066382614018977,0.0980392156862745,0.0,False,0.0,0.0400124843945068,1.2065724
345,-3.2328439616205005,3.644560555115974,7.901377353792616,0.849632275287793,2.0525413984602063,6,0.7892914333218473,0.8094231836472955,6,0,3.721111111111112,44.399112936621904,5,0.0834722222222222,0.0076719124368027,0.0943396226415094,0.0,False,0.0,0.0383619702176403,1.6829535
346,-5.660018995503876,4.863115201683151,7.901377353792616,0.8544045429149685,1.9323934896284056,6,0.8050473197324097,0.8423390740854763,6,0,6.005555555555556,60.14827244588294,9,0.0842717717717717,0.0077643151818533,0.1139240506329113,0.0138888888888888,False,0.0,0.0375347222222222,1.1189201
347,-3.546455265449773,3.644560555115974,7.901377353792616,0.8983915982108052,2.0525413984602063,6,0.8345878715541061,0.8647854970422786,6,0,3.596666666666668,44.399112936621904,5,0.0834722222222222,0.0085215114104003,0.0943396226415094,0.0,False,0.0,0.0363299663299663,1.2722781
348,-0.8457850464040209,2.7567989232157912,9.128804883993665,0.7128101922218106,1.4541168576447965,4,0.6784103435698788,0.7303369628304992,4,0,5.121111111111112,28.945507521412356,12,0.0972222222222222,0.0100536407849539,0.0158730158730158,0.0,False,0.0,0.0412992831541218,2.5211382
349,-1.0905939036174748,1.4534670971643069,7.887959336599945,0.8591267506808233,1.6103295202102337,6,0.8023450793698816,0.8280117531722812,4,0,2.7733333333333343,28.945507521412356,6,0.0686462324393359,0.0073881216602547,0.1320754716981132,0.0212765957446808,False,0.0,0.036017316017316,0.74968064
350,-1.0415718197291464,1.4472007173245984,7.887959336599945,0.83793873873957,1.559137580385488,6,0.7898667266069863,0.8206053559141345,4,1,3.3777777777777787,28.945507521412356,8,0.0622222222222222,0.0066075499454061,0.1186440677966101,0.0192307692307692,False,0.0,0.0363201911589008,0.49590853
351,-1.0753139280566453,1.794128776225976,8.689632748355741,0.8145743790539283,1.5524596484139708,6,0.7669536408335468,0.7980618625006997,4,0,3.841111111111112,28.945507521412356,8,0.0854101765316718,0.0093834666178797,0.081967213114754,0.0188679245283018,False,0.0,0.0376579520697167,1.2088369
352,0.0,2.3246036311424536,8.689632748355741,0.8316627274595303,1.5737964208865716,8,0.7783975405791986,0.8206204927379912,4,0,5.893333333333334,9.551078168738565,10,0.0701809764309764,0.0086813090709194,0.0142857142857142,0.0338983050847457,False,82.66889269461026,0.0471466666666666,2.2787535
