,SdssC,IC0,nO,Xc-5d,SRW09,BIC3,SIC3,BIC4,NdO,GGI4,JGI10,nG12FARing,AETA_beta_ns_d,GhoseFilter,Lipinski,RotRatio,SlogP_VSA4,SlogP_VSA8,C3SP2,n6ARing,target
0,3.373806131472077,1.2069084251518167,0,0.8199072360665389,0.0,0.7266904949199204,0.7685783476265621,0.813999852459936,0,1.155555555555556,0.0069699520457096,0,0.0,False,False,0.1071428571428571,0.0,23.278943197061757,5,0,2.2470772
1,3.3839530552553643,1.3318495715684096,0,0.8199072360665389,0.0,0.7266904949199204,0.7685783476265621,0.813999852459936,0,1.155555555555556,0.0069699520457096,0,0.0,False,False,0.1428571428571428,0.0,23.278943197061757,4,0,2.6532125
2,3.373956286218191,1.2326602568158205,0,0.3868945341743197,0.0,0.699335865576738,0.7554779969856077,0.8660025322434045,0,0.8444444444444447,0.0018829247479385,0,0.0,True,False,0.125,0.0,23.278943197061757,4,0,2.230449
3,3.2219052343159484,1.3849586277872934,1,0.7365739027332057,0.0,0.7517299169044169,0.7900156777110281,0.7794270440823695,0,1.2044444444444449,0.009297520661157,0,0.0238095238095238,True,True,0.0909090909090909,0.0,12.152040213667762,3,0,1.6627579
4,3.3480639802217187,1.372905595320056,1,2.5472340745130277,0.0,0.7127633807683987,0.7345523884016688,0.7291905857646037,0,1.884444444444445,0.0097670924117205,0,0.0178571428571428,False,False,0.1379310344827586,0.0,12.152040213667762,3,0,2.7323937
5,3.4081183862433866,1.2448406699719212,0,0.7365739027332057,0.0,0.7212267559548915,0.7591074115787098,0.772466039151441,0,1.0133333333333336,0.00886206946813,0,0.0,True,True,0.0952380952380952,0.0,12.152040213667762,3,0,3.1527016
6,3.4161139455782314,1.2582296369090873,0,0.470227867507653,0.0,0.7753833819320365,0.8202775130286144,0.8320121153154455,0,0.9733333333333336,0.0074482195694316,0,0.0,True,True,0.15,0.0,12.152040213667762,3,0,2.4396122
7,3.435323811623415,1.2448406699719212,0,0.3035612008409863,0.0,0.828562742903617,0.8720809563746397,0.8798020261001667,0,0.9333333333333336,0.002944305974609,0,0.0,True,True,0.238095238095238,0.0,12.152040213667762,3,0,1.214871
8,3.439166627299068,1.3698151284300626,0,0.3035612008409863,0.0,0.7368299102532426,0.7721971055010451,0.7835490349460337,0,1.2533333333333336,0.0096362049224002,0,0.0,True,False,0.1818181818181818,0.0,12.152040213667762,3,0,2.0791812
9,3.0588420414462085,1.5749523572407695,1,2.114221372620808,0.0,0.7436123935981938,0.7732229345332027,0.7651368228224561,0,1.764444444444445,0.01135725946332,0,0.04,False,False,0.1538461538461538,5.817220841045895,12.152040213667762,2,0,2.1359208
10,2.9263529856387,1.657265338157648,3,1.169586604625425,0.0,0.7568051062753326,0.8000496907841063,0.7818658296441835,2,1.3244444444444443,0.0076814319238561,0,0.0,True,True,0.12,0.0,12.152040213667762,3,0,1.2722743
11,2.4379506802721096,1.968873874720721,6,1.169586604625425,0.0,0.7187057579889368,0.7803134698574336,0.7187057579889368,4,1.3244444444444443,0.0076814319238561,0,0.0,True,True,0.16,0.0,12.152040213667762,2,0,-0.47543064
12,3.40721300348014,1.2804125884973652,0,1.2529199379587586,0.0,0.7127180385621782,0.7444554413066278,0.766743546693219,0,1.4666666666666668,0.0071820532953602,0,0.0,False,False,0.125,0.0,23.278943197061757,5,0,2.863323
13,3.3748339474678763,1.439525179119997,1,2.5472340745130277,0.0,0.7127633807683987,0.7345523884016688,0.7291905857646037,0,1.884444444444445,0.0097670924117205,0,0.0178571428571428,False,False,0.1724137931034483,0.0,12.152040213667762,2,0,3.0413928
14,3.434888353489544,1.3914665048326014,0,0.7365739027332057,0.0,0.7212267559548915,0.7591074115787098,0.772466039151441,0,1.0133333333333336,0.00886206946813,0,0.0,True,True,0.1428571428571428,0.0,12.152040213667762,2,0,3.016863
15,3.47430476694324,1.2274504770665493,0,1.0850356152625436,0.0,0.7576118988084423,0.7765879164610618,0.8022978027283287,0,1.484444444444445,0.0062003092306122,0,0.0,False,False,0.3125,0.0,12.152040213667762,3,0,1.0202701
16,3.482300326278085,1.237415663761076,0,0.818689580036991,0.0,0.7818428708123694,0.80245213993536,0.8289173041226109,0,1.4444444444444446,0.0060240451654593,0,0.0,False,False,0.3548387096774194,0.0,12.152040213667762,3,0,1.1309447
17,3.5015101923232685,1.2274504770665493,0,0.6520229133703244,0.0,0.7811375191020081,0.8007027864571227,0.83922919419786,0,1.4044444444444446,0.005242793121581,0,0.0,False,False,0.40625,0.0,12.152040213667762,3,0,1.0780236
18,3.467667862181335,1.2718108456786592,0,0.6520229133703244,0.0,0.7769124422490704,0.8011399176039566,0.8460796356862288,0,1.1733333333333331,0.0060896041757285,0,0.0,False,False,0.3571428571428571,0.0,12.152040213667762,2,0,1.2499636
19,3.4464682539682543,1.1968693094032663,0,2.971332926677937,7.661527081358517,0.6971236174198265,0.7259386755159266,0.7394632933165984,0,1.5022222222222226,0.009931129476584,0,0.0,False,False,0.074074074074074,5.41499046939678,12.152040213667762,4,0,4.392608
20,2.668258692365836,1.4323591457496476,0,0.9142634612365024,7.368339686311381,0.7263925730972647,0.7611834233831933,0.7572841896077427,0,1.6444444444444446,0.0112746148352208,0,0.04,False,False,0.074074074074074,11.63444168209179,12.152040213667762,4,0,4.463893
21,3.4288350340136056,1.347912390625054,0,0.9142634612365024,7.368339686311381,0.7263925730972646,0.7611834233831932,0.7572841896077427,0,1.4533333333333336,0.0136210590756045,0,0.0208333333333333,False,False,0.0769230769230769,0.0,12.152040213667762,4,0,4.350248
22,3.4649744897959183,1.2069084251518167,0,0.9142634612365024,7.368339686311381,0.715424951001188,0.7471840772503473,0.7511419511207534,0,1.4533333333333336,0.0136210590756045,0,0.0,False,False,0.0769230769230769,6.923737199690624,12.152040213667762,5,0,4.0043216
23,3.36324861426052,1.347912390625054,0,0.9142634612365024,7.368339686311381,0.7263925730972646,0.7611834233831932,0.7572841896077427,0,1.4533333333333336,0.0136210590756045,0,0.0208333333333333,False,False,0.0769230769230769,0.0,12.152040213667762,4,0,4.3560257
24,2.7807662509448225,1.4323591457496476,0,1.0809301279031691,7.368339686311381,0.718669668969645,0.7530906278067515,0.7572841896077427,0,1.6444444444444448,0.0135191744282653,0,0.04,False,False,0.074074074074074,11.63444168209179,12.152040213667762,4,0,4.544068
25,3.175858843537415,1.347912390625054,0,0.9142634612365024,7.368339686311381,0.7263925730972646,0.7611834233831932,0.7572841896077427,0,1.4533333333333336,0.0136210590756045,0,0.0208333333333333,False,False,0.0769230769230769,5.817220841045895,12.152040213667762,4,0,4.535294
26,3.0633512849584283,1.347912390625054,0,0.9142634612365024,7.368339686311381,0.7263925730972646,0.7611834233831932,0.7572841896077427,0,1.4533333333333336,0.0106113321769887,0,0.0208333333333333,False,False,0.0769230769230769,5.817220841045895,12.152040213667762,4,0,4.4440446
27,3.45844387755102,1.2174939521435744,0,0.9142634612365024,7.368339686311381,0.708031802938852,0.7419432571111999,0.7572841896077427,0,1.2622222222222224,0.0092847668605244,0,0.0,True,False,0.08,0.0,12.152040213667762,4,0,4.463893
28,3.464449404761905,1.2069084251518167,0,0.9142634612365024,0.0,0.6939947509294486,0.724802548281467,0.7324079827495171,0,2.168888888888889,0.0082440567289052,0,0.0,False,False,0.0769230769230769,0.0,12.152040213667762,4,1,3.8195438
29,3.396804033341732,1.3441997944563522,0,0.963209588632904,7.390798521735676,0.7891545414175141,0.8445773874917964,0.8562502419199873,0,1.7733333333333337,0.0054663518299881,1,0.0192307692307692,False,False,0.0689655172413793,0.0,23.278943197061757,6,0,3.4771214
30,3.424472355168303,1.3009439800094456,0,1.3962222905251234,7.390798521735676,0.7419896976658279,0.7812755021218997,0.7920326016088085,0,1.893333333333333,0.0071322314049586,1,0.0,False,False,0.09375,0.0,23.278943197061757,6,0,4.0
31,2.6215031074158057,1.4252897549506724,0,0.963209588632904,7.390798521735676,0.8051727213053372,0.8617205347614435,0.8562502419199873,0,1.804444444444445,0.0074793388429752,1,0.037037037037037,False,False,0.0666666666666666,11.63444168209179,23.278943197061757,6,0,3.6232493
32,3.382079449063576,1.3441997944563522,0,0.963209588632904,7.390798521735676,0.8001866123126066,0.8563842480320211,0.8562502419199873,0,1.6133333333333335,0.007018380048683,1,0.0192307692307692,False,False,0.0689655172413793,0.0,23.278943197061757,6,0,3.968483
33,3.418325197362896,1.1887525275231678,0,1.3962222905251234,7.390798521735676,0.7442443688925757,0.7836495504413556,0.7920326016088085,0,1.7333333333333338,0.0065708601163146,1,0.0,False,False,0.0625,0.0,23.278943197061757,7,0,3.8195438
34,2.734010665994793,1.4252897549506724,0,1.1298762552995707,7.390798521735676,0.792177522368695,0.8478126743971975,0.8562502419199873,0,1.804444444444445,0.0084063984400684,1,0.037037037037037,False,False,0.0666666666666666,11.63444168209179,23.278943197061757,6,0,4.079181
35,3.129103258587386,1.3441997944563522,0,0.963209588632904,7.390798521735676,0.8001866123126066,0.8563842480320211,0.8562502419199873,0,1.6133333333333335,0.007018380048683,1,0.0192307692307692,False,False,0.0689655172413793,5.817220841045895,23.278943197061757,6,0,4.041393
36,3.4450951646090537,1.3009439800094456,0,1.3962222905251234,7.390798521735676,0.7502178979821049,0.7899393573666312,0.7920326016088085,0,1.7333333333333338,0.0065708601163146,1,0.0,False,False,0.09375,0.0,23.278943197061757,6,0,2.7196662
37,3.0165957000083985,1.3441997944563522,0,0.963209588632904,7.390798521735676,0.7891545414175141,0.8445773874917964,0.8562502419199873,0,1.6133333333333335,0.0060330578512396,1,0.0192307692307692,False,False,0.0689655172413793,5.817220841045895,23.278943197061757,6,0,4.041393
38,3.4116882926009917,1.2146234752771463,0,0.963209588632904,7.390798521735676,0.7536952849244866,0.8066278039317897,0.8482411519760757,0,1.4222222222222225,0.0036225895316804,1,0.0,False,False,0.0714285714285714,0.0,23.278943197061757,6,0,3.792491
39,3.4932811056521373,1.3080990830730832,0,1.1986557230813315,8.405367376233981,0.7660761505904535,0.8113042583302825,0.8220632340055269,0,1.503333333333334,0.0055708601163146,1,0.0,False,False,0.0909090909090909,0.0,23.278943197061757,6,0,3.1760912
40,3.459874233644075,1.21018798048854,0,0.7656430211891125,8.405367376233981,0.7764651242279523,0.8378871888315729,0.8929439282807133,0,1.1922222222222223,0.0019559228650137,1,0.0,False,False,0.0689655172413793,0.0,23.278943197061757,6,0,3.059566
41,3.519005889392794,1.3463851517126129,0,0.8199072360665389,6.580639137284949,0.7639851121534617,0.8005764714845136,0.79487672866394,0,1.270555555555556,0.0116312621161106,0,0.0,True,True,0.12,0.0,12.152040213667762,4,0,2.672098
42,3.485599017384732,1.2628839008717192,0,0.3868945341743197,6.580639137284949,0.8188423989641621,0.875319816407598,0.8905206241474689,0,0.9594444444444448,0.0023456790123456,0,0.0,True,True,0.0952380952380952,0.0,12.152040213667762,4,0,1.7781513
43,3.148581349206349,1.3849586277872934,1,0.7365739027332057,0.0,0.7701946683563853,0.8094208427896814,0.7886594198083537,0,1.2044444444444449,0.0139526578920518,0,0.0238095238095238,True,True,0.0909090909090909,0.0,12.152040213667762,3,0,2.690196
44,3.3278942665028977,1.372905595320056,1,2.5472340745130277,0.0,0.7237148507658685,0.7458386422415875,0.7346663207633387,0,1.804444444444445,0.0106305964891823,0,0.0178571428571428,False,False,0.1379310344827586,0.0,12.152040213667762,3,0,3.518514
45,3.3546642337490558,1.439525179119997,1,2.5472340745130277,0.0,0.7237148507658685,0.7458386422415875,0.7346663207633387,0,1.804444444444445,0.0106305964891823,0,0.0178571428571428,False,False,0.1724137931034483,0.0,12.152040213667762,2,0,3.0413928
46,3.4014814814814818,1.2957378005380122,0,0.3035612008409863,0.0,0.6554699749378484,0.7094398271254457,0.7273644709769792,0,0.7022222222222223,0.0,0,0.0,True,True,0.1176470588235294,0.0,12.152040213667762,2,0,3.1801221
47,0.0,1.4591479170272446,0,0.0,0.0,0.90701901811629,0.90701901811629,0.90701901811629,0,0.08,0.0,0,0.0,False,True,0.4,0.0,0.0,0,0,1.8686286
48,0.0,1.564908691422263,6,0.5287510904306973,7.247792581767846,0.3893229124377956,0.3916267363295601,0.3920792311665852,0,5.848888888888891,0.0,0,0.0,False,False,0.3636363636363636,23.671624184645573,0.0,0,0,2.4771214
49,0.0,1.521928094887362,0,0.0,0.0,0.7609640474436811,0.6554587535412855,0.7609640474436811,0,0.0,0.0,0,0.0,False,True,0.0,0.0,0.0,0,0,-1.4851763
50,-2.004075743170344,1.9387079790263544,4,2.193856955024389,7.208600337960199,0.8297163124322731,0.8821358418552034,0.8550736307442267,4,4.116111111111112,0.0101011533015786,0,0.0212765957446808,False,False,0.1176470588235294,6.923737199690624,0.0,6,0,-0.016570507
51,-3.309828899704711,1.819858313308912,6,2.8763699835106284,7.901377353792616,0.7753321599979061,0.8212965324996712,0.8138165282489324,6,6.970000000000002,0.0080126142896705,0,0.0149253731343283,False,False,0.1081081081081081,27.694948798762496,11.126902983393991,13,0,0.6047759
52,-0.800265339995814,1.6864521349315629,4,0.5143971413924631,7.208600337960199,0.8481499455416679,0.9112420515909144,0.88597054067891,4,2.5650000000000004,0.0075370397220476,0,0.0263157894736842,False,True,0.1428571428571428,0.0,0.0,5,0,-1.2425656
53,-1.857141712873412,1.5783283081924544,6,1.507211389806335,7.901377353792616,0.7458026729581763,0.7900164353187551,0.7965556663232386,6,5.992222222222224,0.0080723846403902,0,0.0163934426229508,False,False,0.1176470588235294,41.54242319814374,11.126902983393991,15,0,-0.49292636
54,-0.9149071853269184,1.8010657220914292,4,0.5143971413924631,7.208600337960199,0.8568775914833663,0.9271079006543445,0.9088576198989428,4,2.1827777777777784,0.0090810083627143,0,0.032258064516129,True,True,0.1176470588235294,0.0,0.0,3,0,-1.4255545
55,-0.9055666321102932,1.7366809117888602,5,0.5143971413924631,7.208600337960199,0.8478625319808148,0.9134844133325064,0.8872973405715251,4,2.5650000000000004,0.0075370397220476,0,0.0394736842105263,False,True,0.1428571428571428,0.0,0.0,3,0,-0.70526934
56,-1.211729333877391,1.8617063540707224,6,1.1364056093206094,7.208600337960199,0.8431725143277952,0.9112420515909144,0.880771156481661,6,2.7250000000000005,0.0074119744826815,0,0.025,False,False,0.1363636363636363,0.0,0.0,3,0,-1.0312436
57,-3.851551785685805,1.7543237320518554,8,3.261270162970378,7.901377353792616,0.7070313884929987,0.7447531905975816,0.7929348600082514,6,7.894444444444446,0.0083434882462898,0,0.0140845070422535,False,False,0.1025641025641025,55.38989759752498,11.126902983393991,17,0,0.943587
58,-3.8889340866990194,1.7974667057517906,8,2.8763699835106284,7.901377353792616,0.7701138927496425,0.8167982484236951,0.8095172616777181,6,6.970000000000002,0.0080126142896705,0,0.0149253731343283,False,False,0.1081081081081081,27.694948798762496,11.126902983393991,13,0,0.64969003
59,-1.575390138405837,1.6984013344076891,5,1.4015439938810963,7.901377353792616,0.7173071392162088,0.7690387084542238,0.785604048092267,5,3.823333333333334,0.0074038363432302,0,0.0,True,True,0.075,27.694948798762496,0.0,9,0,0.44334713
60,3.871913580246914,1.5099686126368168,0,0.6666666666666666,0.0,0.5876013637548226,0.5876013637548226,0.5876013637548226,0,0.0,0.0,0,0.0,False,True,0.125,0.0,0.0,0,0,3.7662723
61,3.919320987654322,1.4215541688301352,0,1.1477918909913547,0.0,0.6901867153439099,0.6901867153439099,0.6901867153439099,0,0.32,0.0,0,0.0,False,True,0.2,0.0,0.0,0,0,2.5563025
62,3.924552469135803,1.4618602772540858,0,0.5690355937288492,0.0,0.7362796496509926,0.7362796496509926,0.7362796496509926,0,0.16,0.0,0,0.0,False,True,0.2222222222222222,0.0,0.0,0,0,2.851941
63,3.95320987654321,1.4215541688301352,0,0.5690355937288492,0.0,0.7583807772486734,0.7583807772486734,0.7583807772486734,0,0.24,0.0,0,0.0,False,True,0.3,0.0,0.0,0,0,1.7102329
64,3.971036785084405,1.387291427643771,0,0.5690355937288492,0.0,0.7756926417026353,0.7756926417026353,0.7756926417026353,0,0.4,0.0,0,0.0,False,True,0.3636363636363636,0.0,0.0,0,0,1.230449
65,3.991811723146049,1.332112684358123,0,0.5690355937288492,0.0,0.7796037767729803,0.7796037767729803,0.8010955993971214,0,0.4,0.0,0,0.0,True,True,0.4615384615384615,0.0,0.0,0,0,0.8391547
66,4.00343318821764,1.2895281606953652,0,0.5690355937288492,0.0,0.7394019544876336,0.7394019544876336,0.8012182956260898,0,0.4,0.0082644628099173,0,0.0,True,True,0.5333333333333333,0.0,0.0,0,0,1.1139433
67,3.800203451751071,1.4731864679927211,0,0.8367876570272818,0.0,0.7684741986354218,0.7992692562696264,0.8024376807937325,0,0.568888888888889,0.0,0,0.0,True,True,0.1428571428571428,0.0,0.0,0,0,0.23044892
68,3.52118464978584,1.4374366326883632,0,0.7216878364870322,0.0,0.7266373400688226,0.7523174970032673,0.7266373400688226,0,0.6622222222222224,0.0,0,0.0,True,True,0.1333333333333333,0.0,6.076020106833881,1,0,2.30103
69,2.725432098765433,1.6493974703476992,0,0.2886751345948128,0.0,0.8567517667623957,0.9257048827786958,0.9255128526390366,0,0.3511111111111111,0.0,0,0.0,False,True,0.0909090909090909,0.0,6.076020106833881,1,0,0.41497335
70,0.0,1.9056390622295665,0,2.25,0.0,0.979569764547061,0.9166666666666666,0.979569764547061,0,0.0,0.0,0,0.0,False,True,0.1428571428571428,0.0,0.0,0,0,-1.1236223
71,0.0,1.521928094887362,0,0.0,0.0,0.7609640474436811,0.6554587535412855,0.7609640474436811,0,0.0,0.0,0,0.0,False,True,0.0,0.0,0.0,0,0,0.3063055
72,0.0,1.373336962476363,0,0.8073604499148398,7.83241092718792,0.7362477604580814,0.7477552634519175,0.7581858998874025,0,1.270555555555556,0.0,0,0.0,True,True,0.0588235294117647,23.671624184645573,0.0,0,0,3.0043213
73,0.0,1.3968436982954155,0,0.6875694891336299,7.635786861395585,0.724489503915154,0.7311877230179624,0.7502959555280571,0,1.1483333333333337,0.0,0,0.0,True,True,0.0714285714285714,11.835812092322788,0.0,0,0,3.020321
74,0.0,1.3516441151533924,0,0.1666666666666666,0.0,0.6536042149571435,0.6536042149571435,0.6536042149571435,0,0.2222222222222222,0.0,0,0.0,False,True,0.0,0.0,0.0,0,1,4.5941358
75,1.8171296296296295,1.3516441151533924,0,0.6123724356957945,0.0,0.5565572721647433,0.5565572721647433,0.5565572721647433,0,0.0,0.0,0,0.0,False,True,0.0,5.41499046939678,0.0,0,0,1.8855633
76,0.4273842592592594,1.9579393553211155,1,0.9309036597828996,6.898714534329988,0.7695203916807805,0.8078347747194918,0.8403342309073832,0,1.96,0.0,0,0.0,False,True,0.0588235294117647,0.0,6.076020106833881,1,0,1.3424227
77,0.5315509259259261,1.957939355321115,0,0.9309036597828996,6.898714534329988,0.7695203916807805,0.8078347747194918,0.8403342309073832,0,1.96,0.0,0,0.0,False,True,0.0588235294117647,0.0,6.076020106833881,1,0,1.0791812
78,1.6487791320231795,1.5178872290605931,1,1.9285113019775797,0.0,0.7253363117738535,0.745292998299391,0.7253363117738535,0,1.0622222222222224,0.0,0,0.0277777777777777,True,True,0.1666666666666666,0.0,6.076020106833881,1,0,1.0791812
79,0.0,1.3968436982954155,0,0.4368867239266071,6.823286122355687,0.750295955528057,0.7572327664479106,0.750295955528057,0,0.8200000000000002,0.0,0,0.0,True,True,0.1538461538461538,5.917906046161393,0.0,0,0,1.230449
80,0.0,1.3723775684811073,0,0.3678511301977579,6.823286122355687,0.6899565586046739,0.6941737681097224,0.7519966608350492,0,1.14,0.0,0,0.0,True,True,0.2352941176470588,5.917906046161393,0.0,0,0,0.9294189
81,0.0,1.3599924922184878,0,0.0,6.529418838262226,0.9098110735370422,0.9256603431473772,0.9098110735370422,0,0.205,0.0,0,0.0,False,True,0.1111111111111111,5.917906046161393,0.0,0,0,0.39794
82,0.0,1.4591479170272446,0,0.0,0.0,0.90701901811629,0.90701901811629,0.90701901811629,0,0.08,0.0,0,0.0,False,True,0.4,0.0,0.0,0,0,1.5433421
83,0.0,1.3995812306460644,0,0.0,0.0,0.8976167900760738,0.8976167900760738,0.8976167900760738,0,0.08,0.0,0,0.0,False,True,0.5,0.0,0.0,0,0,2.6334684
84,0.0,1.3786011816680388,0,1.9106532292788336,0.0,0.716118646878767,0.7364770586954896,0.716118646878767,0,1.4711111111111117,0.0,0,0.0,True,True,0.1176470588235294,0.0,6.076020106833881,1,0,0.27060497
85,0.0,1.3786011816680388,0,0.3434433619633035,0.0,0.8297714262641377,0.8533608530766674,0.8297714262641377,0,1.2311111111111113,0.0,0,0.0,True,True,0.2941176470588235,0.0,6.076020106833881,1,0,0.17732035
86,0.0,1.2950243779198094,0,0.3434433619633035,0.0,0.786894264314593,0.8027605837673154,0.83677524432832,0,1.2311111111111113,0.0059631103402147,0,0.0,True,True,0.4285714285714285,0.0,6.076020106833881,1,0,0.7851208
87,0.0,1.1737195857469152,0,0.3434433619633035,0.0,0.5650252803661964,0.5711321027488918,0.6239436505094733,0,1.2311111111111113,0.0039420838318909,0,0.0,False,False,0.625,0.0,6.076020106833881,1,0,0.8732192
88,0.0,1.3786011816680388,0,0.2357022603955158,0.0,0.70222117674442,0.7221844998123175,0.70222117674442,0,1.0711111111111111,0.0,0,0.0,True,True,0.2941176470588235,0.0,6.076020106833881,1,0,0.36253345
89,0.0,1.3787834934861751,0,0.0,0.0,0.6523007394965069,0.6339833333166621,0.6523007394965069,0,0.0,0.0,0,0.0,False,True,0.2,0.0,0.0,0,0,0.34314284
90,0.0,1.7841591278514215,0,0.0,0.0,0.8166746222236321,0.8429809818837098,0.8166746222236321,0,0.0,0.0,0,0.0,False,True,0.1666666666666666,11.33111286753076,0.0,0,0,-4.140387
91,0.0393518518518523,1.7574839898128798,2,0.4927992798267444,0.0,0.8343604297372124,0.8343604297372124,0.8343604297372124,1,0.08,0.0,0,0.0,False,True,0.25,0.0,0.0,0,0,-1.5574595
92,0.0740740740740746,1.6854752972273344,2,0.4927992798267444,0.0,0.8437066199654226,0.8437066199654226,0.8437066199654226,1,0.24,0.0,0,0.0,False,True,0.3333333333333333,0.0,0.0,0,0,-0.60615915
93,-0.3565459701911151,1.457985765510777,6,0.6106504100245023,0.0,0.779294898454622,0.7997504188836013,0.8398249547484347,2,1.2044444444444449,0.0057783219399381,0,0.0405405405405405,False,False,0.4736842105263157,0.0,0.0,1,0,2.0845497
94,-0.0680092592592587,1.750224877285235,3,0.4927992798267444,0.0,0.883401527984509,0.883401527984509,0.883401527984509,1,0.32,0.0,0,0.0,False,True,0.4,0.0,0.0,0,0,0.22919558
95,0.0,2.0,0,0.0,0.0,0.8905179677700554,0.8333333333333334,0.8905179677700554,0,0.0,0.0,0,0.0,False,True,0.2,0.0,0.0,0,0,-2.8270679
96,0.0,2.0,0,0.0,0.0,0.8905179677700554,0.8333333333333334,0.8905179677700554,0,0.0,0.0,0,0.0,False,True,0.2,0.0,0.0,0,0,-1.8573693
97,0.0,1.4353713907745331,0,0.0,0.0,0.8565359801139569,0.8224908743082041,0.8565359801139569,0,0.0,0.0,0,0.0,False,True,0.25,0.0,0.0,0,0,-0.34526145
98,0.0,1.8910611120726528,0,0.0,0.0,0.887346954847329,0.9298966940476158,0.887346954847329,0,0.0,0.0,0,0.0,False,True,0.2,11.33111286753076,0.0,0,0,-4.1503024
99,0.055555555555556,1.8423709931771084,2,0.1666666666666666,0.0,0.8732737098805868,0.8732737098805868,0.8732737098805868,1,0.08,0.0,0,0.0,False,True,0.2857142857142857,0.0,0.0,0,0,-0.537602
100,0.0902777777777783,1.7574839898128798,2,0.1666666666666666,0.0,0.8740065897889193,0.8740065897889193,0.8740065897889193,1,0.16,0.0,0,0.0,False,True,0.375,0.0,0.0,0,0,1.1731863
101,0.1416164767738543,1.402800386248768,2,0.1666666666666666,0.0,0.7096670112975275,0.7096670112975275,0.80535846720662,1,0.24,0.0070838252656434,0,0.0,True,True,0.6875,0.0,0.0,0,0,1.6794279
102,0.146363889833424,1.3225078451055432,2,0.1666666666666666,0.0,0.5941974536662892,0.5941974536662892,0.6829016042867827,1,0.24,0.0045078888054094,0,0.0,True,False,0.75,0.0,0.0,0,0,1.813581
103,0.149036466578097,1.266740279584632,2,0.1666666666666666,0.0,0.5136582583231901,0.5136582583231901,0.5912334370386523,1,0.24,0.0033057851239669,0,0.0,False,False,0.7916666666666666,0.0,0.0,0,0,1.9580859
104,0.1507451043022043,1.2255579072016076,2,0.1666666666666666,0.0,0.455235232360271,0.455235232360271,0.5232382099546775,1,0.24,0.0026098303610265,0,0.0,False,False,0.8214285714285714,0.0,0.0,0,0,1.9703469
105,0.4675925925925928,1.738149333192866,1,0.2357022603955158,0.0,0.8595824360039367,0.8595824360039367,0.8595824360039367,1,0.0,0.0,0,0.0,False,True,0.3333333333333333,0.0,0.0,0,0,-0.87152183
106,0.0,1.295461844238322,0,0.0,0.0,0.764240758439705,0.7511553347015191,0.764240758439705,0,0.16,0.0,0,0.0,False,True,0.4285714285714285,5.917906046161393,0.0,0,0,1.0955504
107,0.0,1.295461844238322,0,0.0,0.0,0.8672896861162782,0.8524398460347836,0.8672896861162782,0,0.16,0.0,0,0.0,False,True,0.5714285714285714,0.0,0.0,0,0,4.752817
108,0.0,1.9056390622295665,0,0.0,0.0,0.979569764547061,0.9166666666666666,0.979569764547061,0,0.0,0.0,0,0.0,False,True,0.25,0.0,0.0,0,0,-1.5002024
109,0.0,1.9056390622295665,0,0.0,0.0,0.979569764547061,0.9166666666666666,0.979569764547061,0,0.0,0.0,0,0.0,False,True,0.25,0.0,0.0,0,0,-2.0
110,0.444490740740741,1.824816986216862,1,0.1924500897298752,6.555356891810665,0.885455472151804,0.9008804575298364,0.885455472151804,1,0.33,0.0,0,0.0,False,True,0.2,0.0,0.0,0,0,-2.5284069
111,0.0,1.836591668108979,1,0.0,0.0,0.9825675930733632,0.9298966940476158,0.9825675930733632,0,0.0,0.0,0,0.0,False,True,0.25,0.0,0.0,0,0,-0.31675005
112,0.0,1.7295739585136225,1,0.0,0.0,0.873569864076289,0.8429809818837098,0.873569864076289,0,0.0,0.0,0,0.0,False,True,0.4,0.0,0.0,0,0,0.07929976
113,0.138657407407408,1.5759136532083846,2,0.1178511301977579,0.0,0.7617354931651753,0.7701408015872945,0.8041841461582553,1,0.4311111111111112,0.0,0,0.0,False,True,0.2307692307692307,5.917906046161393,0.0,0,1,-0.23620628
114,-0.1292998866213146,1.562806631693174,2,0.2845177968644246,0.0,0.8366773173491766,0.867466816142267,0.8366773173491766,1,0.7022222222222223,0.0,0,0.0,True,True,0.25,0.0,0.0,2,0,0.24502781
115,-0.1342129629629624,1.650022421648354,2,0.1178511301977579,0.0,0.895192663028035,0.9386137518291132,0.895192663028035,1,0.6222222222222225,0.0,0,0.0,True,True,0.2142857142857142,6.923737199690624,0.0,2,0,-0.33591676
116,-0.1382870370370366,1.7004448031130073,2,0.1178511301977579,0.0,0.8765680819563445,0.9267672896410716,0.9253256672767722,1,0.4311111111111112,0.0,0,0.0,False,True,0.2307692307692307,0.0,0.0,1,0,-0.36651188
117,-0.0925462962962961,1.8423709931771084,2,0.0,0.0,0.8732737098805868,0.8732737098805868,0.8732737098805868,1,0.16,0.0,0,0.0,False,True,0.2857142857142857,0.0,0.0,0,0,-0.8545467
118,0.0,1.4056607849761658,1,0.1360827634879543,0.0,0.6808543582267266,0.6923120228182059,0.7235047810318432,0,0.7422222222222226,0.0,0,0.0,True,True,0.1764705882352941,23.671624184645573,0.0,0,4,0.3608606
119,0.0,1.476120721149274,1,0.0833333333333333,7.390798521735676,0.8753052890916679,0.8854444327020352,0.9076606610696916,0,0.3911111111111111,0.0,0,0.0,False,True,0.2307692307692307,11.835812092322788,0.0,0,0,0.21767984
120,0.0,1.4717374334224662,1,0.0,0.0,0.7458166334323245,0.7458166334323245,0.7932752521247711,0,0.3111111111111111,0.0,0,0.0,False,True,0.2727272727272727,0.0,0.0,0,1,0.093786374
121,0.0,1.640223928941852,1,0.0,0.0,0.8728451895946834,0.8506077525009399,0.8728451895946834,0,0.08,0.0,0,0.0,False,True,0.5,0.0,0.0,0,0,-2.035099
122,0.0,1.377028383842828,1,0.2471938745990654,7.946971357693591,0.8329341659511481,0.8455012645565919,0.8792746153726693,0,0.6133333333333334,0.0,0,0.0,True,True,0.2222222222222222,29.589530230806965,0.0,0,0,-0.9012893
123,0.0,1.4313076001654323,1,0.0,0.0,0.7659109581999143,0.7659109581999143,0.8068435878718127,0,0.3111111111111111,0.0,0,0.0,False,True,0.3333333333333333,5.917906046161393,0.0,0,1,-0.31410897
124,0.0,1.5617677112802777,1,0.0,0.0,0.8745925844266508,0.9107622975418276,0.921133915868877,0,0.3111111111111111,0.0,0,0.0,False,True,0.3333333333333333,0.0,0.0,1,0,0.06709428
125,0.0,1.490468570732828,0,0.6123724356957945,0.0,0.6021094901067964,0.5918000977748352,0.6021094901067964,0,0.0,0.0,0,0.0,False,True,0.2857142857142857,0.0,0.0,0,0,1.2016155
126,0.0,1.3921472236645345,0,0.1178511301977579,0.0,0.8639297000405968,0.9100052092619964,0.924071167826352,0,0.1911111111111111,0.0,0,0.0,False,True,0.2,0.0,0.0,1,0,-0.19819608
127,-0.7815110703866515,1.7582390733601851,4,0.5527637482392129,7.181591944611865,0.8477038539503058,0.90786441352951,0.8741746625773552,4,1.7727777777777782,0.0057682889501071,0,0.0303030303030303,True,True,0.1666666666666666,0.0,0.0,5,0,-1.6569316
128,-0.904576091029914,1.904169484320044,4,0.5527637482392129,7.181591944611865,0.8604318159582255,0.927366970808329,0.8989407010509846,4,1.3905555555555558,0.007075988644616,0,0.0384615384615384,True,True,0.1428571428571428,0.0,0.0,3,0,-1.3759115
129,-0.8935615379565995,1.8139247528036693,5,0.5527637482392129,7.181591944611865,0.8474937501201928,0.9104738841244796,0.8752715278979704,4,1.7727777777777782,0.0057682889501071,0,0.0454545454545454,True,True,0.1666666666666666,0.0,0.0,3,0,-1.4197088
130,-0.8974744949439504,1.7494780642666188,6,0.5527637482392129,7.181591944611865,0.8041338888243846,0.8617017359021716,0.8579084511686544,4,2.155,0.0043506287950732,0,0.05,False,False,0.1818181818181818,0.0,0.0,3,0,-0.8536065
131,-0.9131092380745744,1.7494780642666188,6,0.5527637482392129,7.181591944611865,0.8484716204294275,0.9092136003080924,0.8901731885752163,4,1.9950000000000008,0.0066842472903078,0,0.05,False,False,0.1818181818181818,0.0,0.0,3,0,-1.4602826
132,-1.2193534622281688,1.9456572611761351,6,1.174772216167359,7.181591944611865,0.841706360005034,0.90786441352951,0.867989887998962,6,1.9327777777777784,0.0063417635955514,0,0.0285714285714285,True,True,0.1578947368421052,0.0,0.0,3,0,-1.1005214
133,-0.5918081698164459,1.685662052770919,4,0.0,0.0,0.7977308590204912,0.8014865756401716,0.8108452245202228,2,0.8800000000000002,0.0082644628099173,0,0.0,True,True,0.5217391304347826,5.41499046939678,0.0,0,0,-1.9329765
134,-0.7922267079747285,1.6985957249448538,4,0.0,0.0,0.8171436272521979,0.8461731317409411,0.8285126518537261,2,1.724444444444445,0.0052810937659422,0,0.032258064516129,True,True,0.28125,5.41499046939678,0.0,2,0,-1.8946034
135,0.0,1.7295739585136225,1,0.0,0.0,0.873569864076289,0.8429809818837098,0.873569864076289,0,0.0,0.0,0,0.0,False,True,0.4,0.0,0.0,0,0,-1.0896131
136,0.0,2.054585169337799,1,0.0,0.0,0.9399316205211392,0.90701901811629,0.9399316205211392,0,0.0,0.0,0,0.0,False,True,0.5,0.0,0.0,0,0,-0.16181289
137,0.0,1.9547541343536352,5,0.0,0.0,0.6984449163630588,0.7180171149425625,0.6984449163630588,4,1.2800000000000002,0.0,0,0.0,False,True,0.4666666666666667,5.41499046939678,0.0,0,0,-2.599295
138,-0.3203950821605039,1.8454372523105549,4,1.0069086473878968,0.0,0.8172593941421574,0.8498025482814671,0.8459586331078405,1,2.408888888888889,0.0070789666749262,0,0.1,False,False,0.2580645161290322,0.0,0.0,2,0,-1.5996864
139,-0.1486501350034688,1.5101162067624423,4,0.6220084679281461,0.0,0.8233894915348751,0.853903961230761,0.8500548431092928,1,1.3244444444444448,0.008944665510322,0,0.037037037037037,True,True,0.3214285714285714,0.0,0.0,2,0,-1.2006035
140,-0.3832180362380366,1.6541869220523808,4,0.6220084679281461,0.0,0.8271422909856777,0.8600789806874132,0.8558415299513611,1,1.3244444444444448,0.008944665510322,0,0.037037037037037,True,True,0.3214285714285714,0.0,0.0,2,0,-2.077759
141,-0.2823538387071724,1.4879868996760075,4,0.7398595981259041,0.0,0.832377299796731,0.8733715234613971,0.8706073749263025,1,1.515555555555556,0.0065993265993266,0,0.032258064516129,True,False,0.2727272727272727,0.0,0.0,3,0,-1.4230002
142,-0.3980945794479134,1.5970264456395795,4,0.8144585576580214,0.0,0.8406344918859097,0.8820353787061285,0.8706073749263024,1,1.6266666666666671,0.0064165788071511,0,0.046875,False,False,0.2647058823529412,0.0,0.0,3,0,-2.0194128
143,-0.2366130979664318,1.531919635975994,4,0.6220084679281461,0.0,0.8172593941421578,0.8498025482814674,0.8459586331078405,1,1.3244444444444448,0.0087446058925559,0,0.0384615384615384,True,True,0.2962962962962963,0.0,0.0,2,0,-1.2682589
144,-0.2898741008478143,1.447451946839715,4,0.7621886974951644,0.0,0.8227739580883213,0.8685412761364586,0.904310653712328,1,1.764444444444445,0.005998151085387,0,0.0277777777777777,False,False,0.2564102564102564,0.0,0.0,4,0,-1.6238556
145,-0.2441333601070736,1.4879868996760075,4,0.6443375672974064,0.0,0.8315840299615097,0.8725391854283051,0.8945856813586166,1,1.5733333333333337,0.0072645648403224,0,0.032258064516129,True,False,0.2727272727272727,0.0,0.0,3,0,-1.5133169
146,-0.2213913762562331,1.4503582783395474,4,0.2998396842794429,0.0,0.8672830049670698,0.8963173869733514,0.8940291065545305,1,1.497777777777778,0.0059310718072246,0,0.032258064516129,False,False,0.2727272727272727,0.0,0.0,2,1,-1.2682589
147,-0.2339754299332219,1.7175224498288084,4,0.0,0.0,0.8758548962701429,0.9094636830789814,0.9031983256729788,1,0.7822222222222224,0.0082644628099173,0,0.0588235294117647,True,True,0.3529411764705882,0.0,0.0,0,0,-2.563633
148,-0.3159243927322721,1.7971592488363148,6,0.6220084679281461,0.0,0.8425517287919226,0.8906959592372969,0.8759660266170566,3,1.3244444444444448,0.0087446058925559,0,0.0384615384615384,True,True,0.2962962962962963,0.0,0.0,0,0,-2.310585
149,0.0,1.8647869792568117,3,0.6969234250586759,0.0,0.7763781639375945,0.786350715330922,0.7763781639375945,2,0.6400000000000001,0.0,0,0.0,False,True,0.4545454545454545,0.0,0.0,0,0,-1.4983127
150,0.0,1.935945569184765,3,0.0,0.0,0.8487498298256753,0.8617186471562276,0.8487498298256753,2,0.4800000000000001,0.0,0,0.0,False,True,0.5,0.0,0.0,0,0,-2.7925873
151,0.0,1.8647869792568117,3,0.0,0.0,0.8549307642657513,0.8659123211672695,0.8549307642657513,2,0.4800000000000001,0.0,0,0.0,False,True,0.5454545454545454,0.0,0.0,0,0,-1.198051
152,0.0,1.802689692334833,3,0.0,0.0,0.8600022632456077,0.8694918883597842,0.8600022632456077,2,0.6400000000000001,0.0,0,0.0,True,True,0.5833333333333334,0.0,0.0,0,0,-0.9019001
153,0.0,1.748394345536403,3,0.0,0.0,0.8642628209731508,0.8725948939439815,0.8642628209731508,2,0.6400000000000001,0.0,0,0.0,True,True,0.6153846153846154,0.0,0.0,0,0,-0.87773085
154,0.0,2.016875695766564,3,0.0,0.0,0.8409821589507599,0.8567135500246338,0.8409821589507599,2,0.4800000000000001,0.0,0,0.0,False,True,0.4444444444444444,0.0,0.0,0,0,-3.7032168
155,0.0,1.8492057424201191,3,1.0069086473878968,0.0,0.8151263744115469,0.8478126743971975,0.848090806064674,0,2.168888888888889,0.005158912355882,0,0.1111111111111111,False,False,0.25,0.0,0.0,2,0,-2.4289875
156,0.0,1.7315627185605464,3,0.8577107283236621,0.0,0.8151263744115469,0.8478126743971975,0.848090806064674,0,1.626666666666667,0.0058958998352937,0,0.08,True,True,0.2692307692307692,0.0,0.0,2,0,-2.5740623
157,0.0,1.513425233170183,3,0.6220084679281461,0.0,0.8151263744115471,0.8478126743971977,0.848090806064674,0,1.0844444444444448,0.0068785498078427,0,0.0434782608695652,True,True,0.2916666666666667,0.0,0.0,2,0,-2.416637
158,0.0,1.4893661763263144,3,0.488641942096356,0.0,0.852324180627812,0.8838581239743899,0.8826865162883414,0,1.0844444444444448,0.0070765373795676,0,0.0416666666666666,True,True,0.32,0.0,0.0,2,0,-2.0934865
159,0.0,1.4657700277448185,3,0.6443375672974064,0.0,0.8309873054643807,0.8732269699726519,0.901870734664742,0,1.333333333333334,0.0074278134884195,0,0.0357142857142857,True,True,0.2666666666666666,0.0,0.0,3,0,-2.077759
160,0.0,1.3920786935073337,3,0.669400440323503,0.0,0.8549532019389865,0.8800936125982155,0.8865308573616016,0,1.8888888888888893,0.0084277114580144,0,0.0333333333333333,False,False,0.25,11.835812092322788,0.0,2,1,-0.98589057
161,0.0,1.4251629522524671,3,0.2998396842794429,0.0,0.8704077027769713,0.89928139174443,0.9001696075388764,0,1.257777777777778,0.0054398315961314,0,0.0357142857142857,True,False,0.2666666666666666,0.0,0.0,2,1,-1.7663648
162,0.0,1.567429379083991,3,0.0,0.0,0.8552012647525012,0.8962385297261841,0.894805427112206,0,0.9244444444444446,0.0082542597694112,0,0.0476190476190476,True,True,0.3181818181818182,0.0,0.0,2,0,-2.4211237
163,0.0,1.7306502730537434,3,0.0,0.0,0.8941597809524066,0.927298569338156,0.9292114339285986,0,0.5422222222222224,0.0,0,0.0714285714285714,True,True,0.3571428571428571,0.0,0.0,0,0,-3.4669452
164,0.0,1.8171298975918944,5,0.6220084679281461,0.0,0.8452721019936397,0.8962385297261841,0.8844164472433781,2,1.0844444444444448,0.0068785498078427,0,0.0434782608695652,True,True,0.2916666666666667,0.0,0.0,0,0,-2.7723522
165,1.7222685185185187,1.3995812306460644,0,0.0,0.0,0.8506077525009399,0.8506077525009399,0.8506077525009399,0,0.16,0.0,0,0.0,False,True,0.3333333333333333,0.0,0.0,0,0,1.6572225
166,0.0,1.6854752972273344,2,0.0,0.0,0.8987154886667355,0.8987154886667355,0.8987154886667355,0,0.5333333333333334,0.0,0,0.0,False,True,0.1,0.0,0.0,0,1,-1.5889708
167,0.0,1.573402452417767,2,0.0,0.0,0.8956326161691388,0.8956326161691388,0.8956326161691388,0,0.6533333333333335,0.0,0,0.0,False,True,0.25,0.0,0.0,0,1,-0.6947253
168,0.0,1.7574839898128798,2,0.0,0.0,0.9136527498406264,0.9136527498406264,0.9136527498406264,0,0.3422222222222222,0.0,0,0.0,False,True,0.1111111111111111,0.0,0.0,0,1,-2.1666605
169,0.0,1.5496361647732702,6,0.5287510904306973,7.247792581767846,0.3962426451415723,0.3970139969011659,0.3989483892147876,0,5.848888888888891,0.0,0,0.0,False,False,0.3636363636363636,23.671624184645573,0.0,0,0,2.3324385
170,-0.5904160467420114,1.595461844238322,4,0.2357022603955158,0.0,0.7824530853950201,0.8120981752908925,0.8367658644290326,2,0.8444444444444446,0.0055096418732782,0,0.0,True,True,0.217391304347826,11.835812092322788,0.0,2,1,-1.2898673
171,0.2532407407407415,1.9942994759573032,2,0.343418919464003,6.968850378341948,0.8877037247906753,0.920062511143956,0.8877037247906753,2,0.365,0.0,0,0.0,False,True,0.1818181818181818,5.917906046161393,0.0,0,0,0.45733613
172,1.194490740740741,1.7841591278514215,0,0.0,0.0,0.90701901811629,0.90701901811629,0.90701901811629,0,0.16,0.0,0,0.0,False,True,0.3333333333333333,0.0,0.0,0,0,0.20781387
173,0.2945776643990934,1.7464353842388936,1,0.0,0.0,0.8915855958585936,0.8915855958585936,0.8915855958585936,1,0.16,0.0,0,0.0,False,True,0.5555555555555556,0.0,0.0,0,0,-2.793799
174,0.0445776643990933,1.6854752972273344,2,0.0,0.0,0.8843108934201204,0.8843108934201204,0.8843108934201204,1,0.16,0.0,0,0.0,False,True,0.5555555555555556,0.0,0.0,0,0,0.37817442
175,0.295208202108004,1.6214297638624395,1,0.0,0.0,0.8168763388888841,0.8168763388888841,0.8909504129629582,1,0.16,0.0,0,0.0,False,True,0.6363636363636364,0.0,0.0,0,0,-2.748738
176,0.2971816203197672,1.4633131163503208,1,0.0,0.0,0.646279694650699,0.646279694650699,0.757560752884799,1,0.16,0.0055096418732782,0,0.0,True,True,0.7333333333333333,0.0,0.0,0,0,-2.7144594
177,-0.452818379680233,1.5241695235278407,3,0.0,0.0,0.6828905749643449,0.6828905749643449,0.7958276850706585,1,0.16,0.0055096418732782,0,0.0,True,True,0.6666666666666666,0.0,0.0,0,0,-0.029315028
178,0.3041846437513626,1.6826341844733412,2,0.0,0.0,0.8484676279285007,0.8547339416166573,0.8793678569706804,2,0.32,0.0055096418732782,0,0.0,True,True,0.625,0.0,0.0,0,0,-2.2062416
179,-0.6233353372851016,1.70558726169826,4,0.2357022603955158,0.0,0.852664446049636,0.8913093082183967,0.8786589823021409,2,0.5422222222222224,0.009080706050403,0,0.0,True,True,0.3333333333333333,0.0,0.0,2,0,-1.8946943
180,-0.7227001650240565,1.8650842285606477,7,0.0,0.0,0.743470095879212,0.7615655413230972,0.8038176281392253,5,0.8000000000000002,0.0041322314049586,0,0.0,True,True,0.5714285714285714,0.0,0.0,0,0,-2.756916
181,-1.0933552624680725,1.8086328717325544,8,0.2357022603955158,0.0,0.7954935293342105,0.82623465712856,0.8388676497664778,6,1.2622222222222224,0.0073972043669013,0,0.0,True,True,0.4666666666666667,0.0,0.0,2,0,-3.2389927
182,-1.2493950732605144,1.8086328717325544,8,0.2480056452854308,0.0,0.7707083176586291,0.8004916433698281,0.8202787410097916,6,1.4222222222222225,0.0055567328294601,0,0.0,True,True,0.4666666666666667,0.0,0.0,2,0,-3.3666985
183,-1.1124956592759636,1.8372417358680384,8,0.2357022603955158,0.0,0.8076101089809203,0.8409920395708121,0.8540829189099979,6,1.1022222222222224,0.0100281312402524,0,0.0,True,True,0.4482758620689655,0.0,0.0,2,0,-3.2029204
184,-1.2697411996296388,1.8372417358680384,8,0.2480056452854308,0.0,0.7810542175928763,0.8133384812353013,0.8341660003689647,6,1.2622222222222226,0.0077188219480709,0,0.0,True,True,0.4482758620689655,0.0,0.0,2,0,-3.320306
185,0.0,1.490468570732828,0,0.0,0.0,0.740699867103041,0.7280175133855431,0.740699867103041,0,0.24,0.0,0,0.0,False,True,0.4285714285714285,0.0,0.0,0,0,0.9242793
186,-1.7346267717859551,1.8027497403869208,6,0.9971879438542404,7.881182202227102,0.7512738697833218,0.7840519551812278,0.7921943327901325,5,2.061666666666667,0.0100413845277112,0,0.0,False,False,0.2619047619047619,0.0,0.0,6,0,-0.51915884
187,-0.622577449189551,1.7841591278514215,4,0.2357022603955158,0.0,0.8408765914931052,0.8909478540072342,0.8751843969031775,2,0.5422222222222224,0.0055096418732782,0,0.0,True,True,0.25,0.0,0.0,2,0,-1.632543
188,-0.2224593726379433,1.764694686130739,3,0.1178511301977579,0.0,0.9100453773101052,0.9592283955968044,0.9100453773101052,1,0.5022222222222223,0.0,0,0.0357142857142857,True,True,0.2857142857142857,0.0,0.0,1,0,-5.5299807
189,-0.5364569516715973,1.6894822670191825,4,0.3190355937288491,0.0,0.8714977961412635,0.932068317636498,0.909608078626618,2,1.226666666666667,0.0075672550420025,0,0.0,True,True,0.1904761904761904,0.0,10.772448428929591,4,0,-2.4040046
190,-0.7071122816410509,1.7841591278514215,4,0.2357022603955158,0.0,0.90949220231325,0.963649284669078,0.90949220231325,2,0.6222222222222223,0.0,0,0.0,True,True,0.25,0.0,0.0,2,0,-2.720032
191,-0.598741340360895,1.633935163144951,5,0.3190355937288491,0.0,0.8023386067382953,0.8452150736067298,0.8541972858023608,2,0.6844444444444446,0.0085486903668721,0,0.0,True,True,0.3076923076923077,0.0,11.126902983393991,4,0,-3.229717
192,-0.8118551155667855,1.7397208106531798,5,0.2357022603955158,0.0,0.9083558838760158,0.9479099131401036,0.9083558838760158,2,0.6222222222222223,0.0076668561517046,0,0.0,True,True,0.3684210526315789,0.0,0.0,2,0,-2.4781075
193,0.0,1.7527152789797047,0,0.2721655269759087,0.0,0.8987744735266903,0.9467083407626374,0.8987744735266903,0,0.7244444444444447,0.0,0,0.0833333333333333,False,True,0.1666666666666666,0.0,0.0,1,0,-1.5846128
194,0.0,1.633731420642133,0,0.1666666666666666,0.0,0.8987744735266903,0.9467083407626374,0.8987744735266903,0,0.5333333333333334,0.0,0,0.0454545454545454,False,True,0.1818181818181818,0.0,0.0,1,0,-3.5297725
195,0.0,1.6068322783181097,0,0.1178511301977579,0.0,0.8805745296758872,0.9504402287649184,0.8805745296758872,0,0.5733333333333335,0.0,0,0.0,False,True,0.1666666666666666,11.33111286753076,0.0,2,0,-1.9651012
196,0.0,1.3566695198333112,0,0.1666666666666666,0.0,0.8670557321436217,0.9050844088127902,0.8670557321436217,0,0.5333333333333334,0.0,0,0.0,False,True,0.1818181818181818,6.923737199690624,0.0,2,0,-1.8041983
197,0.0,1.3250112108241772,0,0.1178511301977579,0.0,0.8700189407738361,0.9022630364981916,0.8700189407738361,0,0.5733333333333335,0.0,0,0.0,False,True,0.25,0.0,0.0,2,0,-0.9806733
198,0.0,1.633731420642133,0,0.1666666666666666,0.0,0.8987744735266903,0.9467083407626374,0.8987744735266903,0,0.5333333333333334,0.0,0,0.0454545454545454,False,True,0.1818181818181818,0.0,0.0,1,0,-2.39422
199,0.0,1.3921472236645345,0,0.0,0.0,0.8987744735266903,0.9467083407626374,0.8987744735266903,0,0.3422222222222223,0.0,0,0.0,False,True,0.2,0.0,0.0,1,0,-1.0147009
200,0.0,1.4441262659337386,0,1.0391943274084845,0.0,0.7696526263211605,0.7995479803590559,0.8155993859355914,0,2.297777777777778,0.0114557471459828,0,0.0,True,True,0.0789473684210526,37.51909858402682,0.0,5,5,1.6980468
201,0.0,1.5401797500584626,0,1.1840317135270717,0.0,0.786281886910556,0.825676911279222,0.7935772741690207,0,3.6266666666666674,0.011777223898436,1,0.0,True,True,0.032258064516129,0.0,0.0,5,4,2.6622813
202,0.0,1.4814525526116016,0,1.2654195771444368,8.094683648698815,0.7509683488979458,0.7816206746142537,0.7864203247377441,0,3.333333333333334,0.0082551873185481,1,0.0,True,True,0.0294117647058823,0.0,0.0,5,1,2.6308694
203,0.0,1.5353658743449792,0,0.7415816237971964,0.0,0.8202412400640985,0.8786080663533743,0.8277964230101834,0,3.288888888888889,0.0119035472570826,1,0.0,True,True,0.0294117647058823,0.0,0.0,7,4,2.542817
204,0.0,1.55499063467752,0,0.7721655269759087,7.75833346749091,0.7935775575033183,0.8410344037964657,0.8601115704902416,0,3.821111111111112,0.0082404556557854,1,0.0,False,False,0.0454545454545454,0.0,21.544896857859182,10,2,1.800638
205,0.0,1.4018121534954444,0,1.4638008806470058,0.0,0.7469181029821513,0.7852871403731885,0.7511280176750245,0,5.422222222222222,0.0105938362084731,1,0.0,False,False,0.0208333333333333,0.0,10.772448428929591,11,5,2.8512583
206,0.0,1.9182958340544891,1,0.0,0.0,0.9697238998682473,0.8710490642551527,0.9697238998682473,0,0.0,0.0,0,0.0,False,True,0.3333333333333333,0.0,0.0,0,0,-1.3814169
207,-0.7060687938967807,1.8119217115597808,4,0.0,0.0,0.8155707822215992,0.8381440884711661,0.8313204551225373,2,0.6622222222222225,0.0061947031644001,0,0.0,True,True,0.4166666666666667,0.0,0.0,0,0,-3.0958052
208,-0.903234487926044,1.772396072422482,4,0.0,0.0,0.8371460352897082,0.8866023551132431,0.8505300495945223,2,1.5066666666666668,0.003954698500153,0,0.032258064516129,True,True,0.2121212121212121,0.0,0.0,2,0,-2.251267
209,0.0,1.610577243331642,0,0.0,0.0,0.6523007394965068,0.6339833333166619,0.6523007394965068,0,0.0,0.0,0,0.0,False,True,0.2,0.0,0.0,0,0,2.1139433
210,0.0,1.633731420642133,0,0.1178511301977579,0.0,0.7975876963280446,0.8401250222879124,0.8987744735266903,0,0.5733333333333335,0.0,0,0.0454545454545454,False,True,0.1818181818181818,0.0,0.0,2,0,-2.5065746
211,0.0,1.3921472236645345,0,0.0,0.0,0.6711042248297373,0.706895874194506,0.6711042248297373,0,0.3822222222222223,0.0,0,0.0,False,True,0.2,0.0,0.0,2,0,-1.2835437
212,0.0,1.9416823878601936,2,0.0,0.0,0.6983809711599993,0.7510527726515923,0.7640753132420126,0,0.7822222222222223,0.0,0,0.0555555555555555,True,True,0.2105263157894736,0.0,0.0,0,0,-0.40787706
213,0.0,1.895146783327743,1,0.0,0.0,0.6291289747591652,0.6376562727099161,0.6889078715349575,1,1.5200000000000005,0.0,0,0.0,True,True,0.5217391304347826,0.0,0.0,0,0,-0.29019058
214,0.0,1.7682276056242228,1,0.0,0.0,0.620250198231988,0.626484715302183,0.6644781133386745,1,1.6800000000000002,0.0025429116338207,0,0.0,True,True,0.6071428571428571,0.0,0.0,0,0,0.23341146
215,0.0,1.6705153824634809,1,0.0,0.0,0.618420132905895,0.6233179157858358,0.6532107261514213,1,1.6800000000000002,0.0041322314049586,0,0.0,False,False,0.6666666666666666,0.0,0.0,0,0,0.72543913
216,0.0,1.5323941452664678,1,0.0,0.0,0.5962941140623511,0.5995644647076924,0.6458700227354122,1,1.6800000000000004,0.0034267284821608,0,0.0,False,False,0.7441860465116279,0.0,0.0,0,0,0.78174263
217,0.0,1.4819314943064883,1,0.0,0.0,0.5723958522866018,0.5751035915536721,0.6454406809645836,1,1.6800000000000002,0.0036537625054371,0,0.0,False,False,0.7708333333333334,0.0,0.0,0,0,0.7522224
218,0.5450925925925929,1.7464353842388936,1,0.1666666666666666,0.0,0.7884859367972993,0.7884859367972993,0.7884859367972993,1,0.4800000000000001,0.0,0,0.0,False,True,0.4444444444444444,5.917906046161393,0.0,0,0,0.40425974
219,-0.5206018518518516,2.0579243108310066,3,0.1666666666666666,0.0,0.9293244215506592,0.9467083407626374,0.9293244215506592,2,0.32,0.0,0,0.0,False,True,0.5,0.0,0.0,0,0,-4.442742
220,0.1300028344671209,1.97355611232775,3,0.1666666666666666,0.0,0.8914629392004517,0.9050844088127902,0.8914629392004517,2,0.32,0.0,0,0.0,False,True,0.4545454545454545,0.0,0.0,0,0,-0.31790563
221,0.1261226251035057,1.7967719927529546,3,0.1666666666666666,0.0,0.8911665941368658,0.929972121980486,0.9208350066900336,2,0.5511111111111112,0.0072314049586776,0,0.0,True,True,0.3888888888888889,0.0,0.0,1,0,-1.0556904
222,0.0763742356008081,1.7695943615050294,3,0.1666666666666666,0.0,0.8988246603066086,0.9284197430758898,0.9211566906130156,2,0.5511111111111112,0.0053667993061932,0,0.0,True,True,0.4285714285714285,0.0,0.0,1,0,-2.5863025
223,0.5640291950113381,1.853568158165228,1,0.1666666666666666,0.0,0.890135379039098,0.890135379039098,0.890135379039098,1,0.24,0.0,0,0.0,False,True,0.6363636363636364,0.0,0.0,0,0,-0.7599641
224,0.0,1.7273966735744792,0,0.0,0.0,0.9314714457178894,1.0000000000000004,0.9314714457178894,0,0.3422222222222223,0.0,0,0.0555555555555555,False,True,0.1111111111111111,0.0,0.0,0,0,-1.8959774
225,0.0,1.8753156176197316,1,0.0833333333333333,0.0,0.8892263943402581,0.9366510388806776,0.8892263943402581,0,0.6533333333333335,0.0,0,0.0909090909090909,False,True,0.1818181818181818,0.0,0.0,0,0,-1.5682364
226,0.0,1.7956828983511028,1,0.0833333333333333,0.0,0.8878275694755772,0.9267672896410716,0.8878275694755772,0,0.6533333333333335,0.0,0,0.0833333333333333,False,True,0.25,0.0,0.0,0,0,-1.0891675
227,0.0694444444444448,1.9362600275315276,2,0.2357022603955158,0.0,0.8750481154569111,0.8750481154569111,0.8750481154569111,1,0.0,0.0,0,0.0,False,True,0.1666666666666666,0.0,0.0,0,0,-1.3726734
228,0.4699537037037038,1.8423709931771084,2,0.0,0.0,0.8732737098805868,0.8732737098805868,0.8732737098805868,1,0.16,0.0,0,0.0,False,True,0.4285714285714285,0.0,0.0,0,0,-1.6212019
229,0.0534665532879818,1.6435270140593634,3,0.8796528112548947,0.0,0.5997964107986723,0.606112844141439,0.5997964107986723,1,1.0222222222222224,0.0,0,0.0,True,True,0.1428571428571428,10.82998093879356,0.0,0,0,0.40597516
230,0.0,1.813183850507562,5,0.3938026764748812,0.0,0.9615539600943472,0.9615539600943472,0.9807769800471736,0,1.115555555555556,0.0,0,0.0,False,True,0.1538461538461538,0.0,0.0,0,1,-4.4555707
231,-1.3638854770303177,1.7474130395316414,8,0.2753775377200259,0.0,0.7730462353244482,0.7891944766987268,0.809933540914437,3,1.995555555555556,0.0,0,0.0,False,True,0.2272727272727272,0.0,0.0,0,1,-0.36562508
232,0.0,1.683157328518199,5,0.2753775377200259,0.0,0.7966917186688699,0.7966917186688699,0.8608458593344348,0,1.435555555555556,0.0,0,0.0,True,True,0.3125,0.0,0.0,0,1,-0.44898838
233,0.0,1.583486490151956,5,0.2753775377200259,0.0,0.7596554861115126,0.7596554861115126,0.8063853399503029,0,1.515555555555556,0.0,0,0.0,True,True,0.4210526315789473,0.0,0.0,0,1,0.857006
234,-1.492625556395397,1.776233967978774,8,0.2983894022963089,0.0,0.7594062075985293,0.7769718920890912,0.8002918714294374,3,1.995555555555556,0.0,0,0.0,True,True,0.1904761904761904,0.0,0.0,0,1,-1.0853481
235,0.0,1.6136656666753135,5,0.2983894022963089,0.0,0.745292998299391,0.745292998299391,0.7967652598440199,0,1.515555555555556,0.0,0,0.0,True,True,0.3888888888888889,0.0,0.0,0,1,0.97267675
236,0.0,1.9591479170272448,1,0.0,0.0,0.6144982234195134,0.5929809818837098,0.6144982234195134,0,0.0,0.0,0,0.0,False,True,0.2,0.0,0.0,0,0,2.3636758
237,0.0,1.4056607849761658,1,0.2471938745990654,0.0,0.760181426029589,0.8227268557863091,0.8351685583797193,0,1.2666666666666668,0.0,0,0.0238095238095238,True,True,0.1304347826086956,0.0,22.253805966787983,4,0,-0.017728766
238,-0.3318238803272815,1.635951944644828,4,1.4824705059093168,0.0,0.8063179889254432,0.8382809993877665,0.8227897396242282,2,4.635555555555555,0.0088617139614922,0,0.0697674418604651,False,False,0.1304347826086956,11.332896515558172,0.0,5,1,0.7684656
239,0.0,1.6304423781291395,4,1.691632388298685,8.127109185346375,0.7427319500411808,0.8006545935795447,0.7701214786924344,0,5.208888888888889,0.0088512510061331,2,0.0212765957446808,False,False,0.037037037037037,50.35717453382401,22.253805966787983,14,1,2.7850845
240,0.0,1.5182666588963805,4,2.579703575756384,8.127109185346375,0.6536788844473882,0.6891099501219644,0.6710229379631444,0,7.342222222222222,0.0104497067398812,2,0.0169491525423728,False,False,0.0294117647058823,22.66222573506152,22.253805966787983,14,3,2.8996704
241,0.0,1.591558343025782,4,2.2243244587497903,8.127109185346375,0.704020314572543,0.7498619368751858,0.7191025486848295,0,5.032222222222223,0.0079298718658609,2,0.0196078431372549,False,False,0.0344827586206896,22.66222573506152,22.253805966787983,12,1,3.1802967
242,0.0,1.6434438032502008,4,1.3582990549653515,8.127109185346375,0.7945284146993606,0.8631475970672198,0.8148836360462662,0,4.792222222222222,0.0086617221162675,2,0.0222222222222222,False,False,0.0384615384615384,36.50970013444277,22.253805966787983,12,1,2.7204971
243,0.0,1.6434438032502008,4,1.5249657216320185,8.127109185346375,0.825061246719719,0.8963173869733512,0.8454164680666248,0,4.809444444444445,0.0083336865155046,2,0.0222222222222222,False,False,0.0384615384615384,36.50970013444277,22.253805966787983,12,1,2.6689732
244,0.0,1.6452768781158806,4,1.3582990549653515,8.127109185346375,0.8029291892236281,0.8804936684197647,0.8373435394184351,0,4.41,0.0081375102239483,2,0.0232558139534883,False,False,0.04,22.66222573506152,22.253805966787983,10,1,2.6633189
245,0.0,1.6163485660751646,1,0.1924500897298752,0.0,0.7695203916807803,0.8078347747194917,0.840334230907383,0,0.5644444444444445,0.0,0,0.0454545454545454,False,True,0.0909090909090909,13.847474399381248,0.0,2,0,0.56658673
246,-0.6922580992273442,1.7496990604343905,9,1.5100492821417186,0.0,0.7636993585039422,0.8119480917077241,0.8391473058506059,5,3.631111111111112,0.005928894083164,0,0.0238095238095238,False,False,0.1777777777777777,27.694948798762496,11.126902983393991,8,0,0.055416588
247,-0.0361067348269035,1.4843559791259084,3,1.0069086473878968,0.0,0.6717714070252903,0.6991970518395418,0.7600963553376704,1,2.4888888888888894,0.0112604465221545,0,0.04,True,False,0.1538461538461538,27.694948798762496,0.0,6,0,0.33889607
248,-0.2004276976031946,1.4658058420723152,4,1.2914264442523211,0.0,0.7267253539467002,0.7622153669487347,0.8036430265400465,2,2.791111111111112,0.0058618113359071,0,0.0303030303030303,False,False,0.1714285714285714,27.694948798762496,0.0,8,0,0.1626814
249,-0.2773679848842474,1.4658058420723152,4,1.2914264442523211,0.0,0.7377135928886068,0.7737402222902203,0.8036430265400465,2,2.871111111111112,0.008423630241812,0,0.0303030303030303,False,False,0.1714285714285714,27.694948798762496,0.0,8,0,0.33821142
250,-0.2342420009272203,1.3513944642589326,4,1.4824705059093168,0.0,0.7560755673317318,0.7813371368970964,0.7975074247727493,2,4.635555555555555,0.0088617139614922,0,0.0232558139534883,False,False,0.1304347826086956,39.02784531432067,0.0,9,1,1.1676846
251,-0.1656568952047363,1.382902448178046,4,1.455692870861236,0.0,0.7919559725322437,0.8219639210644929,0.846983327433205,2,3.204444444444445,0.0067643987695567,0,0.025,False,False,0.1627906976744186,39.53076089108528,0.0,8,1,0.86984146
252,-0.907453939029967,1.6057848060815438,8,3.061001044257268,7.901377353792616,0.7174188076807719,0.7588575309893604,0.74726566067692,4,9.414444444444444,0.0088708635173281,1,0.0303030303030303,False,False,0.0789473684210526,39.53076089108528,38.79191527018213,14,3,1.9226217
253,0.0,1.7859867513206933,6,1.288466008634729,0.0,0.7301250118017932,0.7760498789936372,0.7613318889655167,0,5.413333333333334,0.0083398765875709,1,0.024390243902439,False,True,0.0434782608695652,22.66222573506152,0.0,4,3,1.9310657
254,0.0,1.5809172530941389,4,2.472813719760212,0.0,0.7055233660587298,0.749617299931266,0.7055233660587298,0,7.973333333333334,0.0094823150915994,1,0.0192307692307692,False,False,0.0333333333333333,22.66222573506152,10.772448428929591,12,5,3.4540105
255,0.0,1.7246767653542676,4,1.5642494316979376,8.094683648698815,0.7087577817336587,0.7550404962380136,0.7520313859831335,0,4.64,0.0094914027237259,1,0.0256410256410256,True,False,0.0454545454545454,22.66222573506152,0.0,6,1,2.6322033
256,0.0,1.6856804340948992,4,1.5642494316979376,8.094683648698815,0.7189972492476373,0.7514453826177059,0.7566646972220527,0,4.64,0.0094914027237259,1,0.0256410256410256,False,True,0.0909090909090909,0.0,0.0,6,1,2.4854774
257,0.0,1.554278655916765,4,2.675340293979631,8.787678239039497,0.6788675809677294,0.7157460651834929,0.7348136156056245,0,7.680000000000001,0.0083485878791879,2,0.0151515151515151,False,False,0.0256410256410256,0.0,44.133605740930086,8,1,1.7923917
258,-0.6429743178708225,1.6392636042410225,8,2.6142141408709114,8.695674048824253,0.7224598457675281,0.762509984643848,0.7786993963063215,4,7.3788888888888895,0.0086844612278728,1,0.0327868852459016,False,False,0.0571428571428571,27.694948798762496,38.79191527018212,12,0,1.8864907
259,-0.5470505440521098,1.563957159690912,8,2.661026259375613,8.695674048824253,0.7484058679861078,0.7942994768352764,0.7899737225877649,4,8.26777777777778,0.0079104093950229,1,0.0273972602739726,False,False,0.0588235294117647,13.847474399381248,71.46371511143529,16,0,2.4149733
260,-1.4104331079167602,1.8357027917212487,8,3.777289690145701,8.695674048824253,0.7601673359760379,0.8040752508041565,0.7954408895169405,4,7.956666666666668,0.0078673805449761,1,0.0277777777777777,False,False,0.073170731707317,0.0,38.79191527018212,10,0,1.4313638
261,0.0,1.6725888313728627,4,1.7912942208568985,8.183955717304954,0.7784529323821413,0.821778263460307,0.8242209886769924,0,5.255000000000001,0.0086110966728462,1,0.0238095238095238,False,False,0.0851063829787234,28.580131781222917,0.0,6,1,2.763428
262,0.0,1.7381493331928664,1,0.0,0.0,0.9251099295352732,1.0000000000000002,0.9251099295352732,0,0.3422222222222223,0.0,0,0.0555555555555555,False,True,0.1111111111111111,0.0,0.0,0,0,0.6062471
263,0.0,1.7018426023909723,4,1.1571348402636772,0.0,0.697330448091342,0.7520720601605787,0.7359510411264346,0,6.773333333333335,0.0088105144221867,1,0.046875,False,False,0.1111111111111111,22.66222573506152,66.76141790036395,14,1,1.7536316
264,0.0,1.5987286993166216,4,1.1571348402636772,0.0,0.6820328629785767,0.7423619988188885,0.7268939582181196,0,6.933333333333335,0.0075425203983514,1,0.0147058823529411,False,False,0.1052631578947368,67.98667720518456,66.76141790036395,18,1,1.8006762
265,0.0,1.4949377857546078,4,1.1571348402636772,0.0,0.6761273515937178,0.7222654179940474,0.7093696955698524,0,6.773333333333335,0.0088105144221867,1,0.015625,False,False,0.1111111111111111,50.35717453382401,66.76141790036395,18,1,2.1320386
266,0.0,1.5145875202787882,4,1.1571348402636772,0.0,0.6654207756468905,0.717657424803649,0.7359510411264347,0,6.00888888888889,0.00700365851881,1,0.0166666666666666,False,False,0.1176470588235294,22.66222573506152,66.76141790036395,14,1,2.31141
267,0.8058564287842885,1.8616157143988104,3,0.2222222222222222,0.0,0.8274786063900829,0.8913093082183967,0.8779320355945816,1,1.3244444444444443,0.0082498870377658,0,0.0454545454545454,True,True,0.1739130434782608,0.0,5.573104530069267,3,0,-0.52287877
268,-0.0351570868318011,1.4435088359999462,3,1.0302567583920093,0.0,0.6968825787669023,0.7215581226337323,0.7223336125313551,1,2.106666666666668,0.0072861712790411,0,0.037037037037037,False,False,0.2142857142857142,0.0,0.0,4,0,-0.25533074
269,-0.0441852472235977,1.531401088664749,3,0.8577107283236621,0.0,0.7499468055570793,0.7859436003784067,0.7846987262505446,1,1.786666666666667,0.0100896733893366,0,0.0434782608695652,True,True,0.1666666666666666,13.847474399381248,0.0,4,0,-1.2069306
270,-0.0316270898927133,1.4843559791259084,3,0.7886751345948129,0.0,0.7509318139197944,0.781589250352647,0.7803734633572544,1,1.946666666666667,0.008944665510322,0,0.04,True,False,0.2307692307692307,0.0,0.0,4,0,-0.71839917
271,-0.0522637596202919,1.5847728337743971,3,0.6220084679281461,0.0,0.7793581629872436,0.8244824310018039,0.8214813248498052,1,1.0844444444444448,0.0082498870377658,0,0.0476190476190476,True,True,0.1818181818181818,0.0,0.0,2,0,-0.28545728
272,-0.5082304803629554,1.7336287534602095,6,1.7649998788039971,0.0,0.798652527794428,0.8437954096206869,0.8383612125147133,4,2.4088888888888897,0.0086417380286302,0,0.0476190476190476,False,False,0.1777777777777777,0.0,0.0,2,0,-0.62707895
273,-0.0311116875528159,1.4435088359999462,3,0.6157420880884381,0.0,0.7525878131222896,0.7792357939474099,0.7780388468867427,1,1.8666666666666671,0.00698515850031,0,0.037037037037037,False,False,0.2857142857142857,13.847474399381248,0.0,4,0,-0.4517353
274,-0.0310650086425006,1.4080548224512182,3,0.3800398276929222,0.0,0.747601890083902,0.7709153362102641,0.792307207161098,1,1.1644444444444446,0.0078461381491684,0,0.0344827586206896,False,False,0.4,0.0,0.0,2,0,0.019861836
275,-0.0227783542194823,1.478690646751615,3,0.6157420880884381,0.0,0.7538381828212565,0.7873025482814672,0.802091046365741,1,1.5288888888888894,0.0104998562298837,0,0.0384615384615384,True,False,0.1428571428571428,13.847474399381248,0.0,4,1,-1.6826849
276,-0.1797020273718739,1.4599344207871634,4,0.9002598849528627,0.0,0.7874925226963184,0.8278294673511787,0.8344901513476273,2,1.9111111111111116,0.004504796974953,0,0.0294117647058823,False,False,0.1621621621621621,13.847474399381248,0.0,6,1,-0.8423139
277,0.0,1.5402195093092514,4,2.388828142400637,8.51097389160232,0.7620052277769305,0.8121805083044202,0.8134478980306681,0,7.077777777777779,0.0073890601542116,3,0.0142857142857142,False,False,0.0481927710843373,0.0,55.26050872432408,10,1,1.3424227
278,0.0402754395809956,1.5453399940466048,3,0.1924500897298752,0.0,0.8385987124942146,0.905920755354596,0.9256866094937516,1,1.186666666666667,0.0047079744049441,0,0.0416666666666666,True,True,0.1923076923076923,0.0,0.0,2,0,1.4499402
279,0.0,1.4125343852499448,4,2.0565939411828977,0.0,0.6658693294592424,0.6908382856410753,0.7333204680842949,2,3.8533333333333344,0.0046569592024137,0,0.0217391304347826,False,False,0.2244897959183673,0.0,0.0,6,0,0.9597042
280,0.0,1.517068672276094,4,1.7086325525620762,0.0,0.7512371792430463,0.7909654470336053,0.8476031311685381,2,3.213333333333334,0.0076432776967536,0,0.0263157894736842,False,False,0.1707317073170731,27.694948798762496,0.0,6,0,0.20898336
281,0.0,1.4326150215089102,4,1.872898979170991,0.0,0.7964741009649874,0.8300123485153841,0.8649509110150235,2,3.6266666666666674,0.0073421079481685,0,0.0222222222222222,False,False,0.1632653061224489,39.53076089108528,0.0,6,1,0.7713858
282,0.0,1.5843288833355649,4,1.2440169358562922,0.0,0.8025623429581268,0.8554187176688673,0.8646163028763004,2,1.8088888888888892,0.0045585727403909,0,0.0294117647058823,False,False,0.1891891891891892,0.0,0.0,2,0,-0.6967812
283,-0.0240704239493467,1.4724674212130748,3,0.9626701469898156,8.094683648698815,0.7080713953844079,0.7418604679769376,0.7358251286557406,1,2.232222222222223,0.0115498418528721,0,0.037037037037037,True,False,0.0666666666666666,0.0,0.0,4,0,0.36755294
284,-0.813696088378697,1.5418199492548963,4,2.3483547619718186,8.689632748355741,0.7183207770120769,0.7558892931200325,0.8078255010980904,4,4.435555555555556,0.011242465810367,2,0.0,False,False,0.0204081632653061,27.694948798762496,0.0,12,0,2.5078893
285,-1.0554998640490656,1.432627080296912,4,2.838753463785876,7.887959336599945,0.7227915366866954,0.7685444621537749,0.7772106731559416,4,7.520000000000001,0.0078136219172752,1,0.0,False,False,0.0571428571428571,25.68328649170403,32.671799841253176,18,3,2.2773657
286,-0.9704448543908823,1.4865555523217835,4,2.3105786967821524,7.887959336599945,0.7436158811120923,0.7947139932835561,0.801051856494721,4,5.777777777777779,0.0083693862289949,1,0.0,False,False,0.0327868852459016,13.847474399381248,32.671799841253176,16,3,2.4265203
287,-1.0879072714564737,1.4578354767617367,4,2.606495254732944,7.887959336599945,0.7422653370957222,0.7963855251296115,0.8055244672775271,4,6.5600000000000005,0.0080976262794444,1,0.0,False,False,0.0303030303030303,13.847474399381248,32.671799841253176,18,3,2.2665553
288,-0.9350778238293344,1.4618278700803204,4,2.391966560399517,8.689632748355741,0.7504529703175802,0.796475127090783,0.826821999212855,4,5.484444444444446,0.0095270297525406,2,0.0,False,False,0.03125,13.847474399381248,32.671799841253176,16,0,2.482836
289,0.0,1.8051413787575816,4,1.2028514353585045,7.887959336599945,0.7448879326761171,0.8033804393991784,0.8270438193813484,4,2.3600000000000003,0.0099734720946842,0,0.074074074074074,True,True,0.0333333333333333,20.771211599071872,27.232283132542747,7,0,1.065482
290,-1.1391281015092578,1.6761730338896517,6,1.2028514353585045,7.887959336599945,0.7716282040866196,0.8271596188622682,0.839353680417534,4,3.0444444444444456,0.0074372995585116,0,0.024390243902439,False,False,0.108695652173913,20.771211599071872,0.0,7,0,0.037034474
291,0.0,1.7512671301905287,8,3.98502004079782,8.689632748355741,0.7670996981271495,0.8107829605503116,0.816381765652812,4,7.653333333333334,0.0101243268168332,2,0.0277777777777777,False,False,0.036144578313253,13.847474399381248,71.89644426568069,12,0,0.9542425
292,-2.920383789475374,1.838126598708548,6,3.866215401797912,7.887959336599945,0.7657097880879121,0.8172293344792554,0.799575839686558,4,6.631111111111112,0.0097272387171377,1,0.0175438596491228,False,False,0.0461538461538461,0.0,0.0,12,3,-0.26730856
293,0.0,1.4762856555827246,0,0.1178511301977579,6.762729506931879,0.8357920797122742,0.853913375925921,0.8662879067434499,0,0.285,0.0,0,0.0,True,True,0.3846153846153846,0.0,0.0,1,0,0.96611476
294,0.0,1.5745026554217976,2,1.992790383709507,0.0,0.7005796154678976,0.7467737522850652,0.7005796154678976,0,6.177777777777779,0.0095021359843494,1,0.0,False,True,0.0408163265306122,11.835812092322788,11.033401435232523,6,4,0.8615344
295,0.0,1.7807688896439655,8,2.986349491166349,8.689632748355741,0.7739903018879006,0.8224467385787019,0.8170075291889055,4,7.44888888888889,0.0090178358865227,2,0.0289855072463768,False,False,0.025,0.0,83.02334724907466,12,0,1.30103
296,-0.3581091650109405,1.7091937930018353,7,2.556182537496973,8.37539918579835,0.8080120438519587,0.86312877852429,0.8565685534967711,5,6.696666666666668,0.0083583579906812,0,0.0375,False,False,0.1098901098901098,0.0,49.48608909933073,14,0,-0.10237291
297,-3.173456835433416,1.6817632882424454,8,2.748632627226848,8.37539918579835,0.8030738159194691,0.8571260631566425,0.8642942038098438,6,7.078888888888891,0.0082412404510579,0,0.0113636363636363,False,False,0.12,0.0,22.253805966787983,16,0,-0.20760831
298,-4.774216332104888,1.750396074068119,7,4.161043391596783,8.37539918579835,0.7996748157247006,0.8495576626178934,0.8552196913687998,5,8.278888888888892,0.0081763395926768,0,0.0105263157894736,False,False,0.1121495327102803,0.0,22.253805966787983,16,0,0.004321374
299,-2.36125766309532,1.6883744536144183,8,2.556182537496973,8.37539918579835,0.8037331587118254,0.8573203525679627,0.8640994988959732,5,6.998888888888891,0.008217096694815,0,0.0172413793103448,False,False,0.1212121212121212,0.0,22.253805966787983,14,0,-0.07572071
300,-4.296864722721629,1.7305472849719417,6,4.390614208376759,8.689632748355741,0.7684730599482956,0.8098944142681497,0.8074598767565777,4,7.3255555555555585,0.0093826431705219,0,0.0113636363636363,False,False,0.0909090909090909,0.0,22.253805966787983,16,0,0.08278537
301,-1.943654216296836,1.66674367857983,7,2.785753354276948,8.689632748355741,0.7692561803434906,0.8136728953080035,0.8128840624266892,4,6.045555555555557,0.0095372987384006,0,0.01875,False,False,0.0989010989010989,0.0,22.253805966787983,14,0,-0.38721615
302,-1.682635822314433,1.5967234100830057,8,3.4077618222050936,8.689632748355741,0.7668517034441676,0.807976982104948,0.8095043438659052,4,6.970000000000002,0.0090068085233219,0,0.0208333333333333,False,False,0.1192660550458715,0.0,22.253805966787983,16,0,-0.45593196
303,-1.6081232153355156,1.712935039619369,4,1.1712001829483536,0.0,0.7978829669424462,0.8316407314190501,0.804682631593923,2,2.2622222222222224,0.0082542597694112,0,0.0,True,True,0.3571428571428571,22.66222573506152,0.0,1,0,0.7253407
304,-2.451531897745189,1.728707842226376,7,1.0671608896316762,7.887959336599945,0.8142804120550975,0.8777907032040732,0.874826298432339,6,3.2533333333333347,0.0068249065494244,0,0.0306122448979591,False,False,0.1272727272727272,0.0,0.0,6,0,-1.5228788
305,0.0,1.416361954434675,2,0.4666099714203531,0.0,0.830576720017683,0.8943865666187867,0.8963189526491324,0,3.022222222222223,0.0062175759145456,0,0.0208333333333333,False,False,0.1272727272727272,0.0,55.31703531749555,7,0,-0.3374579
306,-4.338689111206076,1.7918408776349417,6,3.511277394720274,7.887959336599945,0.7642481660473375,0.8128204208524147,0.8085662041414422,4,5.857777777777779,0.0083776908375838,0,0.0126582278481012,False,False,0.1136363636363636,0.0,33.380708950181976,14,0,0.17897695
307,-4.373017622573792,1.83844771362182,6,3.4279440613869405,7.887959336599945,0.7893220120504362,0.839845862222173,0.8297080948405589,4,5.715555555555557,0.0080898713221945,0,0.0136986301369863,False,False,0.1111111111111111,0.0,22.253805966787983,12,0,0.07554696
308,-4.381840603731041,1.918869670989908,6,3.4279440613869405,8.132412674500905,0.8006409127522888,0.852272490752702,0.8372338474969933,4,5.913333333333335,0.0087494722968729,0,0.0138888888888888,False,False,0.1125,0.0,20.881197370796592,10,0,0.22530928
309,-1.3301764206926712,1.5080755669522956,8,1.7014727424497378,7.887959336599945,0.792144470116315,0.8414930049368883,0.8532861120215226,4,4.417777777777779,0.0071195033595739,0,0.0289855072463768,False,False,0.1538461538461538,13.847474399381248,11.126902983393991,10,0,-1.7200891
310,-4.404875067199915,1.8816401362087416,6,3.4279440613869405,7.887959336599945,0.8188308046008568,0.871836225972274,0.8634021740081567,4,5.795555555555557,0.0084613544039663,0,0.0136986301369863,False,False,0.1111111111111111,0.0,22.514758973090917,10,0,0.29003462
311,0.0,1.7737369550246451,5,0.8314586292361601,7.887959336599945,0.8396284690007035,0.9180550389682688,0.8812643908699033,4,2.0088888888888894,0.0073124341053633,0,0.0806451612903225,True,True,0.0857142857142857,0.0,27.232283132542747,4,0,-1.587567
312,-0.3259450298066157,1.4650037904249682,5,0.7805958655852391,7.221835825288449,0.8065435354437959,0.8680781178484345,0.8714398128269292,2,2.1788888888888893,0.0043923840523988,0,0.025,False,False,0.1555555555555555,0.0,0.0,5,0,-1.0737699
313,-1.283174830406561,1.6818655929351,5,0.9147919625694936,7.887959336599945,0.8303837944433174,0.903212545825712,0.8875872736408901,4,2.231111111111112,0.0081576369758187,0,0.0135135135135135,True,True,0.0952380952380952,0.0,11.126902983393991,6,0,-0.6331103
314,-1.2410836451045253,1.582103142127762,7,1.4534670971643069,7.887959336599945,0.7853379345243476,0.8393030082809982,0.8468386942811243,4,3.235555555555557,0.0066124705162138,0,0.0277777777777777,False,False,0.1475409836065573,0.0,0.0,6,0,-1.4999439
315,-0.2782090088797584,1.6037154211354407,6,1.2101542437835098,7.221835825288449,0.8098219525927183,0.872849138693163,0.8662421385521538,3,2.2588888888888894,0.0051466983672762,0,0.024390243902439,False,False,0.1521739130434782,0.0,0.0,3,0,-0.85387194
316,-3.439372496384065,1.7209708041364369,4,4.85562735605062,7.901377353792616,0.69037209738284,0.7201482339445617,0.7294652206603892,4,6.6544444444444455,0.0076755486121877,0,0.0,False,False,0.1351351351351351,0.0,0.0,12,0,1.5814611
317,-2.476942960264953,1.7106089255451828,4,3.7112897887532137,7.901377353792616,0.66108907108202,0.6890836904176791,0.6966082055378925,4,5.605555555555556,0.0081211197163169,0,0.0,False,False,0.1428571428571428,0.0,0.0,11,0,1.3190367
318,-2.984047387894928,1.939755798399146,4,3.464337392012846,7.901377353792616,0.7178894294495447,0.7608200390500057,0.7700529730132476,4,4.423333333333335,0.0089909192939495,0,0.0,False,False,0.0638297872340425,27.694948798762496,0.0,9,0,1.545601
319,-2.4795400393031697,1.752760997862835,4,3.628317583895975,7.901377353792616,0.7179738941002937,0.7585823350866852,0.8113215637665028,4,5.810000000000002,0.0071241710029588,0,0.0,False,False,0.0793650793650793,41.54242319814374,22.253805966787983,15,0,1.3976362
320,-2.599889361454345,1.7865191975130672,4,3.588870593049012,7.901377353792616,0.7270414507052002,0.7641517304326363,0.7463800259790839,4,5.525555555555557,0.0095921715705763,0,0.0,False,False,0.1034482758620689,13.847474399381248,11.126902983393991,11,0,1.6079836
321,-2.6371100532204927,1.851969989822692,4,3.3831180640114784,7.901377353792616,0.7283410445330356,0.772613546023861,0.7774693237505476,4,5.045555555555557,0.0069032933458006,0,0.0,False,False,0.074074074074074,27.694948798762496,11.126902983393991,11,0,1.3849212
322,-2.705041867411325,1.7826709198677728,4,3.5111495105175483,7.901377353792616,0.7389674955175947,0.7901030496616049,0.7859980637121107,4,5.312222222222224,0.0081793883855739,0,0.0,False,False,0.064516129032258,13.847474399381248,32.671799841253176,13,0,1.9696484
323,-3.475485137951252,1.769559583363412,4,4.649874827013086,7.901377353792616,0.7534981484887061,0.7904196959675065,0.7807397303548532,4,6.494444444444445,0.0074521771124158,0,0.0,False,False,0.1142857142857142,13.847474399381248,0.0,12,0,1.3709136
324,-3.5115977795184383,1.81948749557764,4,4.44412229797555,7.901377353792616,0.7572894035272586,0.8001215208304826,0.8092191850790342,4,6.014444444444446,0.0066554260288209,0,0.0,False,False,0.0909090909090909,27.694948798762496,0.0,12,0,1.0150801
325,-3.2048377194199427,1.9594342223355057,4,3.2709499502343844,7.901377353792616,0.7687398811211095,0.8174047241941368,0.8359045026809319,4,4.072222222222223,0.007701619368286,0,0.0,False,False,0.0652173913043478,20.771211599071872,0.0,8,0,1.3640543
326,-2.6009411500928685,1.6681908156553231,4,4.181695255126502,8.38776764397578,0.7348909818141072,0.7749946930650405,0.7658553511159525,4,6.345555555555556,0.0074408568347962,1,0.0,False,False,0.0945945945945946,13.847474399381248,11.126902983393991,15,0,1.6079836
327,-2.637053791660056,1.7105761635874697,4,3.975942726088967,8.38776764397578,0.7353560520159516,0.7812541185996901,0.7898625926520311,4,5.865555555555557,0.0067380574933718,1,0.0,False,False,0.0714285714285714,27.694948798762496,11.126902983393991,15,0,1.4397768
328,-2.513055601832141,1.7706031407506857,4,3.505537259715679,7.901377353792616,0.7323981590764403,0.768321598748647,0.7530961590818397,4,5.285555555555557,0.0078868045534712,0,0.0,False,False,0.1186440677966101,13.847474399381248,0.0,11,0,1.0972357
329,-2.5491682433993272,1.835586134905194,4,3.299784730678145,7.901377353792616,0.7342508319996577,0.7768674088505703,0.7836163498526016,4,4.645555555555557,0.006630635357908,0,0.0,False,False,0.0909090909090909,27.694948798762496,0.0,11,0,0.59858084
330,-2.4487029847522503,1.7706031407506857,4,3.2077372723730124,7.901377353792616,0.72120360266015,0.7565779598871131,0.7625996026709486,4,4.965555555555557,0.0078868045534712,0,0.0,False,False,0.1525423728813559,0.0,0.0,11,0,0.8534269
331,-5.62138731340383,1.914306985899633,6,5.035176022627217,7.901377353792616,0.7704537511117943,0.8146616168775215,0.7977030326193607,6,6.707777777777779,0.0074550328394555,0,0.0135135135135135,False,False,0.1111111111111111,13.847474399381248,0.0,11,0,0.5164986
332,-6.230749685803772,1.88961826808414,8,5.035176022627217,7.901377353792616,0.7681134113104833,0.813152238787958,0.7959940612730267,6,6.707777777777779,0.0074550328394555,0,0.0135135135135135,False,False,0.1111111111111111,13.847474399381248,0.0,11,0,0.54704833
333,-2.670237625236954,1.883391951965108,4,3.277946241465228,7.901377353792616,0.7623386691317121,0.8134657783587087,0.7910669260060186,4,4.183333333333335,0.0067427917248153,0,0.0,False,False,0.0769230769230769,13.847474399381248,11.126902983393991,9,0,0.2461265
334,-5.22542180597334,1.914306985899633,6,5.035176022627217,7.901377353792616,0.7716415038597995,0.8159175216904248,0.7977030326193607,6,7.02777777777778,0.0077723021460395,0,0.0135135135135135,False,False,0.1111111111111111,13.847474399381248,0.0,11,0,0.37630925
335,-5.270953509610687,1.9323934896284056,6,4.863115201683151,7.901377353792616,0.7726506992372929,0.8200216947920524,0.8065669637092292,6,6.1655555555555575,0.0083274665850423,0,0.0138888888888888,False,False,0.1139240506329113,0.0,0.0,9,0,0.21373144
336,-2.635054845974241,1.8680205838299613,4,3.644560555115974,7.901377353792616,0.7725062644858285,0.8217782634603069,0.7969297698712765,4,3.721111111111112,0.0076719124368027,0,0.0,False,False,0.0943396226415094,0.0,0.0,7,0,0.024744147
337,-3.576225878691993,1.8638768997753927,4,4.166889654485233,7.901377353792616,0.7879602157925362,0.8404634357036808,0.8366561574533146,4,4.9300000000000015,0.0066643761881857,0,0.0,False,False,0.0967741935483871,0.0,0.0,8,0,0.072054334
338,-2.6332551996796454,1.6894412615073031,4,4.061597451899861,8.38776764397578,0.7377588910143918,0.7807314846463274,0.772175276545641,4,5.483333333333334,0.0075009500657282,1,0.0,False,False,0.0972222222222222,0.0,11.126902983393991,13,0,0.8083621
339,-3.827714948684849,1.7887586809150082,4,3.870770903542717,8.38776764397578,0.7679780488588703,0.8237890914347081,0.8114974193682795,4,5.323333333333334,0.0067482580776813,1,0.0166666666666666,False,False,0.0735294117647058,11.63444168209179,11.126902983393991,11,0,0.6539157
340,-2.70168189083361,1.7490248219575053,4,3.69871008259865,8.38776764397578,0.7679780488588703,0.8237890914347081,0.8114974193682795,4,4.781111111111112,0.0067602482381855,1,0.0,False,False,0.0757575757575757,0.0,11.126902983393991,11,0,0.629142
341,-2.575577793445241,1.7706031407506857,4,3.805494644453504,7.901377353792616,0.6965319962605829,0.730696234438054,0.7150823847254036,4,5.018888888888891,0.0090674420977451,0,0.0,False,False,0.0847457627118644,0.0,0.0,9,0,0.8693225
342,-2.545369651418918,1.8027161157274112,4,3.385439456489039,7.901377353792616,0.7405705648163283,0.7799638598287336,0.7607615867034075,4,4.423333333333335,0.0080591335136789,0,0.0,False,False,0.1228070175438596,0.0,0.0,9,0,0.4530602
343,-5.075577793445241,1.950753201250753,4,3.805494644453504,7.901377353792616,0.7725062644858285,0.8217782634603069,0.7969297698712765,4,5.018888888888891,0.0090674420977451,0,0.0,False,False,0.0847457627118644,0.0,0.0,9,0,0.22743106
344,-2.613796342572882,1.8975870361235367,4,3.0225520871878278,7.901377353792616,0.7865745370385878,0.8421696947692063,0.8137847102967003,4,3.5611111111111127,0.0066382614018977,0,0.0,False,False,0.0980392156862745,0.0,0.0,7,0,-0.079222746
345,-3.2328439616205005,2.0525413984602063,6,3.644560555115974,7.901377353792616,0.7892914333218473,0.849632275287793,0.8094231836472955,6,3.721111111111112,0.0076719124368027,0,0.0,False,False,0.0943396226415094,0.0,0.0,5,0,-0.4685211
346,-5.660018995503876,1.9323934896284056,6,4.863115201683151,7.901377353792616,0.8050473197324097,0.8544045429149685,0.8423390740854763,6,6.005555555555556,0.0077643151818533,0,0.0138888888888888,False,False,0.1139240506329113,0.0,0.0,9,0,-0.139702
347,-3.546455265449773,2.0525413984602063,6,3.644560555115974,7.901377353792616,0.8345878715541061,0.8983915982108052,0.8647854970422786,6,3.596666666666668,0.0085215114104003,0,0.0,False,False,0.0943396226415094,0.0,0.0,5,0,-1.5086383
348,-0.8457850464040209,1.4541168576447965,4,2.7567989232157912,9.128804883993665,0.6784103435698788,0.7128101922218106,0.7303369628304992,4,5.121111111111112,0.0100536407849539,2,0.0,False,False,0.0158730158730158,0.0,0.0,12,0,2.1105897
349,-1.0905939036174748,1.6103295202102337,6,1.4534670971643069,7.887959336599945,0.8023450793698816,0.8591267506808233,0.8280117531722812,4,2.7733333333333343,0.0073881216602547,0,0.0212765957446808,False,False,0.1320754716981132,0.0,0.0,6,0,-1.2910811
350,-1.0415718197291464,1.559137580385488,6,1.4472007173245984,7.887959336599945,0.7898667266069863,0.83793873873957,0.8206053559141345,4,3.3777777777777787,0.0066075499454061,0,0.0192307692307692,False,False,0.1186440677966101,13.847474399381248,0.0,8,1,-1.1856786
351,-1.0753139280566453,1.5524596484139708,6,1.794128776225976,8.689632748355741,0.7669536408335468,0.8145743790539283,0.7980618625006997,4,3.841111111111112,0.0093834666178797,0,0.0188679245283018,False,False,0.081967213114754,0.0,0.0,8,0,-0.07569696
352,0.0,1.5737964208865716,8,2.3246036311424536,8.689632748355741,0.7783975405791986,0.8316627274595303,0.8206204927379912,4,5.893333333333334,0.0086813090709194,2,0.0338983050847457,False,False,0.0142857142857142,0.0,82.66889269461026,10,0,1.4313638
