,SdssC,BIC4,Xc-5d,SRW09,IC0,nO,n6ARing,BIC3,NdO,SlogP_VSA2,JGI3,GGI4,C3SP2,AETA_beta_ns_d,SIC3,JGI10,RotRatio,SIC2,GhoseFilter,SlogP_VSA8,target
0,3.373806131472077,0.813999852459936,0.8199072360665389,0.0,1.2069084251518167,0,0,0.7266904949199204,0,0.0,0.0472560975609756,1.155555555555556,5,0.0,0.7685783476265621,0.0069699520457096,0.1071428571428571,0.5891317670033612,False,23.278943197061757,2.640971
1,3.3839530552553643,0.813999852459936,0.8199072360665389,0.0,1.3318495715684096,0,0,0.7266904949199204,0,8.073872300533118,0.0472560975609756,1.155555555555556,4,0.0,0.7685783476265621,0.0069699520457096,0.1428571428571428,0.5891317670033612,False,23.278943197061757,2.908485
2,3.373956286218191,0.8660025322434045,0.3868945341743197,0.0,1.2326602568158205,0,0,0.699335865576738,0,0.0,0.0416666666666666,0.8444444444444447,4,0.0,0.7554779969856077,0.0018829247479385,0.125,0.5013212426397741,True,23.278943197061757,2.6434526
3,3.2219052343159484,0.7794270440823695,0.7365739027332057,0.0,1.3849586277872934,1,0,0.7517299169044169,0,5.106527394840706,0.0546875,1.2044444444444449,3,0.0238095238095238,0.7900156777110281,0.009297520661157,0.0909090909090909,0.673584687239108,True,12.152040213667762,2.531479
4,3.3480639802217187,0.7291905857646037,2.5472340745130277,0.0,1.372905595320056,1,0,0.7127633807683987,0,8.317393252699539,0.0516304347826086,1.884444444444445,3,0.0178571428571428,0.7345523884016688,0.0097670924117205,0.1379310344827586,0.6160467230825218,False,12.152040213667762,3.0
5,3.4081183862433866,0.772466039151441,0.7365739027332057,0.0,1.2448406699719212,0,0,0.7212267559548915,0,0.0,0.05625,1.0133333333333336,3,0.0,0.7591074115787098,0.00886206946813,0.0952380952380952,0.6160468016627633,True,12.152040213667762,3.5372663
6,3.4161139455782314,0.8320121153154455,0.470227867507653,0.0,1.2582296369090873,0,0,0.7753833819320365,0,0.0,0.0513392857142857,0.9733333333333336,3,0.0,0.8202775130286144,0.0074482195694316,0.15,0.6613618187480238,True,12.152040213667762,2.9559536
7,3.435323811623415,0.8798020261001667,0.3035612008409863,0.0,1.2448406699719212,0,0,0.828562742903617,0,0.0,0.0424107142857142,0.9333333333333336,3,0.0,0.8720809563746397,0.002944305974609,0.238095238095238,0.7089623030453485,True,12.152040213667762,2.2519474
8,3.439166627299068,0.7835490349460337,0.3035612008409863,0.0,1.3698151284300626,0,0,0.7368299102532426,0,8.073872300533118,0.0581896551724137,1.2533333333333336,3,0.0,0.7721971055010451,0.0096362049224002,0.1818181818181818,0.6423174151426949,True,12.152040213667762,2.6232493
9,3.0588420414462085,0.7651368228224561,2.114221372620808,0.0,1.5749523572407695,1,0,0.7436123935981938,0,8.317393252699539,0.046875,1.764444444444445,2,0.04,0.7732229345332027,0.01135725946332,0.1538461538461538,0.683696818657682,False,12.152040213667762,2.481894
10,2.9263529856387,0.7818658296441835,1.169586604625425,0.0,1.657265338157648,3,0,0.7568051062753326,2,12.9705468580193,0.0592105263157894,1.3244444444444443,3,0.0,0.8000496907841063,0.0076814319238561,0.12,0.6940788202610384,True,12.152040213667762,2.3476162
11,2.4379506802721096,0.7187057579889368,1.169586604625425,0.0,1.968873874720721,6,0,0.7187057579889368,4,25.9410937160386,0.0592105263157894,1.3244444444444443,2,0.0,0.7803134698574336,0.0076814319238561,0.16,0.6878138782184583,True,12.152040213667762,1.3835833
12,3.40721300348014,0.766743546693219,1.2529199379587586,0.0,1.2804125884973652,0,0,0.7127180385621782,0,8.073872300533118,0.0510204081632653,1.4666666666666668,5,0.0,0.7444554413066278,0.0071820532953602,0.125,0.623073050937441,False,23.278943197061757,3.0791812
13,3.3748339474678763,0.7291905857646037,2.5472340745130277,0.0,1.439525179119997,1,0,0.7127633807683987,0,16.391265553232657,0.0516304347826086,1.884444444444445,2,0.0178571428571428,0.7345523884016688,0.0097670924117205,0.1724137931034483,0.6257408845807735,False,12.152040213667762,3.1760912
14,3.434888353489544,0.772466039151441,0.7365739027332057,0.0,1.3914665048326014,0,0,0.7212267559548915,0,8.073872300533118,0.05625,1.0133333333333336,2,0.0,0.7591074115787098,0.00886206946813,0.1428571428571428,0.6160468016627633,True,12.152040213667762,3.476887
15,3.47430476694324,0.8022978027283287,1.0850356152625436,0.0,1.2274504770665493,0,0,0.7576118988084423,0,8.073872300533118,0.0531914893617021,1.484444444444445,3,0.0,0.7765879164610618,0.0062003092306122,0.3125,0.6511851017378227,False,12.152040213667762,2.1262732
16,3.482300326278085,0.8289173041226109,0.818689580036991,0.0,1.237415663761076,0,0,0.7818428708123694,0,8.073872300533118,0.05,1.4444444444444446,3,0.0,0.80245213993536,0.0060240451654593,0.3548387096774194,0.6737299808107087,False,12.152040213667762,2.1555517
17,3.5015101923232685,0.83922919419786,0.6520229133703244,0.0,1.2274504770665493,0,0,0.7811375191020081,0,8.073872300533118,0.0444444444444444,1.4044444444444446,3,0.0,0.8007027864571227,0.005242793121581,0.40625,0.6632873112979953,False,12.152040213667762,2.0999222
18,3.467667862181335,0.8460796356862288,0.6520229133703244,0.0,1.2718108456786592,0,0,0.7769124422490704,0,8.073872300533118,0.0496794871794871,1.1733333333333331,2,0.0,0.8011399176039566,0.0060896041757285,0.3571428571428571,0.658379013364533,False,12.152040213667762,2.2097387
19,3.4464682539682543,0.7394632933165984,2.971332926677937,7.661527081358517,1.1968693094032663,0,0,0.6971236174198265,0,0.0,0.0870726495726495,1.5022222222222226,4,0.0,0.7259386755159266,0.009931129476584,0.074074074074074,0.5651010000711252,False,12.152040213667762,4.3737526
20,2.668258692365836,0.7572841896077427,0.9142634612365024,7.368339686311381,1.4323591457496476,0,0,0.7263925730972647,0,0.0,0.0928030303030303,1.6444444444444446,4,0.04,0.7611834233831933,0.0112746148352208,0.074074074074074,0.6660535218041148,False,12.152040213667762,4.454845
21,3.4288350340136056,0.7572841896077427,0.9142634612365024,7.368339686311381,1.347912390625054,0,0,0.7263925730972646,0,0.0,0.0868055555555555,1.4533333333333336,4,0.0208333333333333,0.7611834233831932,0.0136210590756045,0.0769230769230769,0.6573873134223144,False,12.152040213667762,4.3159704
22,3.4649744897959183,0.7511419511207534,0.9142634612365024,7.368339686311381,1.2069084251518167,0,0,0.715424951001188,0,0.0,0.0868055555555555,1.4533333333333336,5,0.0,0.7471840772503473,0.0136210590756045,0.0769230769230769,0.658958013171473,False,12.152040213667762,4.033424
23,3.36324861426052,0.7572841896077427,0.9142634612365024,7.368339686311381,1.347912390625054,0,0,0.7263925730972646,0,0.0,0.0868055555555555,1.4533333333333336,4,0.0208333333333333,0.7611834233831932,0.0136210590756045,0.0769230769230769,0.6573873134223144,False,12.152040213667762,4.313867
24,2.7807662509448225,0.7572841896077427,1.0809301279031691,7.368339686311381,1.4323591457496476,0,0,0.718669668969645,0,0.0,0.0851851851851851,1.6444444444444448,4,0.04,0.7530906278067515,0.0135191744282653,0.074074074074074,0.6579607262276731,False,12.152040213667762,4.565848
25,3.175858843537415,0.7572841896077427,0.9142634612365024,7.368339686311381,1.347912390625054,0,0,0.7263925730972646,0,0.0,0.0868055555555555,1.4533333333333336,4,0.0208333333333333,0.7611834233831932,0.0136210590756045,0.0769230769230769,0.6573873134223144,False,12.152040213667762,4.5224442
26,3.0633512849584283,0.7572841896077427,0.9142634612365024,7.368339686311381,1.347912390625054,0,0,0.7263925730972646,0,0.0,0.089781746031746,1.4533333333333336,4,0.0208333333333333,0.7611834233831932,0.0106113321769887,0.0769230769230769,0.6573873134223144,False,12.152040213667762,4.4313636
27,3.45844387755102,0.7572841896077427,0.9142634612365024,7.368339686311381,1.2174939521435744,0,0,0.708031802938852,0,0.0,0.0895833333333333,1.2622222222222224,4,0.0,0.7419432571111999,0.0092847668605244,0.08,0.6205513234645745,True,12.152040213667762,4.3944516
28,3.464449404761905,0.7324079827495171,0.9142634612365024,0.0,1.2069084251518167,0,1,0.6939947509294486,0,0.0,0.0610465116279069,2.168888888888889,4,0.0,0.724802548281467,0.0082440567289052,0.0769230769230769,0.6203554130933595,False,12.152040213667762,3.8864908
29,3.396804033341732,0.8562502419199873,0.963209588632904,7.390798521735676,1.3441997944563522,0,0,0.7891545414175141,0,0.0,0.0733506944444444,1.7733333333333337,6,0.0192307692307692,0.8445773874917964,0.0054663518299881,0.0689655172413793,0.6643439895263242,False,23.278943197061757,3.5682018
30,3.424472355168303,0.7920326016088085,1.3962222905251234,7.390798521735676,1.3009439800094456,0,0,0.7419896976658279,0,8.073872300533118,0.072145061728395,1.893333333333333,6,0.0,0.7812755021218997,0.0071322314049586,0.09375,0.6490205250330278,False,23.278943197061757,3.929419
31,2.6215031074158057,0.8562502419199873,0.963209588632904,7.390798521735676,1.4252897549506724,0,0,0.8051727213053372,0,0.0,0.0791666666666666,1.804444444444445,6,0.037037037037037,0.8617205347614435,0.0074793388429752,0.0666666666666666,0.6936350574823924,False,23.278943197061757,3.69897
32,3.382079449063576,0.8562502419199873,0.963209588632904,7.390798521735676,1.3441997944563522,0,0,0.8001866123126066,0,0.0,0.0733506944444444,1.6133333333333335,6,0.0192307692307692,0.8563842480320211,0.007018380048683,0.0689655172413793,0.676150850066549,False,23.278943197061757,3.9395192
33,3.418325197362896,0.7920326016088085,1.3962222905251234,7.390798521735676,1.1887525275231678,0,0,0.7442443688925757,0,0.0,0.0744598765432098,1.7333333333333338,7,0.0,0.7836495504413556,0.0065708601163146,0.0625,0.6055913850542233,False,23.278943197061757,3.7993405
34,2.734010665994793,0.8562502419199873,1.1298762552995707,7.390798521735676,1.4252897549506724,0,0,0.792177522368695,0,0.0,0.0727124183006535,1.804444444444445,6,0.037037037037037,0.8478126743971975,0.0084063984400684,0.0666666666666666,0.6797271971181463,False,23.278943197061757,4.041393
35,3.129103258587386,0.8562502419199873,0.963209588632904,7.390798521735676,1.3441997944563522,0,0,0.8001866123126066,0,0.0,0.0733506944444444,1.6133333333333335,6,0.0192307692307692,0.8563842480320211,0.007018380048683,0.0689655172413793,0.676150850066549,False,23.278943197061757,4.041393
36,3.4450951646090537,0.7920326016088085,1.3962222905251234,7.390798521735676,1.3009439800094456,0,0,0.7502178979821049,0,8.073872300533118,0.0744598765432098,1.7333333333333338,6,0.0,0.7899393573666312,0.0065708601163146,0.09375,0.6576843802777591,False,23.278943197061757,3.0163093
37,3.0165957000083985,0.8562502419199873,0.963209588632904,7.390798521735676,1.3441997944563522,0,0,0.7891545414175141,0,0.0,0.0759548611111111,1.6133333333333335,6,0.0192307692307692,0.8445773874917964,0.0060330578512396,0.0689655172413793,0.6643439895263242,False,23.278943197061757,3.9956353
38,3.4116882926009917,0.8482411519760757,0.963209588632904,7.390798521735676,1.2146234752771463,0,0,0.7536952849244866,0,0.0,0.0751811594202898,1.4222222222222225,6,0.0,0.8066278039317897,0.0036225895316804,0.0714285714285714,0.6136836099788908,False,23.278943197061757,3.8491883
39,3.4932811056521373,0.8220632340055269,1.1986557230813315,8.405367376233981,1.3080990830730832,0,0,0.7660761505904535,0,8.073872300533118,0.0652006172839506,1.503333333333334,6,0.0,0.8113042583302825,0.0055708601163146,0.0909090909090909,0.6661900244006556,False,23.278943197061757,3.2787535
40,3.459874233644075,0.8929439282807133,0.7656430211891125,8.405367376233981,1.21018798048854,0,0,0.7764651242279523,0,0.0,0.0643115942028985,1.1922222222222223,6,0.0,0.8378871888315729,0.0019559228650137,0.0689655172413793,0.6238307892099799,False,23.278943197061757,3.2300653
41,3.519005889392794,0.79487672866394,0.8199072360665389,6.580639137284949,1.3463851517126129,0,0,0.7639851121534617,0,8.073872300533118,0.0522762345679012,1.270555555555556,4,0.0,0.8005764714845136,0.0116312621161106,0.12,0.6967803615236351,True,12.152040213667762,3.0413928
42,3.485599017384732,0.8905206241474689,0.3868945341743197,6.580639137284949,1.2628839008717192,0,0,0.8188423989641621,0,0.0,0.0471230158730158,0.9594444444444448,4,0.0,0.875319816407598,0.0023456790123456,0.0952380952380952,0.6951017589798159,True,12.152040213667762,2.5563025
43,3.148581349206349,0.7886594198083537,0.7365739027332057,0.0,1.3849586277872934,1,0,0.7701946683563853,0,5.106527394840706,0.05859375,1.2044444444444449,3,0.0238095238095238,0.8094208427896814,0.0139526578920518,0.0909090909090909,0.6832872697784347,True,12.152040213667762,3.230449
44,3.3278942665028977,0.7346663207633387,2.5472340745130277,0.0,1.372905595320056,1,0,0.7237148507658685,0,8.317393252699539,0.0543478260869565,1.804444444444445,3,0.0178571428571428,0.7458386422415875,0.0106305964891823,0.1379310344827586,0.6216898500024812,False,12.152040213667762,3.5910647
45,3.3546642337490558,0.7346663207633387,2.5472340745130277,0.0,1.439525179119997,1,0,0.7237148507658685,0,16.391265553232657,0.0543478260869565,1.804444444444445,2,0.0178571428571428,0.7458386422415875,0.0106305964891823,0.1724137931034483,0.6313840115007328,False,12.152040213667762,3.20412
46,3.4014814814814818,0.7273644709769792,0.3035612008409863,0.0,1.2957378005380122,0,0,0.6554699749378484,0,0.0,0.0511363636363636,0.7022222222222223,2,0.0,0.7094398271254457,0.0,0.1176470588235294,0.5194471198862283,True,12.152040213667762,3.439291
47,0.0,0.90701901811629,0.0,0.0,1.4591479170272446,0,0,0.90701901811629,0,0.0,0.0416666666666666,0.08,0,0.0,0.90701901811629,0.0,0.4,0.90701901811629,False,0.0,2.365489
48,0.0,0.3920792311665852,0.5287510904306973,7.247792581767846,1.564908691422263,6,0,0.3893229124377956,0,81.36070422964323,0.1152570480928689,5.848888888888891,0,0.0,0.3916267363295601,0.0,0.3636363636363636,0.3916267363295601,False,0.0,2.838849
49,0.0,0.7609640474436811,0.0,0.0,1.521928094887362,0,0,0.7609640474436811,0,6.928360321623806,0.0,0.0,0,0.0,0.6554587535412855,0.0,0.0,0.6554587535412855,False,0.0,0.1957013
50,-2.004075743170344,0.8550736307442267,2.193856955024389,7.208600337960199,1.9387079790263544,4,0,0.8297163124322731,4,36.48423152905759,0.0877594627594627,4.116111111111112,6,0.0212765957446808,0.8821358418552034,0.0101011533015786,0.1176470588235294,0.7416153125846165,False,0.0,1.3244597
51,-3.309828899704711,0.8138165282489324,2.8763699835106284,7.901377353792616,1.819858313308912,6,0,0.7753321599979061,6,48.298590987760605,0.0797589869281045,6.970000000000002,13,0.0149253731343283,0.8212965324996712,0.0080126142896705,0.1081081081081081,0.6892418961371927,False,11.126902983393991,1.7566825
52,-0.800265339995814,0.88597054067891,0.5143971413924631,7.208600337960199,1.6864521349315629,4,0,0.8481499455416679,4,24.13163449417064,0.0552195340501792,2.5650000000000004,5,0.0263157894736842,0.9112420515909144,0.0075370397220476,0.1428571428571428,0.726691946723434,False,0.0,0.46719903
53,-1.857141712873412,0.7965556663232386,1.507211389806335,7.901377353792616,1.5783283081924544,6,0,0.7458026729581763,6,35.94599395287365,0.0633381226053639,5.992222222222224,15,0.0163934426229508,0.7900164353187551,0.0080723846403902,0.1176470588235294,0.6633691445699034,False,11.126902983393991,0.99077773
54,-0.9149071853269184,0.9088576198989428,0.5143971413924631,7.208600337960199,1.8010657220914292,4,0,0.8568775914833663,4,24.13163449417064,0.0622276688453159,2.1827777777777784,3,0.032258064516129,0.9271079006543445,0.0090810083627143,0.1176470588235294,0.7405723514798628,True,0.0,0.39387146
55,-0.9055666321102932,0.8872973405715251,0.5143971413924631,7.208600337960199,1.7366809117888602,5,0,0.8478625319808148,4,24.13163449417064,0.0552195340501792,2.5650000000000004,3,0.0394736842105263,0.9134844133325064,0.0075370397220476,0.1428571428571428,0.7205186516536326,False,0.0,0.8124063
56,-1.211729333877391,0.880771156481661,1.1364056093206094,7.208600337960199,1.8617063540707224,6,0,0.8431725143277952,6,32.54943147849958,0.0631944444444444,2.7250000000000005,3,0.025,0.9112420515909144,0.0074119744826815,0.1363636363636363,0.726691946723434,False,0.0,0.5951545
57,-3.851551785685805,0.7929348600082514,3.261270162970378,7.901377353792616,1.7543237320518554,8,0,0.7070313884929987,6,48.42284210496129,0.0800487987987988,7.894444444444446,17,0.0140845070422535,0.7447531905975816,0.0083434882462898,0.1025641025641025,0.6426795926254052,False,11.126902983393991,2.0075119
58,-3.8889340866990194,0.8095172616777181,2.8763699835106284,7.901377353792616,1.7974667057517906,8,0,0.7701138927496425,6,48.42284210496129,0.0797589869281045,6.970000000000002,13,0.0149253731343283,0.8167982484236951,0.0080126142896705,0.1081081081081081,0.6901820027525278,False,11.126902983393991,1.7971257
59,-1.575390138405837,0.785604048092267,1.4015439938810963,7.901377353792616,1.6984013344076891,5,0,0.7173071392162088,5,29.91487944053557,0.0729629629629629,3.823333333333334,9,0.0,0.7690387084542238,0.0074038363432302,0.075,0.6676441370203572,True,0.0,2.0334237
60,3.871913580246914,0.5876013637548226,0.6666666666666666,0.0,1.5099686126368168,0,0,0.5876013637548226,0,8.073872300533118,0.075,0.0,0,0.0,0.5876013637548226,0.0,0.125,0.5876013637548226,False,0.0,4.028191
61,3.919320987654322,0.6901867153439099,1.1477918909913547,0.0,1.4215541688301352,0,0,0.6901867153439099,0,8.073872300533118,0.0625,0.32,0,0.0,0.6901867153439099,0.0,0.2,0.6901867153439099,False,0.0,3.217484
62,3.924552469135803,0.7362796496509926,0.5690355937288492,0.0,1.4618602772540858,0,0,0.7362796496509926,0,8.073872300533118,0.0673076923076923,0.16,0,0.0,0.7362796496509926,0.0,0.2222222222222222,0.7362796496509926,False,0.0,3.2226152
63,3.95320987654321,0.7583807772486734,0.5690355937288492,0.0,1.4215541688301352,0,0,0.7583807772486734,0,8.073872300533118,0.0803571428571428,0.24,0,0.0,0.7583807772486734,0.0,0.3,0.7583807772486734,False,0.0,2.4956114
64,3.971036785084405,0.7756926417026353,0.5690355937288492,0.0,1.387291427643771,0,0,0.7756926417026353,0,8.073872300533118,0.075,0.4,0,0.0,0.7756926417026353,0.0,0.3636363636363636,0.7485199687572346,False,0.0,1.8129133
65,3.991811723146049,0.8010955993971214,0.5690355937288492,0.0,1.332112684358123,0,0,0.7796037767729803,0,8.073872300533118,0.0661764705882353,0.4,0,0.0,0.7796037767729803,0.0,0.4615384615384615,0.704382397588486,True,0.0,1.9131604
66,4.00343318821764,0.8012182956260898,0.5690355937288492,0.0,1.2895281606953652,0,0,0.7394019544876336,0,8.073872300533118,0.0592105263157894,0.4,0,0.0,0.7394019544876336,0.0082644628099173,0.5333333333333333,0.6465911206367914,True,0.0,1.6720978
67,3.800203451751071,0.8024376807937325,0.8367876570272818,0.0,1.4731864679927211,0,0,0.7684741986354218,0,8.073872300533118,0.0684523809523809,0.568888888888889,0,0.0,0.7992692562696264,0.0,0.1428571428571428,0.7130201601103802,True,0.0,1.146128
68,3.52118464978584,0.7266373400688226,0.7216878364870322,0.0,1.4374366326883632,0,0,0.7266373400688226,0,8.073872300533118,0.0595238095238095,0.6622222222222224,1,0.0,0.7523174970032673,0.0,0.1333333333333333,0.7002274101433706,True,6.076020106833881,2.70757
69,2.725432098765433,0.9255128526390366,0.2886751345948128,0.0,1.6493974703476992,0,0,0.8567517667623957,0,0.0,0.0528846153846153,0.3511111111111111,1,0.0,0.9257048827786958,0.0,0.0909090909090909,0.7443042503656205,False,6.076020106833881,1.651278
70,0.0,0.979569764547061,2.25,0.0,1.9056390622295665,0,0,0.979569764547061,0,12.056301962413816,0.0,0.0,0,0.0,0.9166666666666666,0.0,0.1428571428571428,0.9166666666666666,False,0.0,0.61289036
71,0.0,0.7609640474436811,0.0,0.0,1.521928094887362,0,0,0.7609640474436811,0,0.0,0.0,0.0,0,0.0,0.6554587535412855,0.0,0.0,0.6554587535412855,False,0.0,1.401767
72,0.0,0.7581858998874025,0.8073604499148398,7.83241092718792,1.373336962476363,0,0,0.7362477604580814,0,8.073872300533118,0.0830314009661835,1.270555555555556,0,0.0,0.7477552634519175,0.0,0.0588235294117647,0.6809121702311907,True,0.0,3.3138673
73,0.0,0.7502959555280571,0.6875694891336299,7.635786861395585,1.3968436982954155,0,0,0.724489503915154,0,8.073872300533118,0.0852623456790123,1.1483333333333337,0,0.0,0.7311877230179624,0.0,0.0714285714285714,0.6790976361580655,True,0.0,3.6287003
74,0.0,0.6536042149571435,0.1666666666666666,0.0,1.3516441151533924,0,1,0.6536042149571435,0,0.0,0.046875,0.2222222222222222,0,0.0,0.6536042149571435,0.0,0.0,0.5470208964824184,False,0.0,4.964481
75,1.8171296296296295,0.5565572721647433,0.6123724356957945,0.0,1.3516441151533924,0,0,0.5565572721647433,0,0.0,0.046875,0.0,0,0.0,0.5565572721647433,0.0,0.0,0.5565572721647433,False,0.0,2.7720277
76,0.4273842592592594,0.8403342309073832,0.9309036597828996,6.898714534329988,1.9579393553211155,1,0,0.7695203916807805,0,0.0,0.0622222222222222,1.96,1,0.0,0.8078347747194918,0.0,0.0588235294117647,0.7830548891019511,False,6.076020106833881,2.9548767
77,0.5315509259259261,0.8403342309073832,0.9309036597828996,6.898714534329988,1.957939355321115,0,0,0.7695203916807805,0,0.0,0.0622222222222222,1.96,1,0.0,0.8078347747194918,0.0,0.0588235294117647,0.7830548891019511,False,6.076020106833881,2.8134327
78,1.6487791320231795,0.7253363117738535,1.9285113019775797,0.0,1.5178872290605931,1,0,0.7253363117738535,0,8.317393252699539,0.0462962962962962,1.0622222222222224,1,0.0277777777777777,0.745292998299391,0.0,0.1666666666666666,0.7051769114727019,True,6.076020106833881,1.80618
79,0.0,0.750295955528057,0.4368867239266071,6.823286122355687,1.3968436982954155,0,0,0.750295955528057,0,8.073872300533118,0.0920138888888889,0.8200000000000002,0,0.0,0.7572327664479106,0.0,0.1538461538461538,0.7311877230179622,True,0.0,2.146128
80,0.0,0.7519966608350492,0.3678511301977579,6.823286122355687,1.3723775684811073,0,0,0.6899565586046739,0,16.147744601066236,0.1066919191919192,1.14,0,0.0,0.6941737681097224,0.0,0.2352941176470588,0.6562241845497158,True,0.0,1.8633229
81,0.0,0.9098110735370422,0.0,6.529418838262226,1.3599924922184878,0,0,0.9098110735370422,0,0.0,0.0813492063492063,0.205,0,0.0,0.9256603431473772,0.0,0.1111111111111111,0.8078347747194917,False,0.0,1.3222193
82,0.0,0.90701901811629,0.0,0.0,1.4591479170272446,0,0,0.90701901811629,0,0.0,0.0416666666666666,0.08,0,0.0,0.90701901811629,0.0,0.4,0.90701901811629,False,0.0,2.1671066
83,0.0,0.8976167900760738,0.0,0.0,1.3995812306460644,0,0,0.8976167900760738,0,0.0,0.03125,0.08,0,0.0,0.8976167900760738,0.0,0.5,0.8976167900760738,False,0.0,2.6180482
84,0.0,0.716118646878767,1.9106532292788336,0.0,1.3786011816680388,0,0,0.716118646878767,0,8.073872300533118,0.0602678571428571,1.4711111111111117,1,0.0,0.7364770586954896,0.0,0.1176470588235294,0.6949724705859631,True,6.076020106833881,1.6446626
85,0.0,0.8297714262641377,0.3434433619633035,0.0,1.3786011816680388,0,0,0.8297714262641377,0,8.073872300533118,0.0651041666666666,1.2311111111111113,1,0.0,0.8533608530766674,0.0,0.2941176470588235,0.7911039709123776,True,6.076020106833881,1.3775965
86,0.0,0.83677524432832,0.3434433619633035,0.0,1.2950243779198094,0,0,0.786894264314593,0,8.073872300533118,0.0558035714285714,1.2311111111111113,1,0.0,0.8027605837673154,0.0059631103402147,0.4285714285714285,0.6972812747905481,True,6.076020106833881,1.8260614
87,0.0,0.6239436505094733,0.3434433619633035,0.0,1.1737195857469152,0,0,0.5650252803661964,0,8.073872300533118,0.0400641025641025,1.2311111111111113,1,0.0,0.5711321027488918,0.0039420838318909,0.625,0.4938960133046667,False,6.076020106833881,1.8077925
88,0.0,0.70222117674442,0.2357022603955158,0.0,1.3786011816680388,0,0,0.70222117674442,0,8.073872300533118,0.0602678571428571,1.0711111111111111,1,0.0,0.7221844998123175,0.0,0.2941176470588235,0.680679911702791,True,6.076020106833881,1.6292136
89,0.0,0.6523007394965069,0.0,0.0,1.3787834934861751,0,0,0.6523007394965069,0,0.0,0.0,0.0,0,0.0,0.6339833333166621,0.0,0.2,0.6339833333166621,False,0.0,1.4281838
90,0.0,0.8166746222236321,0.0,0.0,1.7841591278514215,0,0,0.8166746222236321,0,0.0,0.0208333333333333,0.0,0,0.0,0.8429809818837098,0.0,0.1666666666666666,0.8429809818837098,False,0.0,-1.5441489
91,0.0393518518518523,0.8343604297372124,0.4927992798267444,0.0,1.7574839898128798,2,0,0.8343604297372124,1,13.079102829229384,0.0454545454545454,0.08,0,0.0,0.8343604297372124,0.0,0.25,0.8343604297372124,False,0.0,0.5662677
92,0.0740740740740746,0.8437066199654226,0.4927992798267444,0.0,1.6854752972273344,2,0,0.8437066199654226,1,12.576187252464766,0.0520833333333333,0.24,0,0.0,0.8437066199654226,0.0,0.3333333333333333,0.7742931560174949,False,0.0,1.031234
93,-0.3565459701911151,0.8398249547484347,0.6106504100245023,0.0,1.457985765510777,6,0,0.779294898454622,2,31.75925646944245,0.0255102040816326,1.2044444444444449,1,0.0405405405405405,0.7997504188836013,0.0057783219399381,0.4736842105263157,0.6745469565001284,False,0.0,2.8582368
94,-0.0680092592592587,0.883401527984509,0.4927992798267444,0.0,1.750224877285235,3,0,0.883401527984509,1,24.28959661181839,0.048076923076923,0.32,0,0.0,0.883401527984509,0.0,0.4,0.8400357663279463,False,0.0,1.5525516
95,0.0,0.8905179677700554,0.0,0.0,2.0,0,0,0.8905179677700554,0,4.836269690250055,0.0,0.0,0,0.0,0.8333333333333334,0.0,0.2,0.8333333333333334,False,0.0,-0.75870335
96,0.0,0.8905179677700554,0.0,0.0,2.0,0,0,0.8905179677700554,0,6.425444744859191,0.0,0.0,0,0.0,0.8333333333333334,0.0,0.2,0.8333333333333334,False,0.0,0.09034211
97,0.0,0.8565359801139569,0.0,0.0,1.4353713907745331,0,0,0.8565359801139569,0,0.0,0.0,0.0,0,0.0,0.8224908743082041,0.0,0.25,0.8224908743082041,False,0.0,1.129122
98,0.0,0.887346954847329,0.0,0.0,1.8910611120726528,0,0,0.887346954847329,0,0.0,0.03125,0.0,0,0.0,0.9298966940476158,0.0,0.2,0.9298966940476158,False,0.0,-1.8535935
99,0.055555555555556,0.8732737098805868,0.1666666666666666,0.0,1.8423709931771084,2,0,0.8732737098805868,1,13.079102829229384,0.046875,0.08,0,0.0,0.8732737098805868,0.0,0.2857142857142857,0.8732737098805868,False,0.0,1.0253059
100,0.0902777777777783,0.8740065897889193,0.1666666666666666,0.0,1.7574839898128798,2,0,0.8740065897889193,1,12.576187252464766,0.0555555555555555,0.16,0,0.0,0.8740065897889193,0.0,0.375,0.8740065897889193,False,0.0,1.781037
101,0.1416164767738543,0.80535846720662,0.1666666666666666,0.0,1.402800386248768,2,0,0.7096670112975275,1,12.576187252464766,0.0294117647058823,0.24,0,0.0,0.7096670112975275,0.0070838252656434,0.6875,0.5981753150237076,True,0.0,1.9670798
102,0.146363889833424,0.6829016042867827,0.1666666666666666,0.0,1.3225078451055432,2,0,0.5941974536662892,1,12.576187252464766,0.0238095238095238,0.24,0,0.0,0.5941974536662892,0.0045078888054094,0.75,0.4992641920373971,True,0.0,1.983175
103,0.149036466578097,0.5912334370386523,0.1666666666666666,0.0,1.266740279584632,2,0,0.5136582583231901,1,12.576187252464766,0.02,0.24,0,0.0,0.5136582583231901,0.0033057851239669,0.7916666666666666,0.4327356249107961,False,0.0,2.0530784
104,0.1507451043022043,0.5232382099546775,0.1666666666666666,0.0,1.2255579072016076,2,0,0.455235232360271,1,12.576187252464766,0.0172413793103448,0.24,0,0.0,0.455235232360271,0.0026098303610265,0.8214285714285714,0.3851513137212967,False,0.0,2.164353
105,0.4675925925925928,0.8595824360039367,0.2357022603955158,0.0,1.738149333192866,1,0,0.8595824360039367,1,5.783244946364939,0.0416666666666666,0.0,0,0.0,0.8595824360039367,0.0,0.3333333333333333,0.8595824360039367,False,0.0,0.67979527
106,0.0,0.764240758439705,0.0,0.0,1.295461844238322,0,0,0.764240758439705,0,0.0,0.0833333333333333,0.16,0,0.0,0.7511553347015191,0.0,0.4285714285714285,0.7511553347015191,False,0.0,2.2253494
107,0.0,0.8672896861162782,0.0,0.0,1.295461844238322,0,0,0.8672896861162782,0,0.0,0.0416666666666666,0.16,0,0.0,0.8524398460347836,0.0,0.5714285714285714,0.7424221086321582,False,0.0,5.0082974
108,0.0,0.979569764547061,0.0,0.0,1.9056390622295665,0,0,0.979569764547061,0,5.880003444970339,0.0,0.0,0,0.0,0.9166666666666666,0.0,0.25,0.9166666666666666,False,0.0,0.33707225
109,0.0,0.979569764547061,0.0,0.0,1.9056390622295665,0,0,0.979569764547061,0,6.674590972274908,0.0,0.0,0,0.0,0.9166666666666666,0.0,0.25,0.9166666666666666,False,0.0,-0.56863624
110,0.444490740740741,0.885455472151804,0.1924500897298752,6.555356891810665,1.824816986216862,1,0,0.885455472151804,1,23.89660227202713,0.0681818181818181,0.33,0,0.0,0.9008804575298364,0.0,0.2,0.9008804575298364,False,0.0,-0.44199446
111,0.0,0.9825675930733632,0.0,0.0,1.836591668108979,1,0,0.9825675930733632,0,11.713409359353625,0.0,0.0,0,0.0,0.9298966940476158,0.0,0.25,0.9298966940476158,False,0.0,0.99472755
112,0.0,0.873569864076289,0.0,0.0,1.7295739585136225,1,0,0.873569864076289,0,13.716679505790452,0.03125,0.0,0,0.0,0.8429809818837098,0.0,0.4,0.8429809818837098,False,0.0,1.4382167
113,0.138657407407408,0.8041841461582553,0.1178511301977579,0.0,1.5759136532083846,2,1,0.7617354931651753,1,12.576187252464766,0.0458333333333333,0.4311111111111112,0,0.0,0.7701408015872945,0.0,0.2307692307692307,0.6730524474422264,False,0.0,1.2175303
114,-0.1292998866213146,0.8366773173491766,0.2845177968644246,0.0,1.562806631693174,2,0,0.8366773173491766,1,12.576187252464766,0.0476190476190476,0.7022222222222223,2,0.0,0.867466816142267,0.0,0.25,0.8131214702514654,True,0.0,1.5634761
115,-0.1342129629629624,0.895192663028035,0.1178511301977579,0.0,1.650022421648354,2,0,0.895192663028035,1,12.576187252464766,0.0441176470588235,0.6222222222222225,2,0.0,0.9386137518291132,0.0,0.2142857142857142,0.8659123211672695,True,0.0,1.1458511
116,-0.1382870370370366,0.9253256672767722,0.1178511301977579,0.0,1.7004448031130073,2,0,0.8765680819563445,1,12.576187252464766,0.0458333333333333,0.4311111111111112,1,0.0,0.9267672896410716,0.0,0.2307692307692307,0.8009020642078694,False,0.0,1.1238571
117,-0.0925462962962961,0.8732737098805868,0.0,0.0,1.8423709931771084,2,0,0.8732737098805868,1,12.576187252464766,0.0833333333333333,0.16,0,0.0,0.8732737098805868,0.0,0.2857142857142857,0.8732737098805868,False,0.0,0.78856033
118,0.0,0.7235047810318432,0.1360827634879543,0.0,1.4056607849761658,1,4,0.6808543582267266,0,12.71084835226122,0.0397727272727272,0.7422222222222226,0,0.0,0.6923120228182059,0.0,0.1764705882352941,0.6465988686839782,True,0.0,1.5905443
119,0.0,0.9076606610696916,0.0833333333333333,7.390798521735676,1.476120721149274,1,0,0.8753052890916679,0,12.71084835226122,0.0486111111111111,0.3911111111111111,0,0.0,0.8854444327020352,0.0,0.2307692307692307,0.7545237843615041,False,0.0,1.3502913
120,0.0,0.7932752521247711,0.0,0.0,1.4717374334224662,1,1,0.7458166334323245,0,12.71084835226122,0.0397727272727272,0.3111111111111111,0,0.0,0.7458166334323245,0.0,0.2727272727272727,0.6384541920702907,False,0.0,1.4173871
121,0.0,0.8728451895946834,0.0,0.0,1.640223928941852,1,0,0.8728451895946834,0,13.213763929025836,0.05,0.08,0,0.0,0.8506077525009399,0.0,0.5,0.8506077525009399,False,0.0,-0.03151705
122,0.0,0.8792746153726693,0.2471938745990654,7.946971357693591,1.377028383842828,1,0,0.8329341659511481,0,13.213763929025836,0.0392361111111111,0.6133333333333334,0,0.0,0.8455012645565919,0.0,0.2222222222222222,0.690604748137819,True,0.0,0.9251646
123,0.0,0.8068435878718127,0.0,0.0,1.4313076001654323,1,1,0.7659109581999143,0,13.213763929025836,0.015625,0.3111111111111111,0,0.0,0.7659109581999143,0.0,0.3333333333333333,0.6733118229106595,False,0.0,1.1032059
124,0.0,0.921133915868877,0.0,0.0,1.5617677112802777,1,0,0.8745925844266508,0,6.606881964512918,0.015625,0.3111111111111111,1,0.0,0.9107622975418276,0.0,0.3333333333333333,0.7924263803700611,False,0.0,1.217856
125,0.0,0.6021094901067964,0.6123724356957945,0.0,1.490468570732828,0,0,0.6021094901067964,0,8.073872300533118,0.046875,0.0,0,0.0,0.5918000977748352,0.0,0.2857142857142857,0.5918000977748352,False,0.0,2.303056
126,0.0,0.924071167826352,0.1178511301977579,0.0,1.3921472236645345,0,0,0.8639297000405968,0,0.0,0.0397727272727272,0.1911111111111111,1,0.0,0.9100052092619964,0.0,0.2,0.7553309582540016,False,0.0,1.2413325
127,-0.7815110703866515,0.8741746625773552,0.5527637482392129,7.181591944611865,1.7582390733601851,4,0,0.8477038539503058,4,28.945507521412356,0.0528039832285115,1.7727777777777782,5,0.0303030303030303,0.90786441352951,0.0057682889501071,0.1666666666666666,0.7632518155646331,True,0.0,0.10664929
128,-0.904576091029914,0.8989407010509846,0.5527637482392129,7.181591944611865,1.904169484320044,4,0,0.8604318159582255,4,28.945507521412356,0.0606812169312169,1.3905555555555558,3,0.0384615384615384,0.927366970808329,0.007075988644616,0.1428571428571428,0.7903687718677971,True,0.0,0.18315177
129,-0.8935615379565995,0.8752715278979704,0.5527637482392129,7.181591944611865,1.8139247528036693,5,0,0.8474937501201928,4,28.945507521412356,0.0528039832285115,1.7727777777777782,3,0.0454545454545454,0.9104738841244796,0.0057682889501071,0.1666666666666666,0.7582472752398168,True,0.0,0.50686455
130,-0.8974744949439504,0.8579084511686544,0.5527637482392129,7.181591944611865,1.7494780642666188,6,0,0.8041338888243846,4,28.945507521412356,0.0476345486111111,2.155,3,0.05,0.8617017359021716,0.0043506287950732,0.1818181818181818,0.6964403626972856,False,0.0,0.6774933
131,-0.9131092380745744,0.8901731885752163,0.5527637482392129,7.181591944611865,1.7494780642666188,6,0,0.8484716204294275,4,28.945507521412356,0.0515407986111111,1.9950000000000008,3,0.05,0.9092136003080924,0.0066842472903078,0.1818181818181818,0.7151400887494922,False,0.0,0.46923637
132,-1.2193534622281688,0.867989887998962,1.174772216167359,7.181591944611865,1.9456572611761351,6,0,0.841706360005034,6,37.36330450574129,0.0622723132969034,1.9327777777777784,3,0.0285714285714285,0.90786441352951,0.0063417635955514,0.1578947368421052,0.7632518155646331,True,0.0,0.5058679
133,-0.5918081698164459,0.8108452245202228,0.0,0.0,1.685662052770919,4,0,0.7977308590204912,2,57.42288502033233,0.0462962962962962,0.8800000000000002,0,0.0,0.8014865756401716,0.0082644628099173,0.5217391304347826,0.7438089043264942,True,0.0,0.10766219
134,-0.7922267079747285,0.8285126518537261,0.0,0.0,1.6985957249448538,4,0,0.8171436272521979,2,44.33337220850718,0.0446428571428571,1.724444444444445,2,0.032258064516129,0.8461731317409411,0.0052810937659422,0.28125,0.7873085525465549,True,0.0,0.120723695
135,0.0,0.873569864076289,0.0,0.0,1.7295739585136225,1,0,0.873569864076289,0,6.103966387748303,0.03125,0.0,0,0.0,0.8429809818837098,0.0,0.4,0.8429809818837098,False,0.0,1.1608552
136,0.0,0.9399316205211392,0.0,0.0,2.054585169337799,1,0,0.9399316205211392,0,11.983969832718644,0.0624999999999999,0.0,0,0.0,0.90701901811629,0.0,0.5,0.90701901811629,False,0.0,0.94939
137,0.0,0.6984449163630588,0.0,0.0,1.9547541343536352,5,0,0.6984449163630588,4,47.45972151368717,0.1184210526315789,1.2800000000000002,0,0.0,0.7180171149425625,0.0,0.4666666666666667,0.7180171149425625,False,0.0,-0.493267
138,-0.3203950821605039,0.8459586331078405,1.0069086473878968,0.0,1.8454372523105549,4,0,0.8172593941421574,1,18.68015364021307,0.0661764705882353,2.408888888888889,2,0.1,0.8498025482814671,0.0070789666749262,0.2580645161290322,0.8050394903437066,False,0.0,0.22973967
139,-0.1486501350034688,0.8500548431092928,0.6220084679281461,0.0,1.5101162067624423,4,0,0.8233894915348751,1,18.68015364021307,0.0457317073170731,1.3244444444444448,2,0.037037037037037,0.853903961230761,0.008944665510322,0.3214285714285714,0.7562016495486658,True,0.0,0.5183924
140,-0.3832180362380366,0.8558415299513611,0.6220084679281461,0.0,1.6541869220523808,4,0,0.8271422909856777,1,24.56015708518341,0.0457317073170731,1.3244444444444448,2,0.037037037037037,0.8600789806874132,0.008944665510322,0.3214285714285714,0.7854738841244795,True,0.0,-0.11604546
141,-0.2823538387071724,0.8706073749263025,0.7398595981259041,0.0,1.4879868996760075,4,0,0.832377299796731,1,18.68015364021307,0.04296875,1.515555555555556,3,0.032258064516129,0.8733715234613971,0.0065993265993266,0.2727272727272727,0.7346633034347132,True,0.0,0.35753506
142,-0.3980945794479134,0.8706073749263024,0.8144585576580214,0.0,1.5970264456395795,4,0,0.8406344918859097,1,18.68015364021307,0.0490196078431372,1.6266666666666671,3,0.046875,0.8820353787061285,0.0064165788071511,0.2647058823529412,0.7593226607733454,False,0.0,-0.07384421
143,-0.2366130979664318,0.8459586331078405,0.6220084679281461,0.0,1.531919635975994,4,0,0.8172593941421578,1,18.68015364021307,0.048076923076923,1.3244444444444448,2,0.0384615384615384,0.8498025482814674,0.0087446058925559,0.2962962962962963,0.775197451718533,True,0.0,0.46945783
144,-0.2898741008478143,0.904310653712328,0.7621886974951644,0.0,1.447451946839715,4,0,0.8227739580883213,1,18.68015364021307,0.0466101694915254,1.764444444444445,4,0.0277777777777777,0.8685412761364586,0.005998151085387,0.2564102564102564,0.6814716640673951,False,0.0,0.21225832
145,-0.2441333601070736,0.8945856813586166,0.6443375672974064,0.0,1.4879868996760075,4,0,0.8315840299615097,1,18.68015364021307,0.05125,1.5733333333333337,3,0.032258064516129,0.8725391854283051,0.0072645648403224,0.2727272727272727,0.7338309654016212,True,0.0,0.2922099
146,-0.2213913762562331,0.8940291065545305,0.2998396842794429,0.0,1.4503582783395474,4,1,0.8672830049670698,1,18.68015364021307,0.034438775510204,1.497777777777778,2,0.032258064516129,0.8963173869733514,0.0059310718072246,0.2727272727272727,0.7768528478926677,False,0.0,0.46945783
147,-0.2339754299332219,0.9031983256729788,0.0,0.0,1.7175224498288084,4,0,0.8758548962701429,1,18.68015364021307,0.03125,0.7822222222222224,0,0.0588235294117647,0.9094636830789814,0.0082644628099173,0.3529411764705882,0.852678349986448,True,0.0,-0.46747318
148,-0.3159243927322721,0.8759660266170566,0.6220084679281461,0.0,1.7971592488363148,6,0,0.8425517287919226,3,27.09795062454201,0.048076923076923,1.3244444444444448,0,0.0384615384615384,0.8906959592372969,0.0087446058925559,0.2962962962962963,0.8023869004680735,True,0.0,-0.28444612
149,0.0,0.7763781639375945,0.6969234250586759,0.0,1.8647869792568117,3,0,0.7763781639375945,2,25.524555008806203,0.0583333333333333,0.6400000000000001,0,0.0,0.786350715330922,0.0,0.4545454545454545,0.786350715330922,False,0.0,0.30306223
150,0.0,0.8487498298256753,0.0,0.0,1.935945569184765,3,0,0.8487498298256753,2,26.027470585570818,0.0729166666666666,0.4800000000000001,0,0.0,0.8617186471562276,0.0,0.5,0.8183528854996652,False,0.0,-0.63307345
151,0.0,0.8549307642657513,0.0,0.0,1.8647869792568117,3,0,0.8549307642657513,2,26.027470585570818,0.0865384615384615,0.4800000000000001,0,0.0,0.8659123211672695,0.0,0.5454545454545454,0.8295616058363475,False,0.0,0.5202386
152,0.0,0.8600022632456077,0.0,0.0,1.802689692334833,3,0,0.8600022632456077,2,26.027470585570818,0.0803571428571428,0.6400000000000001,0,0.0,0.8694918883597842,0.0,0.5833333333333334,0.8071778386243315,True,0.0,0.7344415
153,0.0,0.8642628209731508,0.0,0.0,1.748394345536403,3,0,0.8642628209731508,2,26.027470585570818,0.075,0.6400000000000001,0,0.0,0.8725948939439815,0.0,0.6153846153846154,0.78082071950435,True,0.0,0.75192285
154,0.0,0.8409821589507599,0.0,0.0,2.016875695766564,3,0,0.8409821589507599,2,26.530386162335432,0.0972222222222222,0.4800000000000001,0,0.0,0.8567135500246338,0.0,0.4444444444444444,0.8567135500246338,False,0.0,-1.2917227
155,0.0,0.848090806064674,1.0069086473878968,0.0,1.8492057424201191,3,0,0.8151263744115469,0,17.817375747101927,0.0638297872340425,2.168888888888889,2,0.1111111111111111,0.8478126743971975,0.005158912355882,0.25,0.7963832325882563,False,0.0,-0.37008542
156,0.0,0.848090806064674,0.8577107283236621,0.0,1.7315627185605464,3,0,0.8151263744115469,0,17.817375747101927,0.0518292682926829,1.626666666666667,2,0.08,0.8478126743971975,0.0058958998352937,0.2692307692307692,0.7899126587774542,True,0.0,-0.47501653
157,0.0,0.848090806064674,0.6220084679281461,0.0,1.513425233170183,3,0,0.8151263744115471,0,17.817375747101927,0.0428571428571428,1.0844444444444448,2,0.0434782608695652,0.8478126743971977,0.0068785498078427,0.2916666666666667,0.7620969380489621,True,0.0,-0.27598304
158,0.0,0.8826865162883414,0.488641942096356,0.0,1.4893661763263144,3,0,0.852324180627812,0,17.817375747101927,0.0394736842105263,1.0844444444444448,2,0.0416666666666666,0.8838581239743899,0.0070765373795676,0.32,0.7815296997074105,True,0.0,-0.1274209
159,0.0,0.901870734664742,0.6443375672974064,0.0,1.4657700277448185,3,0,0.8309873054643807,0,17.817375747101927,0.0475543478260869,1.333333333333334,3,0.0357142857142857,0.8732269699726519,0.0074278134884195,0.2666666666666666,0.7169305837686839,True,0.0,-0.11604546
160,0.0,0.8865308573616016,0.669400440323503,0.0,1.3920786935073337,3,1,0.8549532019389865,0,17.817375747101927,0.04,1.8888888888888893,2,0.0333333333333333,0.8800936125982155,0.0084277114580144,0.25,0.7669328743472636,False,0.0,0.67369205
161,0.0,0.9001696075388764,0.2998396842794429,0.0,1.4251629522524671,3,1,0.8704077027769713,0,17.817375747101927,0.0291666666666666,1.257777777777778,2,0.0357142857142857,0.89928139174443,0.0054398315961314,0.2666666666666666,0.7663856269004964,True,0.0,0.109182835
162,0.0,0.894805427112206,0.0,0.0,1.567429379083991,3,0,0.8552012647525012,0,17.817375747101927,0.0185185185185185,0.9244444444444446,2,0.0476190476190476,0.8962385297261841,0.0082542597694112,0.3181818181818182,0.7924770594523675,True,0.0,-0.36439767
163,0.0,0.9292114339285986,0.0,0.0,1.7306502730537434,3,0,0.8941597809524066,0,17.817375747101927,0.015625,0.5422222222222224,0,0.0714285714285714,0.927298569338156,0.0,0.3571428571428571,0.8545971386763124,True,0.0,-1.1208298
164,0.0,0.8844164472433781,0.6220084679281461,0.0,1.8171298975918944,5,0,0.8452721019936397,2,26.235172731430865,0.0428571428571428,1.0844444444444448,0,0.0434782608695652,0.8962385297261841,0.0068785498078427,0.2916666666666667,0.7924770594523675,True,0.0,-0.61843765
165,1.7222685185185187,0.8506077525009399,0.0,0.0,1.3995812306460644,0,0,0.8506077525009399,0,0.0,0.0625,0.16,0,0.0,0.8506077525009399,0.0,0.3333333333333333,0.8506077525009399,False,0.0,2.1900759
166,0.0,0.8987154886667355,0.0,0.0,1.6854752972273344,2,1,0.8987154886667355,0,19.000875081596437,0.0852272727272727,0.5333333333333334,0,0.0,0.8987154886667355,0.0,0.1,0.8987154886667355,False,0.0,0.34938446
167,0.0,0.8956326161691388,0.0,0.0,1.573402452417767,2,1,0.8956326161691388,0,19.000875081596437,0.0669642857142857,0.6533333333333335,0,0.0,0.8956326161691388,0.0,0.25,0.8178184968479476,False,0.0,0.8929873
168,0.0,0.9136527498406264,0.0,0.0,1.7574839898128798,2,1,0.9136527498406264,0,19.503790658361048,0.0555555555555555,0.3422222222222222,0,0.0,0.9136527498406264,0.0,0.1111111111111111,0.9136527498406264,False,0.0,-0.007661113
169,0.0,0.3989483892147876,0.5287510904306973,7.247792581767846,1.5496361647732702,6,0,0.3962426451415723,0,67.51322983026199,0.1152570480928689,5.848888888888891,0,0.0,0.3970139969011659,0.0,0.3636363636363636,0.3915919743991958,False,0.0,2.6627579
170,-0.5904160467420114,0.8367658644290326,0.2357022603955158,0.0,1.595461844238322,4,1,0.7824530853950201,2,18.545492540416618,0.0282258064516129,0.8444444444444446,2,0.0,0.8120981752908925,0.0055096418732782,0.217391304347826,0.7463325366427047,True,0.0,0.45382872
171,0.2532407407407415,0.8877037247906753,0.343418919464003,6.968850378341948,1.9942994759573032,2,0,0.8877037247906753,2,17.131148062709343,0.0992063492063491,0.365,0,0.0,0.920062511143956,0.0,0.1818181818181818,0.8934166815252749,False,0.0,2.093564
172,1.194490740740741,0.90701901811629,0.0,0.0,1.7841591278514215,0,0,0.90701901811629,0,0.0,0.0625,0.16,0,0.0,0.90701901811629,0.0,0.3333333333333333,0.90701901811629,False,0.0,1.327181
173,0.2945776643990934,0.8915855958585936,0.0,0.0,1.7464353842388936,1,0,0.8915855958585936,1,5.907179729351506,0.03125,0.16,0,0.0,0.8915855958585936,0.0,0.5555555555555556,0.7884859367972992,False,0.0,-0.81619394
174,0.0445776643990933,0.8843108934201204,0.0,0.0,1.6854752972273344,2,0,0.8843108934201204,1,5.969305287951849,0.03125,0.16,0,0.0,0.8843108934201204,0.0,0.5555555555555556,0.7742931560174949,False,0.0,1.3368772
175,0.295208202108004,0.8909504129629582,0.0,0.0,1.6214297638624395,1,0,0.8168763388888841,1,5.907179729351506,0.025,0.16,0,0.0,0.8168763388888841,0.0,0.6363636363636364,0.6730524474422265,False,0.0,-1.5144205
176,0.2971816203197672,0.757560752884799,0.0,0.0,1.4633131163503208,1,0,0.646279694650699,1,5.907179729351506,0.0178571428571428,0.16,0,0.0,0.646279694650699,0.0055096418732782,0.7333333333333333,0.5211283863681122,True,0.0,-1.2676224
177,-0.452818379680233,0.7958276850706585,0.0,0.0,1.5241695235278407,3,0,0.6828905749643449,1,12.762247594051676,0.0178571428571428,0.16,0,0.0,0.6828905749643449,0.0055096418732782,0.6666666666666666,0.5513056820562662,True,0.0,1.3662586
178,0.3041846437513626,0.8793678569706804,0.0,0.0,1.6826341844733412,2,0,0.8484676279285007,2,18.359115864615585,0.03125,0.32,0,0.0,0.8547339416166573,0.0055096418732782,0.625,0.7342706051188602,True,0.0,-0.25564042
179,-0.6233353372851016,0.8786589823021409,0.2357022603955158,0.0,1.70558726169826,4,0,0.852664446049636,2,18.545492540416618,0.0380434782608695,0.5422222222222224,2,0.0,0.8913093082183967,0.009080706050403,0.3333333333333333,0.8097912893821942,True,0.0,0.17614195
180,-0.7227001650240565,0.8038176281392253,0.0,0.0,1.8650842285606477,7,0,0.743470095879212,5,52.60925598969671,0.0520833333333333,0.8000000000000002,0,0.0,0.7615655413230972,0.0041322314049586,0.5714285714285714,0.6820873884307961,True,0.0,-0.59453773
181,-1.0933552624680725,0.8388676497664778,0.2357022603955158,0.0,1.8086328717325544,8,0,0.7954935293342105,6,58.39250093606165,0.048076923076923,1.2622222222222224,2,0.0,0.82623465712856,0.0073972043669013,0.4666666666666667,0.7296983555333156,True,0.0,-0.9410892
182,-1.2493950732605144,0.8202787410097916,0.2480056452854308,0.0,1.8086328717325544,8,0,0.7707083176586291,6,58.39250093606165,0.05625,1.4222222222222225,2,0.0,0.8004916433698281,0.0055567328294601,0.4666666666666667,0.7168268486539497,True,0.0,-1.0328933
183,-1.1124956592759636,0.8540829189099979,0.2357022603955158,0.0,1.8372417358680384,8,0,0.8076101089809203,6,58.39250093606165,0.0493421052631578,1.1022222222222224,2,0.0,0.8409920395708121,0.0100281312402524,0.4482758620689655,0.7458991435859452,True,0.0,-0.915158
184,-1.2697411996296388,0.8341660003689647,0.2480056452854308,0.0,1.8372417358680384,8,0,0.7810542175928763,6,58.39250093606165,0.0576923076923077,1.2622222222222226,2,0.0,0.8133384812353013,0.0077188219480709,0.4482758620689655,0.7320723644181899,True,0.0,-0.99954325
185,0.0,0.740699867103041,0.0,0.0,1.490468570732828,0,0,0.740699867103041,0,8.796736650091386,0.075,0.24,0,0.0,0.7280175133855431,0.0,0.4285714285714285,0.7280175133855431,False,0.0,1.5565805
186,-1.7346267717859551,0.7921943327901325,0.9971879438542404,7.881182202227102,1.8027497403869208,6,0,0.7512738697833218,5,62.80820510993942,0.0859885620915032,2.061666666666667,6,0.0,0.7840519551812278,0.0100413845277112,0.2619047619047619,0.7092935730071032,False,0.0,0.9900632
187,-0.622577449189551,0.8751843969031775,0.2357022603955158,0.0,1.7841591278514215,4,0,0.8408765914931052,2,18.545492540416618,0.0416666666666666,0.5422222222222224,2,0.0,0.8909478540072342,0.0055096418732782,0.25,0.8182464233453904,True,0.0,0.2235602
188,-0.2224593726379433,0.9100453773101052,0.1178511301977579,0.0,1.764694686130739,3,0,0.9100453773101052,1,12.576187252464766,0.0367647058823529,0.5022222222222223,1,0.0357142857142857,0.9592283955968044,0.0,0.2857142857142857,0.8776851867904134,True,0.0,-1.7393228
189,-0.5364569516715973,0.909608078626618,0.3190355937288491,0.0,1.6894822670191825,4,0,0.8714977961412635,2,18.545492540416618,0.0333333333333333,1.226666666666667,4,0.0,0.932068317636498,0.0075672550420025,0.1904761904761904,0.7859487973060646,True,10.772448428929591,-0.34717554
190,-0.7071122816410509,0.90949220231325,0.2357022603955158,0.0,1.7841591278514215,4,0,0.90949220231325,2,18.545492540416618,0.0416666666666666,0.6222222222222223,2,0.0,0.963649284669078,0.0,0.25,0.8545971386763124,True,0.0,-0.5741963
191,-0.598741340360895,0.8541972858023608,0.3190355937288491,0.0,1.633935163144951,5,0,0.8023386067382953,2,31.759256469442448,0.0321428571428571,0.6844444444444446,4,0.0,0.8452150736067298,0.0085486903668721,0.3076923076923077,0.7108718867853562,True,11.126902983393991,-0.9492451
192,-0.8118551155667855,0.9083558838760158,0.2357022603955158,0.0,1.7397208106531798,5,0,0.9083558838760158,2,31.759256469442448,0.0364583333333333,0.6222222222222223,2,0.0,0.9479099131401036,0.0076668561517046,0.3684210526315789,0.8078541571010751,True,0.0,-0.40561345
193,0.0,0.8987744735266903,0.2721655269759087,0.0,1.7527152789797047,0,0,0.8987744735266903,0,0.0,0.0625,0.7244444444444447,1,0.0833333333333333,0.9467083407626374,0.0,0.1666666666666666,0.8934166815252749,False,0.0,0.38240847
194,0.0,0.8987744735266903,0.1666666666666666,0.0,1.633731420642133,0,0,0.8987744735266903,0,0.0,0.0432692307692307,0.5333333333333334,1,0.0454545454545454,0.9467083407626374,0.0,0.1818181818181818,0.8833593796433151,False,0.0,-0.34772334
195,0.0,0.8805745296758872,0.1178511301977579,0.0,1.6068322783181097,0,0,0.8805745296758872,0,0.0,0.0458333333333333,0.5733333333333335,2,0.0,0.9504402287649184,0.0,0.1666666666666666,0.8915274445509752,False,0.0,0.24773489
196,0.0,0.8670557321436217,0.1666666666666666,0.0,1.3566695198333112,0,0,0.8670557321436217,0,0.0,0.0432692307692307,0.5333333333333334,2,0.0,0.9050844088127902,0.0,0.1818181818181818,0.8535345792821428,False,0.0,-0.002248193
197,0.0,0.8700189407738361,0.1178511301977579,0.0,1.3250112108241772,0,0,0.8700189407738361,0,0.0,0.0458333333333333,0.5733333333333335,2,0.0,0.9022630364981916,0.0,0.25,0.8227014306618438,False,0.0,0.63314164
198,0.0,0.8987744735266903,0.1666666666666666,0.0,1.633731420642133,0,0,0.8987744735266903,0,0.0,0.0432692307692307,0.5333333333333334,1,0.0454545454545454,0.9467083407626374,0.0,0.1818181818181818,0.8833593796433151,False,0.0,0.079180375
199,0.0,0.8987744735266903,0.0,0.0,1.3921472236645345,0,0,0.8987744735266903,0,0.0,0.025,0.3422222222222223,1,0.0,0.9467083407626374,0.0,0.2,0.8401250222879124,False,0.0,0.1766504
200,0.0,0.8155993859355914,1.0391943274084845,0.0,1.4441262659337386,0,5,0.7696526263211605,0,19.033151775582663,0.0670289855072463,2.297777777777778,5,0.0,0.7995479803590559,0.0114557471459828,0.0789473684210526,0.7421623182098996,True,0.0,2.778444
201,0.0,0.7935772741690207,1.1840317135270717,0.0,1.5401797500584626,0,4,0.786281886910556,0,19.033151775582663,0.05625,3.6266666666666674,5,0.0,0.825676911279222,0.011777223898436,0.032258064516129,0.7950332812099977,True,0.0,3.7976465
202,0.0,0.7864203247377441,1.2654195771444368,8.094683648698815,1.4814525526116016,0,1,0.7509683488979458,0,19.033151775582663,0.0839947089947089,3.333333333333334,5,0.0,0.7816206746142537,0.0082551873185481,0.0294117647058823,0.7447216530869469,True,0.0,3.3333526
203,0.0,0.8277964230101834,0.7415816237971964,0.0,1.5353658743449792,0,4,0.8202412400640985,0,19.033151775582663,0.0430327868852459,3.288888888888889,7,0.0,0.8786080663533743,0.0119035472570826,0.0294117647058823,0.7814945194360741,True,0.0,3.7522528
204,0.0,0.8601115704902416,0.7721655269759087,7.75833346749091,1.55499063467752,0,2,0.7935775575033183,0,38.066303551165326,0.0424174174174174,3.821111111111112,10,0.0,0.8410344037964657,0.0082404556557854,0.0454545454545454,0.7525816307134487,False,21.544896857859182,3.2529583
205,0.0,0.7511280176750245,1.4638008806470058,0.0,1.4018121534954444,0,5,0.7469181029821513,0,18.61627290242681,0.0453296703296703,5.422222222222222,11,0.0,0.7852871403731885,0.0105938362084731,0.0208333333333333,0.7321730140905597,False,10.772448428929591,3.7853298
206,0.0,0.9697238998682473,0.0,0.0,1.9182958340544891,1,0,0.9697238998682473,0,7.109797541277533,0.0,0.0,0,0.0,0.8710490642551527,0.0,0.3333333333333333,0.8710490642551527,False,0.0,0.39004958
207,-0.7060687938967807,0.8313204551225373,0.0,0.0,1.8119217115597808,4,0,0.8155707822215992,2,37.36976901592673,0.0336538461538461,0.6622222222222225,0,0.0,0.8381440884711661,0.0061947031644001,0.4166666666666667,0.7784399443169644,True,0.0,-0.8008316
208,-0.903234487926044,0.8505300495945223,0.0,0.0,1.772396072422482,4,0,0.8371460352897082,2,24.28025620410157,0.0365853658536585,1.5066666666666668,2,0.032258064516129,0.8866023551132431,0.003954698500153,0.2121212121212121,0.7730142453981735,True,0.0,-0.20255284
209,0.0,0.6523007394965068,0.0,0.0,1.610577243331642,0,0,0.6523007394965068,0,8.796736650091386,0.0,0.0,0,0.0,0.6339833333166619,0.0,0.2,0.6339833333166619,False,0.0,2.397841
210,0.0,0.8987744735266903,0.1178511301977579,0.0,1.633731420642133,0,0,0.7975876963280446,0,0.0,0.0491071428571428,0.5733333333333335,2,0.0454545454545454,0.8401250222879124,0.0,0.1818181818181818,0.7501302315499088,False,0.0,-0.18045606
211,0.0,0.6711042248297373,0.0,0.0,1.3921472236645345,0,0,0.6711042248297373,0,0.0,0.0227272727272727,0.3822222222222223,2,0.0,0.706895874194506,0.0,0.2,0.6536042149571435,False,0.0,0.50514996
212,0.0,0.7640753132420126,0.0,0.0,1.9416823878601936,2,0,0.6983809711599993,0,0.0,0.0543478260869565,0.7822222222222223,0,0.0555555555555555,0.7510527726515923,0.0,0.2105263157894736,0.5785545803330997,True,0.0,0.8517409
213,0.0,0.6889078715349575,0.0,0.0,1.895146783327743,1,0,0.6291289747591652,1,36.93268052172735,0.0821428571428571,1.5200000000000005,0,0.0,0.6376562727099161,0.0,0.5217391304347826,0.5899386316814867,True,0.0,1.1768848
214,0.0,0.6644781133386745,0.0,0.0,1.7682276056242228,1,0,0.620250198231988,1,36.93268052172735,0.071875,1.6800000000000002,0,0.0,0.626484715302183,0.0025429116338207,0.6071428571428571,0.5913024210826375,True,0.0,1.5556009
215,0.0,0.6532107261514213,0.0,0.0,1.6705153824634809,1,0,0.618420132905895,1,36.93268052172735,0.0638888888888888,1.6800000000000002,0,0.0,0.6233179157858358,0.0041322314049586,0.6666666666666666,0.5584541129548539,False,0.0,1.9114795
216,0.0,0.6458700227354122,0.0,0.0,1.5323941452664678,1,0,0.5962941140623511,1,36.93268052172735,0.0522727272727272,1.6800000000000004,0,0.0,0.5995644647076924,0.0034267284821608,0.7441860465116279,0.490662763630118,False,0.0,1.9522033
217,0.0,0.6454406809645836,0.0,0.0,1.4819314943064883,1,0,0.5723958522866018,1,36.93268052172735,0.0479166666666666,1.6800000000000002,0,0.0,0.5751035915536721,0.0036537625054371,0.7708333333333334,0.4566326001578163,False,0.0,1.9308516
218,0.5450925925925929,0.7884859367972993,0.1666666666666666,0.0,1.7464353842388936,1,0,0.7884859367972993,1,12.328001352277516,0.075,0.4800000000000001,0,0.0,0.7884859367972993,0.0,0.4444444444444444,0.7884859367972993,False,0.0,1.7331972
219,-0.5206018518518516,0.9293244215506592,0.1666666666666666,0.0,2.0579243108310066,3,0,0.9293244215506592,2,23.403834035070076,0.0568181818181818,0.32,0,0.0,0.9467083407626374,0.0,0.5,0.9467083407626374,False,0.0,-0.92081875
220,0.1300028344671209,0.8914629392004517,0.1666666666666666,0.0,1.97355611232775,3,0,0.8914629392004517,2,25.4071041815069,0.048076923076923,0.32,0,0.0,0.9050844088127902,0.0,0.4545454545454545,0.9050844088127902,False,0.0,0.7853298
221,0.1261226251035057,0.9208350066900336,0.1666666666666666,0.0,1.7967719927529546,3,0,0.8911665941368658,2,18.297306640229365,0.0327380952380952,0.5511111111111112,1,0.0,0.929972121980486,0.0072314049586776,0.3888888888888889,0.8543787243897877,True,0.0,0.38381538
222,0.0763742356008081,0.9211566906130156,0.1666666666666666,0.0,1.7695943615050294,3,0,0.8988246603066086,2,24.965997829128508,0.0338541666666666,0.5511111111111112,1,0.0,0.9284197430758898,0.0053667993061932,0.4285714285714285,0.8259633071433704,True,0.0,-0.36653155
223,0.5640291950113381,0.890135379039098,0.1666666666666666,0.0,1.853568158165228,1,0,0.890135379039098,1,24.336624142535708,0.0520833333333333,0.24,0,0.0,0.890135379039098,0.0,0.6363636363636364,0.8082226357007798,False,0.0,0.4828736
224,0.0,0.9314714457178894,0.0,0.0,1.7273966735744792,0,0,0.9314714457178894,0,0.0,0.0277777777777777,0.3422222222222223,0,0.0555555555555555,1.0000000000000004,0.0,0.1111111111111111,0.8499145514073182,False,0.0,0.29439348
225,0.0,0.8892263943402581,0.0833333333333333,0.0,1.8753156176197316,1,0,0.8892263943402581,0,7.109797541277533,0.0491071428571428,0.6533333333333335,0,0.0909090909090909,0.9366510388806776,0.0,0.1818181818181818,0.8733020777613552,False,0.0,0.7810369
226,0.0,0.8878275694755772,0.0833333333333333,0.0,1.7956828983511028,1,0,0.8878275694755772,0,6.606881964512918,0.0458333333333333,0.6533333333333335,0,0.0833333333333333,0.9267672896410716,0.0,0.25,0.8752174601104243,False,0.0,0.908485
227,0.0694444444444448,0.8750481154569111,0.2357022603955158,0.0,1.9362600275315276,2,0,0.8750481154569111,1,5.969305287951849,0.0416666666666666,0.0,0,0.0,0.8750481154569111,0.0,0.1666666666666666,0.8750481154569111,False,0.0,0.46479678
228,0.4699537037037038,0.8732737098805868,0.0,0.0,1.8423709931771084,2,0,0.8732737098805868,1,12.390126910877855,0.0833333333333333,0.16,0,0.0,0.8732737098805868,0.0,0.4285714285714285,0.8732737098805868,False,0.0,0.22189549
229,0.0534665532879818,0.5997964107986723,0.8796528112548947,0.0,1.6435270140593634,3,0,0.5997964107986723,1,18.68015364021307,0.1624999999999999,1.0222222222222224,0,0.0,0.606112844141439,0.0,0.1428571428571428,0.591254658593117,True,0.0,1.931567
230,0.0,0.9807769800471736,0.3938026764748812,0.0,1.813183850507562,5,1,0.9615539600943472,0,52.94921166454116,0.0684523809523809,1.115555555555556,0,0.0,0.9615539600943472,0.0,0.1538461538461538,0.8389602316192749,False,0.0,-2.282858
231,-1.3638854770303177,0.809933540914437,0.2753775377200259,0.0,1.7474130395316414,8,1,0.7730462353244482,3,55.53754534387459,0.052734375,1.995555555555556,0,0.0,0.7891944766987268,0.0,0.2272727272727272,0.7252349548860464,False,0.0,0.90992093
232,0.0,0.8608458593344348,0.2753775377200259,0.0,1.683157328518199,5,1,0.7966917186688699,0,58.95902210385164,0.0649038461538461,1.435555555555556,0,0.0,0.7966917186688699,0.0,0.3125,0.7169736717803483,True,0.0,1.0620279
233,0.0,0.8063853399503029,0.2753775377200259,0.0,1.583486490151956,5,1,0.7596554861115126,0,57.450275373557794,0.0581896551724137,1.515555555555556,0,0.0,0.7596554861115126,0.0,0.4210526315789473,0.6720421531289293,True,0.0,1.9395193
234,-1.492625556395397,0.8002918714294374,0.2983894022963089,0.0,1.776233967978774,8,1,0.7594062075985293,3,42.69590209802257,0.0584677419354838,1.995555555555556,0,0.0,0.7769718920890912,0.0,0.1904761904761904,0.7282049119687506,True,0.0,0.91752803
235,0.0,0.7967652598440199,0.2983894022963089,0.0,1.6136656666753135,5,1,0.745292998299391,0,44.60863212770578,0.0602678571428571,1.515555555555556,0,0.0,0.745292998299391,0.0,0.3888888888888889,0.7013915199000553,True,0.0,1.8280581
236,0.0,0.6144982234195134,0.0,0.0,1.9591479170272448,1,0,0.6144982234195134,0,9.040257602257809,0.0,0.0,0,0.0,0.5929809818837098,0.0,0.2,0.5929809818837098,False,0.0,2.852819
237,0.0,0.8351685583797193,0.2471938745990654,0.0,1.4056607849761658,1,0,0.760181426029589,0,0.0,0.0416666666666666,1.2666666666666668,4,0.0238095238095238,0.8227268557863091,0.0,0.1304347826086956,0.6123550133011532,True,22.253805966787983,1.447158
238,-0.3318238803272815,0.8227897396242282,1.4824705059093168,0.0,1.635951944644828,4,1,0.8063179889254432,2,12.255465811081404,0.0609375,4.635555555555555,5,0.0697674418604651,0.8382809993877665,0.0088617139614922,0.1304347826086956,0.7110745954813683,False,0.0,1.9426001
239,0.0,0.7701214786924344,1.691632388298685,8.127109185346375,1.6304423781291395,4,1,0.7427319500411808,0,0.0,0.0582561728395061,5.208888888888889,14,0.0212765957446808,0.8006545935795447,0.0088512510061331,0.037037037037037,0.7083632720135928,False,22.253805966787983,3.7946308
240,0.0,0.6710229379631444,2.579703575756384,8.127109185346375,1.5182666588963805,4,3,0.6536788844473882,0,0.0,0.0610119047619047,7.342222222222222,14,0.0169491525423728,0.6891099501219644,0.0104497067398812,0.0294117647058823,0.6319571013737592,False,22.253805966787983,3.4967248
241,0.0,0.7191025486848295,2.2243244587497903,8.127109185346375,1.591558343025782,4,1,0.704020314572543,0,0.0,0.060672514619883,5.032222222222223,12,0.0196078431372549,0.7498619368751858,0.0079298718658609,0.0344827586206896,0.6680764670295277,False,22.253805966787983,3.7102163
242,0.0,0.8148836360462662,1.3582990549653515,8.127109185346375,1.6434438032502008,4,1,0.7945284146993606,0,0.0,0.0604575163398692,4.792222222222222,12,0.0222222222222222,0.8631475970672198,0.0086617221162675,0.0384615384615384,0.750566411313659,False,22.253805966787983,3.6439457
243,0.0,0.8454164680666248,1.5249657216320185,8.127109185346375,1.6434438032502008,4,1,0.825061246719719,0,0.0,0.0598705501618122,4.809444444444445,12,0.0222222222222222,0.8963173869733512,0.0083336865155046,0.0384615384615384,0.761623007949036,False,22.253805966787983,3.6324112
244,0.0,0.8373435394184351,1.3582990549653515,8.127109185346375,1.6452768781158806,4,1,0.8029291892236281,0,0.0,0.0616496598639455,4.41,10,0.0232558139534883,0.8804936684197647,0.0081375102239483,0.04,0.7278736261469679,False,22.253805966787983,3.6242452
245,0.0,0.840334230907383,0.1924500897298752,0.0,1.6163485660751646,1,0,0.7695203916807803,0,0.0,0.0833333333333333,0.5644444444444445,2,0.0454545454545454,0.8078347747194917,0.0,0.0909090909090909,0.7582750034844101,False,0.0,1.9562266
246,-0.6922580992273442,0.8391473058506059,1.5100492821417186,0.0,1.7496990604343905,9,0,0.7636993585039422,5,31.72433866240354,0.0592105263157894,3.631111111111112,8,0.0238095238095238,0.8119480917077241,0.005928894083164,0.1777777777777777,0.7136369098433194,False,11.126902983393991,1.133609
247,-0.0361067348269035,0.7600963553376704,1.0069086473878968,0.0,1.4843559791259084,3,0,0.6717714070252903,1,6.472220864716464,0.0681818181818181,2.4888888888888894,6,0.04,0.6991970518395418,0.0112604465221545,0.1538461538461538,0.6532316067357054,True,0.0,1.67456
248,-0.2004276976031946,0.8036430265400465,1.2914264442523211,0.0,1.4658058420723152,4,0,0.7267253539467002,2,12.255465811081404,0.059322033898305,2.791111111111112,8,0.0303030303030303,0.7622153669487347,0.0058618113359071,0.1714285714285714,0.681541379558335,False,0.0,1.605117
249,-0.2773679848842474,0.8036430265400465,1.2914264442523211,0.0,1.4658058420723152,4,0,0.7377135928886068,2,12.255465811081404,0.059322033898305,2.871111111111112,8,0.0303030303030303,0.7737402222902203,0.008423630241812,0.1714285714285714,0.6930662348998206,False,0.0,1.6447372
250,-0.2342420009272203,0.7975074247727493,1.4824705059093168,0.0,1.3513944642589326,4,1,0.7560755673317318,2,12.255465811081404,0.0609375,4.635555555555555,9,0.0232558139534883,0.7813371368970964,0.0088617139614922,0.1304347826086956,0.6753209077072888,False,0.0,2.2313511
251,-0.1656568952047363,0.846983327433205,1.455692870861236,0.0,1.382902448178046,4,1,0.7919559725322437,2,12.255465811081404,0.0573630136986301,3.204444444444445,8,0.025,0.8219639210644929,0.0067643987695567,0.1627906976744186,0.7163581353455915,False,0.0,2.2655077
252,-0.907453939029967,0.74726566067692,3.061001044257268,7.901377353792616,1.6057848060815438,8,3,0.7174188076807719,4,16.381459106494365,0.0631076388888888,9.414444444444444,14,0.0303030303030303,0.7588575309893604,0.0088708635173281,0.0789473684210526,0.6885126212769195,False,38.79191527018213,3.5354207
253,0.0,0.7613318889655167,1.288466008634729,0.0,1.7859867513206933,6,3,0.7301250118017932,0,5.7871111525705965,0.0667613636363636,5.413333333333334,4,0.024390243902439,0.7760498789936372,0.0083398765875709,0.0434782608695652,0.7318234924521287,False,0.0,2.8661969
254,0.0,0.7055233660587298,2.472813719760212,0.0,1.5809172530941389,4,5,0.7055233660587298,0,0.0,0.056547619047619,7.973333333333334,12,0.0192307692307692,0.749617299931266,0.0094823150915994,0.0333333333333333,0.6795463712144514,False,10.772448428929591,4.1234417
255,0.0,0.7520313859831335,1.5642494316979376,8.094683648698815,1.7246767653542676,4,1,0.7087577817336587,0,0.0,0.0746124031007751,4.64,6,0.0256410256410256,0.7550404962380136,0.0094914027237259,0.0454545454545454,0.7204659302135568,True,0.0,3.5113544
256,0.0,0.7566646972220527,1.5642494316979376,8.094683648698815,1.6856804340948992,4,1,0.7189972492476373,0,0.0,0.0746124031007751,4.64,6,0.0256410256410256,0.7514453826177059,0.0094914027237259,0.0909090909090909,0.7219198560406026,False,0.0,3.3903024
257,0.0,0.7348136156056245,2.675340293979631,8.787678239039497,1.554278655916765,4,1,0.6788675809677294,0,19.935914083788838,0.0701901565995525,7.680000000000001,8,0.0151515151515151,0.7157460651834929,0.0083485878791879,0.0256410256410256,0.6259014525717788,False,44.133605740930086,2.9344985
258,-0.6429743178708225,0.7786993963063215,2.6142141408709114,8.695674048824253,1.6392636042410225,8,0,0.7224598457675281,4,16.381459106494365,0.0734702093397745,7.3788888888888895,12,0.0327868852459016,0.762509984643848,0.0086844612278728,0.0571428571428571,0.7031527496792471,False,38.79191527018212,2.7242758
259,-0.5470505440521098,0.7899737225877649,2.661026259375613,8.695674048824253,1.563957159690912,8,0,0.7484058679861078,4,16.381459106494365,0.0668029993183367,8.26777777777778,16,0.0273972602739726,0.7942994768352764,0.0079104093950229,0.0588235294117647,0.6969067479056982,False,71.46371511143529,3.20412
260,-1.4104331079167602,0.7954408895169405,3.777289690145701,8.695674048824253,1.8357027917212487,8,0,0.7601673359760379,4,28.734056141381316,0.0854899930986887,7.956666666666668,10,0.0277777777777777,0.8040752508041565,0.0078673805449761,0.073170731707317,0.7093627526232991,False,38.79191527018212,2.5563025
261,0.0,0.8242209886769924,1.7912942208568985,8.183955717304954,1.6725888313728627,4,1,0.7784529323821413,0,0.0,0.0728458049886621,5.255000000000001,6,0.0238095238095238,0.821778263460307,0.0086110966728462,0.0851063829787234,0.7243294347108241,False,0.0,3.3222194
262,0.0,0.9251099295352732,0.0,0.0,1.7381493331928664,1,0,0.9251099295352732,0,0.0,0.0277777777777777,0.3422222222222223,0,0.0555555555555555,1.0000000000000002,0.0,0.1111111111111111,0.8336995972754957,False,0.0,2.0269706
263,0.0,0.7359510411264346,1.1571348402636772,0.0,1.7018426023909723,4,1,0.697330448091342,0,0.0,0.0393700787401574,6.773333333333335,14,0.046875,0.7520720601605787,0.0088105144221867,0.1111111111111111,0.6188664100262468,False,66.76141790036395,2.6657877
264,0.0,0.7268939582181196,1.1571348402636772,0.0,1.5987286993166216,4,1,0.6820328629785767,0,0.0,0.037037037037037,6.933333333333335,18,0.0147058823529411,0.7423619988188885,0.0075425203983514,0.1052631578947368,0.6069323483451095,False,66.76141790036395,2.7341852
265,0.0,0.7093696955698524,1.1571348402636772,0.0,1.4949377857546078,4,1,0.6761273515937178,0,0.0,0.0393700787401574,6.773333333333335,18,0.015625,0.7222654179940474,0.0088105144221867,0.1111111111111111,0.6087008540713807,False,66.76141790036395,2.9062238
266,0.0,0.7359510411264347,1.1571348402636772,0.0,1.5145875202787882,4,1,0.6654207756468905,0,0.0,0.0399159663865546,6.00888888888889,14,0.0166666666666666,0.717657424803649,0.00700365851881,0.1176470588235294,0.5553127507946519,False,66.76141790036395,2.992288
267,0.8058564287842885,0.8779320355945816,0.2222222222222222,0.0,1.8616157143988104,3,0,0.8274786063900829,1,6.472220864716464,0.0546875,1.3244444444444443,3,0.0454545454545454,0.8913093082183967,0.0082498870377658,0.1739130434782608,0.7554459434913925,True,5.573104530069267,1.1139433
268,-0.0351570868318011,0.7223336125313551,1.0302567583920093,0.0,1.4435088359999462,3,0,0.6968825787669023,1,6.472220864716464,0.0597826086956521,2.106666666666668,4,0.037037037037037,0.7215581226337323,0.0072861712790411,0.2142857142857142,0.6226085166605648,False,0.0,1.1743174
269,-0.0441852472235977,0.7846987262505446,0.8577107283236621,0.0,1.531401088664749,3,0,0.7499468055570793,1,6.472220864716464,0.0592105263157894,1.786666666666667,4,0.0434782608695652,0.7859436003784067,0.0100896733893366,0.1666666666666666,0.7244403789185718,True,0.0,0.530869
270,-0.0316270898927133,0.7803734633572544,0.7886751345948129,0.0,1.4843559791259084,3,0,0.7509318139197944,1,6.472220864716464,0.0535714285714285,1.946666666666667,4,0.04,0.781589250352647,0.008944665510322,0.2307692307692307,0.6838752368049297,True,0.0,0.840166
271,-0.0522637596202919,0.8214813248498052,0.6220084679281461,0.0,1.5847728337743971,3,0,0.7793581629872436,1,6.472220864716464,0.0546875,1.0844444444444448,2,0.0476190476190476,0.8244824310018039,0.0082498870377658,0.1818181818181818,0.7130772756339261,True,0.0,1.4545044
272,-0.5082304803629554,0.8383612125147133,1.7649998788039971,0.0,1.7336287534602095,6,0,0.798652527794428,4,35.01647632673785,0.0557432432432432,2.4088888888888897,2,0.0476190476190476,0.8437954096206869,0.0086417380286302,0.1777777777777777,0.7132744338738781,False,0.0,0.87477475
273,-0.0311116875528159,0.7780388468867427,0.6157420880884381,0.0,1.4435088359999462,3,0,0.7525878131222896,1,6.472220864716464,0.0516304347826086,1.8666666666666671,4,0.037037037037037,0.7792357939474099,0.00698515850031,0.2857142857142857,0.708382014705578,False,0.0,1.0600412
274,-0.0310650086425006,0.792307207161098,0.3800398276929222,0.0,1.4080548224512182,3,0,0.747601890083902,1,6.472220864716464,0.0426136363636363,1.1644444444444446,2,0.0344827586206896,0.7709153362102641,0.0078461381491684,0.4,0.6326170721124357,False,0.0,1.4011426
275,-0.0227783542194823,0.802091046365741,0.6157420880884381,0.0,1.478690646751615,3,1,0.7538381828212565,1,6.472220864716464,0.0472222222222222,1.5288888888888894,4,0.0384615384615384,0.7873025482814672,0.0104998562298837,0.1428571428571428,0.6904122810098903,True,0.0,0.16970772
276,-0.1797020273718739,0.8344901513476273,0.9002598849528627,0.0,1.4599344207871634,4,1,0.7874925226963184,2,12.255465811081404,0.04375,1.9111111111111116,6,0.0294117647058823,0.8278294673511787,0.004504796974953,0.1621621621621621,0.7045732078789493,False,0.0,0.7775396
277,0.0,0.8134478980306681,2.388828142400637,8.51097389160232,1.5402195093092514,4,1,0.7620052277769305,0,19.935914083788838,0.0616987179487179,7.077777777777779,10,0.0142857142857142,0.8121805083044202,0.0073890601542116,0.0481927710843373,0.6694752016095811,False,55.26050872432408,2.50515
278,0.0402754395809956,0.9256866094937516,0.1924500897298752,0.0,1.5453399940466048,3,0,0.8385987124942146,1,5.783244946364939,0.0357142857142857,1.186666666666667,2,0.0416666666666666,0.905920755354596,0.0047079744049441,0.1923076923076923,0.6747786208155058,True,0.0,2.435504
279,0.0,0.7333204680842949,2.0565939411828977,0.0,1.4125343852499448,4,0,0.6658693294592424,2,8.417796984328938,0.0552325581395348,3.8533333333333344,6,0.0217391304347826,0.6908382856410753,0.0046569592024137,0.2244897959183673,0.5764079474869774,False,0.0,2.199317
280,0.0,0.8476031311685381,1.7086325525620762,0.0,1.517068672276094,4,0,0.7512371792430463,2,8.417796984328938,0.0571428571428571,3.213333333333334,6,0.0263157894736842,0.7909654470336053,0.0076432776967536,0.1707317073170731,0.677377243089271,False,0.0,1.6734227
281,0.0,0.8649509110150235,1.872898979170991,0.0,1.4326150215089102,4,1,0.7964741009649874,2,8.417796984328938,0.0558035714285714,3.6266666666666674,6,0.0222222222222222,0.8300123485153841,0.0073421079481685,0.1632653061224489,0.7108514427155588,False,0.0,1.896602
282,0.0,0.8646163028763004,1.2440169358562922,0.0,1.5843288833355649,4,0,0.8025623429581268,2,8.417796984328938,0.0517241379310344,1.8088888888888892,2,0.0294117647058823,0.8554187176688673,0.0045585727403909,0.1891891891891892,0.6709236100323336,False,0.0,1.1265281
283,-0.0240704239493467,0.7358251286557406,0.9626701469898156,8.094683648698815,1.4724674212130748,3,0,0.7080713953844079,1,6.472220864716464,0.094551282051282,2.232222222222223,4,0.037037037037037,0.7418604679769376,0.0115498418528721,0.0666666666666666,0.6782165118423902,True,0.0,1.652624
284,-0.813696088378697,0.8078255010980904,2.3483547619718186,8.689632748355741,1.5418199492548963,4,0,0.7183207770120769,4,28.945507521412356,0.0885241301907968,4.435555555555556,12,0.0,0.7558892931200325,0.011242465810367,0.0204081632653061,0.6959528345579978,False,0.0,3.1999753
285,-1.0554998640490656,0.7772106731559416,2.838753463785876,7.887959336599945,1.432627080296912,4,3,0.7227915366866954,4,28.945507521412356,0.0648782343987823,7.520000000000001,18,0.0,0.7685444621537749,0.0078136219172752,0.0571428571428571,0.6473420751025428,False,32.671799841253176,3.3369968
286,-0.9704448543908823,0.801051856494721,2.3105786967821524,7.887959336599945,1.4865555523217835,4,3,0.7436158811120923,4,28.945507521412356,0.0627869605142332,5.777777777777779,16,0.0,0.7947139932835561,0.0083693862289949,0.0327868852459016,0.6886312668477367,False,32.671799841253176,3.5413532
287,-1.0879072714564737,0.8055244672775271,2.606495254732944,7.887959336599945,1.4578354767617367,4,3,0.7422653370957222,4,28.945507521412356,0.0650912106135986,6.5600000000000005,18,0.0,0.7963855251296115,0.0080976262794444,0.0303030303030303,0.6542210839753587,False,32.671799841253176,3.434953
288,-0.9350778238293344,0.826821999212855,2.391966560399517,8.689632748355741,1.4618278700803204,4,0,0.7504529703175802,4,28.945507521412356,0.0767249103942652,5.484444444444446,16,0.0,0.796475127090783,0.0095270297525406,0.03125,0.6895822302745651,False,32.671799841253176,3.1171575
289,0.0,0.8270438193813484,1.2028514353585045,7.887959336599945,1.8051413787575816,4,0,0.7448879326761171,4,9.551078168738565,0.0809771825396825,2.3600000000000003,7,0.074074074074074,0.8033804393991784,0.0099734720946842,0.0333333333333333,0.7281380033262446,True,27.232283132542747,2.3710678
290,-1.1391281015092578,0.839353680417534,1.2028514353585045,7.887959336599945,1.6761730338896517,6,0,0.7716282040866196,4,28.945507521412356,0.069355413105413,3.0444444444444456,7,0.024390243902439,0.8271596188622682,0.0074372995585116,0.108695652173913,0.6811886739982298,False,0.0,1.60206
291,0.0,0.816381765652812,3.98502004079782,8.689632748355741,1.7512671301905287,8,0,0.7670996981271495,4,21.90367520362551,0.0816395663956639,7.653333333333334,12,0.0277777777777777,0.8107829605503116,0.0101243268168332,0.036144578313253,0.7130444453092973,False,71.89644426568069,2.3424227
292,-2.920383789475374,0.799575839686558,3.866215401797912,7.887959336599945,1.838126598708548,6,3,0.7657097880879121,4,51.51115934598072,0.0840378421900161,6.631111111111112,12,0.0175438596491228,0.8172293344792554,0.0097272387171377,0.0461538461538461,0.6951150669829946,False,0.0,1.9182254
293,0.0,0.8662879067434499,0.1178511301977579,6.762729506931879,1.4762856555827246,0,0,0.8357920797122742,0,0.0,0.0801282051282051,0.285,1,0.0,0.853913375925921,0.0,0.3846153846153846,0.729285276455016,True,0.0,2.0855577
294,0.0,0.7005796154678976,1.992790383709507,0.0,1.5745026554217976,2,4,0.7005796154678976,0,9.967957041894415,0.0544554455445544,6.177777777777779,6,0.0,0.7467737522850652,0.0095021359843494,0.0408163265306122,0.6785430347695797,False,11.033401435232523,3.0433624
295,0.0,0.8170075291889055,2.986349491166349,8.689632748355741,1.7807688896439655,8,0,0.7739903018879006,4,9.551078168738565,0.0725925925925926,7.44888888888889,12,0.0289855072463768,0.8224467385787019,0.0090178358865227,0.025,0.7138039168909446,False,83.02334724907466,2.4771214
296,-0.3581091650109405,0.8565685534967711,2.556182537496973,8.37539918579835,1.7091937930018353,7,0,0.8080120438519587,5,15.458257898090068,0.0628494060097833,6.696666666666668,14,0.0375,0.86312877852429,0.0083583579906812,0.1098901098901098,0.6476377856192985,False,49.48608909933073,1.974609
297,-3.173456835433416,0.8642942038098438,2.748632627226848,8.37539918579835,1.6817632882424454,8,0,0.8030738159194691,6,40.6359321971288,0.0624600893997445,7.078888888888891,16,0.0113636363636363,0.8571260631566425,0.0082412404510579,0.12,0.6316130044935191,False,22.253805966787983,1.6781961
298,-4.774216332104888,0.8552196913687998,4.161043391596783,8.37539918579835,1.750396074068119,7,0,0.7996748157247006,5,47.205284285650805,0.0739441609977324,8.278888888888892,16,0.0105263157894736,0.8495576626178934,0.0081763395926768,0.1121495327102803,0.6383867229212987,False,22.253805966787983,2.130463
299,-2.36125766309532,0.8640994988959732,2.556182537496973,8.37539918579835,1.6883744536144183,8,0,0.8037331587118254,5,34.85268725076386,0.0624591503267973,6.998888888888891,14,0.0172413793103448,0.8573203525679627,0.008217096694815,0.1212121212121212,0.6217764456263215,False,22.253805966787983,1.5935386
300,-4.296864722721629,0.8074598767565777,4.390614208376759,8.689632748355741,1.7305472849719417,6,0,0.7684730599482956,4,41.2981045562993,0.0829559178743961,7.3255555555555585,16,0.0113636363636363,0.8098944142681497,0.0093826431705219,0.0909090909090909,0.6694515015582357,False,22.253805966787983,2.6179054
301,-1.943654216296836,0.8128840624266892,2.785753354276948,8.689632748355741,1.66674367857983,7,0,0.7692561803434906,4,28.945507521412356,0.0720815752461322,6.045555555555557,14,0.01875,0.8136728953080035,0.0095372987384006,0.0989010989010989,0.654053325409648,False,22.253805966787983,2.2470915
302,-1.682635822314433,0.8095043438659052,3.4077618222050936,8.689632748355741,1.5967234100830057,8,0,0.7668517034441676,4,28.945507521412356,0.0685579196217494,6.970000000000002,16,0.0208333333333333,0.807976982104948,0.0090068085233219,0.1192660550458715,0.6291483334159224,False,22.253805966787983,2.2129853
303,-1.6081232153355156,0.804682631593923,1.1712001829483536,0.0,1.712935039619369,4,0,0.7978829669424462,2,25.152374504929536,0.0725,2.2622222222222224,1,0.0,0.8316407314190501,0.0082542597694112,0.3571428571428571,0.7536798505594048,True,0.0,1.8470137
304,-2.451531897745189,0.874826298432339,1.0671608896316762,7.887959336599945,1.728707842226376,7,0,0.8142804120550975,6,40.75986698011536,0.058588761174968,3.2533333333333347,6,0.0306122448979591,0.8777907032040732,0.0068249065494244,0.1272727272727272,0.6724031559512706,False,0.0,0.647383
305,0.0,0.8963189526491324,0.4666099714203531,0.0,1.416361954434675,2,0,0.830576720017683,0,9.967957041894415,0.0304878048780487,3.022222222222223,7,0.0208333333333333,0.8943865666187867,0.0062175759145456,0.1272727272727272,0.6284201844480172,False,55.31703531749555,1.1426969
306,-4.338689111206076,0.8085662041414422,3.511277394720274,7.887959336599945,1.7918408776349417,6,0,0.7642481660473375,4,41.2981045562993,0.0711360398860398,5.857777777777779,14,0.0126582278481012,0.8128204208524147,0.0083776908375838,0.1136363636363636,0.6352117322834886,False,33.380708950181976,2.2816684
307,-4.373017622573792,0.8297080948405589,3.4279440613869405,7.887959336599945,1.83844771362182,6,0,0.7893220120504362,4,41.2981045562993,0.0748084291187739,5.715555555555557,12,0.0136986301369863,0.839845862222173,0.0080898713221945,0.1111111111111111,0.6617130818306218,False,22.253805966787983,2.2992685
308,-4.381840603731041,0.8372338474969933,3.4279440613869405,8.132412674500905,1.918869670989908,6,0,0.8006409127522888,4,41.2981045562993,0.075508607198748,5.913333333333335,10,0.0138888888888888,0.852272490752702,0.0087494722968729,0.1125,0.6865489071872631,False,20.881197370796592,1.9610631
309,-1.3301764206926712,0.8532861120215226,1.7014727424497378,7.887959336599945,1.5080755669522956,8,0,0.792144470116315,4,28.945507521412356,0.0622795414462081,4.417777777777779,10,0.0289855072463768,0.8414930049368883,0.0071195033595739,0.1538461538461538,0.6356580519973469,False,11.126902983393991,0.14265363
310,-4.404875067199915,0.8634021740081567,3.4279440613869405,7.887959336599945,1.8816401362087416,6,0,0.8188308046008568,4,46.28208307724651,0.0748084291187739,5.795555555555557,10,0.0136986301369863,0.871836225972274,0.0084613544039663,0.1111111111111111,0.6945985598234521,False,22.514758973090917,1.9602705
311,0.0,0.8812643908699033,0.8314586292361601,7.887959336599945,1.7737369550246451,5,0,0.8396284690007035,4,9.551078168738565,0.0696881091617933,2.0088888888888894,4,0.0806451612903225,0.9180550389682688,0.0073124341053633,0.0857142857142857,0.7395093473544928,True,27.232283132542747,0.35094097
312,-0.3259450298066157,0.8714398128269292,0.7805958655852391,7.221835825288449,1.4650037904249682,5,0,0.8065435354437959,2,11.75255023431679,0.0531045751633986,2.1788888888888893,5,0.025,0.8680781178484345,0.0043923840523988,0.1555555555555555,0.6467587377443956,False,0.0,1.1464068
313,-1.283174830406561,0.8875872736408901,0.9147919625694936,7.887959336599945,1.6818655929351,5,0,0.8303837944433174,4,28.945507521412356,0.0639297385620915,2.231111111111112,6,0.0135135135135135,0.903212545825712,0.0081576369758187,0.0952380952380952,0.6843935028843727,True,11.126902983393991,1.3085431
314,-1.2410836451045253,0.8468386942811243,1.4534670971643069,7.887959336599945,1.582103142127762,7,0,0.7853379345243476,4,28.945507521412356,0.0622165532879818,3.235555555555557,6,0.0277777777777777,0.8393030082809982,0.0066124705162138,0.1475409836065573,0.6367068683892103,False,0.0,0.35863236
315,-0.2782090088797584,0.8662421385521538,1.2101542437835098,7.221835825288449,1.6037154211354407,6,0,0.8098219525927183,3,14.387102272280789,0.0570987654320987,2.2588888888888894,3,0.024390243902439,0.872849138693163,0.0051466983672762,0.1521739130434782,0.6560332538025501,False,0.0,1.2552725
316,-3.439372496384065,0.7294652206603892,4.85562735605062,7.901377353792616,1.7209708041364369,4,0,0.69037209738284,4,42.15761446973645,0.0779373123123123,6.6544444444444455,12,0.0,0.7201482339445617,0.0076755486121877,0.1351351351351351,0.6119208989577705,False,0.0,2.5306315
317,-2.476942960264953,0.6966082055378925,3.7112897887532137,7.901377353792616,1.7106089255451828,4,0,0.66108907108202,4,35.981315952292974,0.0737268518518518,5.605555555555556,11,0.0,0.6890836904176791,0.0081211197163169,0.1428571428571428,0.6193268537542108,False,0.0,2.3408227
318,-2.984047387894928,0.7700529730132476,3.464337392012846,7.901377353792616,1.939755798399146,4,0,0.7178894294495447,4,35.981315952292974,0.0826023391812865,4.423333333333335,9,0.0,0.7608200390500057,0.0089909192939495,0.0638297872340425,0.6737223209764228,False,0.0,2.6374898
319,-2.4795400393031697,0.8113215637665028,3.628317583895975,7.901377353792616,1.752760997862835,4,0,0.7179738941002937,4,35.981315952292974,0.0772497704315886,5.810000000000002,15,0.0,0.7585823350866852,0.0071241710029588,0.0793650793650793,0.6434616018476853,False,22.253805966787983,2.3962388
320,-2.599889361454345,0.7463800259790839,3.588870593049012,7.901377353792616,1.7865191975130672,4,0,0.7270414507052002,4,35.981315952292974,0.0745287698412698,5.525555555555557,11,0.0,0.7641517304326363,0.0095921715705763,0.1034482758620689,0.6862513741908259,False,11.126902983393991,2.549815
321,-2.6371100532204927,0.7774693237505476,3.3831180640114784,7.901377353792616,1.851969989822692,4,0,0.7283410445330356,4,35.981315952292974,0.0802617521367521,5.045555555555557,11,0.0,0.772613546023861,0.0069032933458006,0.074074074074074,0.6690497297248019,False,11.126902983393991,2.3884764
322,-2.705041867411325,0.7859980637121107,3.5111495105175483,7.901377353792616,1.7826709198677728,4,0,0.7389674955175947,4,35.981315952292974,0.0716435185185185,5.312222222222224,13,0.0,0.7901030496616049,0.0081793883855739,0.064516129032258,0.6533275505159434,False,32.671799841253176,2.7251081
323,-3.475485137951252,0.7807397303548532,4.649874827013086,7.901377353792616,1.769559583363412,4,0,0.7534981484887061,4,42.15761446973645,0.082390873015873,6.494444444444445,12,0.0,0.7904196959675065,0.0074521771124158,0.1142857142857142,0.672147315669551,False,0.0,2.3783448
324,-3.5115977795184383,0.8092191850790342,4.44412229797555,7.901377353792616,1.81948749557764,4,0,0.7572894035272586,4,42.15761446973645,0.0873842592592592,6.014444444444446,12,0.0,0.8001215208304826,0.0066554260288209,0.0909090909090909,0.6545057232887772,False,0.0,2.1209738
325,-3.2048377194199427,0.8359045026809319,3.2709499502343844,7.901377353792616,1.9594342223355057,4,0,0.7687398811211095,4,35.981315952292974,0.085546398046398,4.072222222222223,8,0.0,0.8174047241941368,0.007701619368286,0.0652173913043478,0.7043659780138182,False,0.0,2.5365584
326,-2.6009411500928685,0.7658553511159525,4.181695255126502,8.38776764397578,1.6681908156553231,4,0,0.7348909818141072,4,35.981315952292974,0.0777588813303098,6.345555555555556,15,0.0,0.7749946930650405,0.0074408568347962,0.0945945945945946,0.6672826892159263,False,11.126902983393991,2.549815
327,-2.637053791660056,0.7898625926520311,3.975942726088967,8.38776764397578,1.7105761635874697,4,0,0.7353560520159516,4,35.981315952292974,0.082234212629896,5.865555555555557,15,0.0,0.7812541185996901,0.0067380574933718,0.0714285714285714,0.6495265197442477,False,11.126902983393991,2.4281528
328,-2.513055601832141,0.7530961590818397,3.505537259715679,7.901377353792616,1.7706031407506857,4,0,0.7323981590764403,4,35.981315952292974,0.0789930555555555,5.285555555555557,11,0.0,0.768321598748647,0.0078868045534712,0.1186440677966101,0.6937379980385944,False,0.0,2.180396
329,-2.5491682433993272,0.7836163498526016,3.299784730678145,7.901377353792616,1.835586134905194,4,0,0.7342508319996577,4,35.981315952292974,0.0850694444444444,4.645555555555557,11,0.0,0.7768674088505703,0.006630635357908,0.0909090909090909,0.6784575604802745,False,0.0,1.8197242
330,-2.4487029847522503,0.7625996026709486,3.2077372723730124,7.901377353792616,1.7706031407506857,4,0,0.72120360266015,4,35.981315952292974,0.0789930555555555,4.965555555555557,11,0.0,0.7565779598871131,0.0078868045534712,0.1525423728813559,0.6747566200420605,False,0.0,2.0040517
331,-5.62138731340383,0.7977030326193607,5.035176022627217,7.901377353792616,1.914306985899633,6,0,0.7704537511117943,6,60.14827244588294,0.0818001443001443,6.707777777777779,11,0.0135135135135135,0.8146616168775215,0.0074550328394555,0.1111111111111111,0.6648669848187949,False,0.0,1.7142185
332,-6.230749685803772,0.7959940612730267,5.035176022627217,7.901377353792616,1.88961826808414,8,0,0.7681134113104833,6,60.27252356308362,0.0818001443001443,6.707777777777779,11,0.0135135135135135,0.813152238787958,0.0074550328394555,0.1111111111111111,0.6679977394383606,False,0.0,1.735052
333,-2.670237625236954,0.7910669260060186,3.277946241465228,7.901377353792616,1.883391951965108,4,0,0.7623386691317121,4,35.981315952292974,0.078798185941043,4.183333333333335,9,0.0,0.8134657783587087,0.0067427917248153,0.0769230769230769,0.6882414568586868,False,11.126902983393991,1.5647975
334,-5.22542180597334,0.7977030326193607,5.035176022627217,7.901377353792616,1.914306985899633,6,0,0.7716415038597995,6,60.14827244588294,0.0834235209235209,7.02777777777778,11,0.0135135135135135,0.8159175216904248,0.0077723021460395,0.1111111111111111,0.6661228896316982,False,0.0,1.6028856
335,-5.270953509610687,0.8065669637092292,4.863115201683151,7.901377353792616,1.9323934896284056,6,0,0.7726506992372929,6,60.14827244588294,0.0842717717717717,6.1655555555555575,9,0.0138888888888888,0.8200216947920524,0.0083274665850423,0.1139240506329113,0.6434557838843663,False,0.0,1.4767472
336,-2.635054845974241,0.7969297698712765,3.644560555115974,7.901377353792616,1.8680205838299613,4,0,0.7725062644858285,4,35.981315952292974,0.0834722222222222,3.721111111111112,7,0.0,0.8217782634603069,0.0076719124368027,0.0943396226415094,0.6833477315255823,False,0.0,1.8713453
337,-3.576225878691993,0.8366561574533146,4.166889654485233,7.901377353792616,1.8638768997753927,4,0,0.7879602157925362,4,42.15761446973645,0.0877893518518518,4.9300000000000015,8,0.0,0.8404634357036808,0.0066643761881857,0.0967741935483871,0.6414416738324548,False,0.0,1.4388928
338,-2.6332551996796454,0.772175276545641,4.061597451899861,8.38776764397578,1.6894412615073031,4,0,0.7377588910143918,4,35.981315952292974,0.078408195429472,5.483333333333334,13,0.0,0.7807314846463274,0.0075009500657282,0.0972222222222222,0.6504736201513365,False,11.126902983393991,1.9714569
339,-3.827714948684849,0.8114974193682795,3.870770903542717,8.38776764397578,1.7887586809150082,4,0,0.7679780488588703,4,35.981315952292974,0.0812447786131996,5.323333333333334,11,0.0166666666666666,0.8237890914347081,0.0067482580776813,0.0735294117647058,0.6568333766780938,False,11.126902983393991,1.8597473
340,-2.70168189083361,0.8114974193682795,3.69871008259865,8.38776764397578,1.7490248219575053,4,0,0.7679780488588703,4,35.981315952292974,0.0821303587051618,4.781111111111112,11,0.0,0.8237890914347081,0.0067602482381855,0.0757575757575757,0.6377155269352031,False,11.126902983393991,1.8418288
341,-2.575577793445241,0.7150823847254036,3.805494644453504,7.901377353792616,1.7706031407506857,4,0,0.6965319962605829,4,35.981315952292974,0.0815656565656565,5.018888888888891,9,0.0,0.730696234438054,0.0090674420977451,0.0847457627118644,0.6419985555686265,False,0.0,2.015549
342,-2.545369651418918,0.7607615867034075,3.385439456489039,7.901377353792616,1.8027161157274112,4,0,0.7405705648163283,4,35.981315952292974,0.0775681341719077,4.423333333333335,9,0.0,0.7799638598287336,0.0080591335136789,0.1228070175438596,0.6830402052234701,False,0.0,1.7144706
343,-5.075577793445241,0.7969297698712765,3.805494644453504,7.901377353792616,1.950753201250753,4,0,0.7725062644858285,4,35.981315952292974,0.0815656565656565,5.018888888888891,9,0.0,0.8217782634603069,0.0090674420977451,0.0847457627118644,0.703358528634736,False,0.0,1.5512753
344,-2.613796342572882,0.8137847102967003,3.0225520871878278,7.901377353792616,1.8975870361235367,4,0,0.7865745370385878,4,35.981315952292974,0.0798611111111111,3.5611111111111127,7,0.0,0.8421696947692063,0.0066382614018977,0.0980392156862745,0.6869444744652163,False,0.0,1.3294758
345,-3.2328439616205005,0.8094231836472955,3.644560555115974,7.901377353792616,2.0525413984602063,6,0,0.7892914333218473,6,44.399112936621904,0.0834722222222222,3.721111111111112,5,0.0,0.849632275287793,0.0076719124368027,0.0943396226415094,0.6944070549838028,False,0.0,1.7390006
346,-5.660018995503876,0.8423390740854763,4.863115201683151,7.901377353792616,1.9323934896284056,6,0,0.8050473197324097,6,60.14827244588294,0.0842717717717717,6.005555555555556,9,0.0138888888888888,0.8544045429149685,0.0077643151818533,0.1139240506329113,0.6588559878409244,False,0.0,1.2560313
347,-3.546455265449773,0.8647854970422786,3.644560555115974,7.901377353792616,2.0525413984602063,6,0,0.8345878715541061,6,44.399112936621904,0.0834722222222222,3.596666666666668,5,0.0,0.8983915982108052,0.0085215114104003,0.0943396226415094,0.710660162624807,False,0.0,1.2106235
348,-0.8457850464040209,0.7303369628304992,2.7567989232157912,9.128804883993665,1.4541168576447965,4,0,0.6784103435698788,4,28.945507521412356,0.0972222222222222,5.121111111111112,12,0.0,0.7128101922218106,0.0100536407849539,0.0158730158730158,0.6191319807184733,False,0.0,2.7951846
349,-1.0905939036174748,0.8280117531722812,1.4534670971643069,7.887959336599945,1.6103295202102337,6,0,0.8023450793698816,4,28.945507521412356,0.0686462324393359,2.7733333333333343,6,0.0212765957446808,0.8591267506808233,0.0073881216602547,0.1320754716981132,0.6734815355295743,False,0.0,0.6730011
350,-1.0415718197291464,0.8206053559141345,1.4472007173245984,7.887959336599945,1.559137580385488,6,1,0.7898667266069863,4,28.945507521412356,0.0622222222222222,3.3777777777777787,8,0.0192307692307692,0.83793873873957,0.0066075499454061,0.1186440677966101,0.688085503607551,False,0.0,0.5291874
351,-1.0753139280566453,0.7980618625006997,1.794128776225976,8.689632748355741,1.5524596484139708,6,0,0.7669536408335468,4,28.945507521412356,0.0854101765316718,3.841111111111112,8,0.0188679245283018,0.8145743790539283,0.0093834666178797,0.081967213114754,0.6750731915046447,False,0.0,1.3320259
352,0.0,0.8206204927379912,2.3246036311424536,8.689632748355741,1.5737964208865716,8,0,0.7783975405791986,4,9.551078168738565,0.0701809764309764,5.893333333333334,10,0.0338983050847457,0.8316627274595303,0.0086813090709194,0.0142857142857142,0.7114161094941321,False,82.66889269461026,2.544068
