,SdssC,IC0,BIC3,Xc-5d,nO,SRW09,SIC3,NdO,BIC4,GGI4,JGI10,AETA_beta_ns_d,GhoseFilter,n6ARing,C3SP2,RotRatio,nG12FARing,SlogP_VSA4,Lipinski,SlogP_VSA8,target
0,3.373806131472077,1.2069084251518167,0.7266904949199204,0.8199072360665389,0,0.0,0.7685783476265621,0,0.813999852459936,1.155555555555556,0.0069699520457096,0.0,False,0,5,0.1071428571428571,0,0.0,False,23.278943197061757,1.8202407
1,3.3839530552553643,1.3318495715684096,0.7266904949199204,0.8199072360665389,0,0.0,0.7685783476265621,0,0.813999852459936,1.155555555555556,0.0069699520457096,0.0,False,0,4,0.1428571428571428,0,0.0,False,23.278943197061757,2.20412
2,3.373956286218191,1.2326602568158205,0.699335865576738,0.3868945341743197,0,0.0,0.7554779969856077,0,0.8660025322434045,0.8444444444444447,0.0018829247479385,0.0,True,0,4,0.125,0,0.0,False,23.278943197061757,1.8129133
3,3.2219052343159484,1.3849586277872934,0.7517299169044169,0.7365739027332057,1,0.0,0.7900156777110281,0,0.7794270440823695,1.2044444444444449,0.009297520661157,0.0238095238095238,True,0,3,0.0909090909090909,0,0.0,True,12.152040213667762,1.3617278
4,3.3480639802217187,1.372905595320056,0.7127633807683987,2.5472340745130277,1,0.0,0.7345523884016688,0,0.7291905857646037,1.884444444444445,0.0097670924117205,0.0178571428571428,False,0,3,0.1379310344827586,0,0.0,False,12.152040213667762,2.3222194
5,3.4081183862433866,1.2448406699719212,0.7212267559548915,0.7365739027332057,0,0.0,0.7591074115787098,0,0.772466039151441,1.0133333333333336,0.00886206946813,0.0,True,0,3,0.0952380952380952,0,0.0,True,12.152040213667762,2.8661969
6,3.4161139455782314,1.2582296369090873,0.7753833819320365,0.470227867507653,0,0.0,0.8202775130286144,0,0.8320121153154455,0.9733333333333336,0.0074482195694316,0.0,True,0,3,0.15,0,0.0,True,12.152040213667762,2.1760912
7,3.435323811623415,1.2448406699719212,0.828562742903617,0.3035612008409863,0,0.0,0.8720809563746397,0,0.8798020261001667,0.9333333333333336,0.002944305974609,0.0,True,0,3,0.238095238095238,0,0.0,True,12.152040213667762,1.0413927
8,3.439166627299068,1.3698151284300626,0.7368299102532426,0.3035612008409863,0,0.0,0.7721971055010451,0,0.7835490349460337,1.2533333333333336,0.0096362049224002,0.0,True,0,3,0.1818181818181818,0,0.0,False,12.152040213667762,1.6434526
9,3.0588420414462085,1.5749523572407695,0.7436123935981938,2.114221372620808,1,0.0,0.7732229345332027,0,0.7651368228224561,1.764444444444445,0.01135725946332,0.04,False,0,2,0.1538461538461538,0,5.817220841045895,False,12.152040213667762,1.7344689
10,2.9263529856387,1.657265338157648,0.7568051062753326,1.169586604625425,3,0.0,0.8000496907841063,2,0.7818658296441835,1.3244444444444443,0.0076814319238561,0.0,True,0,3,0.12,0,0.0,True,12.152040213667762,1.0413927
11,2.4379506802721096,1.968873874720721,0.7187057579889368,1.169586604625425,6,0.0,0.7803134698574336,4,0.7187057579889368,1.3244444444444443,0.0076814319238561,0.0,True,0,2,0.16,0,0.0,True,12.152040213667762,-0.55284196
12,3.40721300348014,1.2804125884973652,0.7127180385621782,1.2529199379587586,0,0.0,0.7444554413066278,0,0.766743546693219,1.4666666666666668,0.0071820532953602,0.0,False,0,5,0.125,0,0.0,False,23.278943197061757,2.39794
13,3.3748339474678763,1.439525179119997,0.7127633807683987,2.5472340745130277,1,0.0,0.7345523884016688,0,0.7291905857646037,1.884444444444445,0.0097670924117205,0.0178571428571428,False,0,2,0.1724137931034483,0,0.0,False,12.152040213667762,2.5910647
14,3.434888353489544,1.3914665048326014,0.7212267559548915,0.7365739027332057,0,0.0,0.7591074115787098,0,0.772466039151441,1.0133333333333336,0.00886206946813,0.0,True,0,2,0.1428571428571428,0,0.0,True,12.152040213667762,2.7403626
15,3.47430476694324,1.2274504770665493,0.7576118988084423,1.0850356152625436,0,0.0,0.7765879164610618,0,0.8022978027283287,1.484444444444445,0.0062003092306122,0.0,False,0,3,0.3125,0,0.0,False,12.152040213667762,0.8750613
16,3.482300326278085,1.237415663761076,0.7818428708123694,0.818689580036991,0,0.0,0.80245213993536,0,0.8289173041226109,1.4444444444444446,0.0060240451654593,0.0,False,0,3,0.3548387096774194,0,0.0,False,12.152040213667762,0.9590414
17,3.5015101923232685,1.2274504770665493,0.7811375191020081,0.6520229133703244,0,0.0,0.8007027864571227,0,0.83922919419786,1.4044444444444446,0.005242793121581,0.0,False,0,3,0.40625,0,0.0,False,12.152040213667762,0.8976271
18,3.467667862181335,1.2718108456786592,0.7769124422490704,0.6520229133703244,0,0.0,0.8011399176039566,0,0.8460796356862288,1.1733333333333331,0.0060896041757285,0.0,False,0,2,0.3571428571428571,0,0.0,False,12.152040213667762,1.0413927
19,3.4464682539682543,1.1968693094032663,0.6971236174198265,2.971332926677937,0,7.661527081358517,0.7259386755159266,0,0.7394632933165984,1.5022222222222226,0.009931129476584,0.0,False,0,4,0.074074074074074,0,5.41499046939678,False,12.152040213667762,4.008517
20,2.668258692365836,1.4323591457496476,0.7263925730972647,0.9142634612365024,0,7.368339686311381,0.7611834233831933,0,0.7572841896077427,1.6444444444444446,0.0112746148352208,0.04,False,0,4,0.074074074074074,0,11.63444168209179,False,12.152040213667762,4.1172714
21,3.4288350340136056,1.347912390625054,0.7263925730972646,0.9142634612365024,0,7.368339686311381,0.7611834233831932,0,0.7572841896077427,1.4533333333333336,0.0136210590756045,0.0208333333333333,False,0,4,0.0769230769230769,0,0.0,False,12.152040213667762,3.9637878
22,3.4649744897959183,1.2069084251518167,0.715424951001188,0.9142634612365024,0,7.368339686311381,0.7471840772503473,0,0.7511419511207534,1.4533333333333336,0.0136210590756045,0.0,False,0,5,0.0769230769230769,0,6.923737199690624,False,12.152040213667762,3.612784
23,3.36324861426052,1.347912390625054,0.7263925730972646,0.9142634612365024,0,7.368339686311381,0.7611834233831932,0,0.7572841896077427,1.4533333333333336,0.0136210590756045,0.0208333333333333,False,0,4,0.0769230769230769,0,0.0,False,12.152040213667762,3.9637878
24,2.7807662509448225,1.4323591457496476,0.718669668969645,1.0809301279031691,0,7.368339686311381,0.7530906278067515,0,0.7572841896077427,1.6444444444444448,0.0135191744282653,0.04,False,0,4,0.074074074074074,0,11.63444168209179,False,12.152040213667762,4.220108
25,3.175858843537415,1.347912390625054,0.7263925730972646,0.9142634612365024,0,7.368339686311381,0.7611834233831932,0,0.7572841896077427,1.4533333333333336,0.0136210590756045,0.0208333333333333,False,0,4,0.0769230769230769,0,5.817220841045895,False,12.152040213667762,4.193125
26,3.0633512849584283,1.347912390625054,0.7263925730972646,0.9142634612365024,0,7.368339686311381,0.7611834233831932,0,0.7572841896077427,1.4533333333333336,0.0106113321769887,0.0208333333333333,False,0,4,0.0769230769230769,0,5.817220841045895,False,12.152040213667762,4.079181
27,3.45844387755102,1.2174939521435744,0.708031802938852,0.9142634612365024,0,7.368339686311381,0.7419432571111999,0,0.7572841896077427,1.2622222222222224,0.0092847668605244,0.0,True,0,4,0.08,0,0.0,False,12.152040213667762,4.064458
28,3.464449404761905,1.2069084251518167,0.6939947509294486,0.9142634612365024,0,0.0,0.724802548281467,0,0.7324079827495171,2.168888888888889,0.0082440567289052,0.0,False,1,4,0.0769230769230769,0,0.0,False,12.152040213667762,3.4313638
29,3.396804033341732,1.3441997944563522,0.7891545414175141,0.963209588632904,0,7.390798521735676,0.8445773874917964,0,0.8562502419199873,1.7733333333333337,0.0054663518299881,0.0192307692307692,False,0,6,0.0689655172413793,1,0.0,False,23.278943197061757,3.0413928
30,3.424472355168303,1.3009439800094456,0.7419896976658279,1.3962222905251234,0,7.390798521735676,0.7812755021218997,0,0.7920326016088085,1.893333333333333,0.0071322314049586,0.0,False,0,6,0.09375,1,0.0,False,23.278943197061757,3.531479
31,2.6215031074158057,1.4252897549506724,0.8051727213053372,0.963209588632904,0,7.390798521735676,0.8617205347614435,0,0.8562502419199873,1.804444444444445,0.0074793388429752,0.037037037037037,False,0,6,0.0666666666666666,1,11.63444168209179,False,23.278943197061757,3.230449
32,3.382079449063576,1.3441997944563522,0.8001866123126066,0.963209588632904,0,7.390798521735676,0.8563842480320211,0,0.8562502419199873,1.6133333333333335,0.007018380048683,0.0192307692307692,False,0,6,0.0689655172413793,1,0.0,False,23.278943197061757,3.544068
33,3.418325197362896,1.1887525275231678,0.7442443688925757,1.3962222905251234,0,7.390798521735676,0.7836495504413556,0,0.7920326016088085,1.7333333333333338,0.0065708601163146,0.0,False,0,7,0.0625,1,0.0,False,23.278943197061757,3.39794
34,2.734010665994793,1.4252897549506724,0.792177522368695,1.1298762552995707,0,7.390798521735676,0.8478126743971975,0,0.8562502419199873,1.804444444444445,0.0084063984400684,0.037037037037037,False,0,6,0.0666666666666666,1,11.63444168209179,False,23.278943197061757,3.70757
35,3.129103258587386,1.3441997944563522,0.8001866123126066,0.963209588632904,0,7.390798521735676,0.8563842480320211,0,0.8562502419199873,1.6133333333333335,0.007018380048683,0.0192307692307692,False,0,6,0.0689655172413793,1,5.817220841045895,False,23.278943197061757,3.672098
36,3.4450951646090537,1.3009439800094456,0.7502178979821049,1.3962222905251234,0,7.390798521735676,0.7899393573666312,0,0.7920326016088085,1.7333333333333338,0.0065708601163146,0.0,False,0,6,0.09375,1,0.0,False,23.278943197061757,2.3004866
37,3.0165957000083985,1.3441997944563522,0.7891545414175141,0.963209588632904,0,7.390798521735676,0.8445773874917964,0,0.8562502419199873,1.6133333333333335,0.0060330578512396,0.0192307692307692,False,0,6,0.0689655172413793,1,5.817220841045895,False,23.278943197061757,3.6232493
38,3.4116882926009917,1.2146234752771463,0.7536952849244866,0.963209588632904,0,7.390798521735676,0.8066278039317897,0,0.8482411519760757,1.4222222222222225,0.0036225895316804,0.0,False,0,6,0.0714285714285714,1,0.0,False,23.278943197061757,3.3921905
39,3.4932811056521373,1.3080990830730832,0.7660761505904535,1.1986557230813315,0,8.405367376233981,0.8113042583302825,0,0.8220632340055269,1.503333333333334,0.0055708601163146,0.0,False,0,6,0.0909090909090909,1,0.0,False,23.278943197061757,2.7323937
40,3.459874233644075,1.21018798048854,0.7764651242279523,0.7656430211891125,0,8.405367376233981,0.8378871888315729,0,0.8929439282807133,1.1922222222222223,0.0019559228650137,0.0,False,0,6,0.0689655172413793,1,0.0,False,23.278943197061757,2.6729002
41,3.519005889392794,1.3463851517126129,0.7639851121534617,0.8199072360665389,0,6.580639137284949,0.8005764714845136,0,0.79487672866394,1.270555555555556,0.0116312621161106,0.0,True,0,4,0.12,0,0.0,True,12.152040213667762,2.230449
42,3.485599017384732,1.2628839008717192,0.8188423989641621,0.3868945341743197,0,6.580639137284949,0.875319816407598,0,0.8905206241474689,0.9594444444444448,0.0023456790123456,0.0,True,0,4,0.0952380952380952,0,0.0,True,12.152040213667762,1.4771212
43,3.148581349206349,1.3849586277872934,0.7701946683563853,0.7365739027332057,1,0.0,0.8094208427896814,0,0.7886594198083537,1.2044444444444449,0.0139526578920518,0.0238095238095238,True,0,3,0.0909090909090909,0,0.0,True,12.152040213667762,2.3222194
44,3.3278942665028977,1.372905595320056,0.7237148507658685,2.5472340745130277,1,0.0,0.7458386422415875,0,0.7346663207633387,1.804444444444445,0.0106305964891823,0.0178571428571428,False,0,3,0.1379310344827586,0,0.0,False,12.152040213667762,3.1139433
45,3.3546642337490558,1.439525179119997,0.7237148507658685,2.5472340745130277,1,0.0,0.7458386422415875,0,0.7346663207633387,1.804444444444445,0.0106305964891823,0.0178571428571428,False,0,2,0.1724137931034483,0,0.0,False,12.152040213667762,2.6334684
46,3.4014814814814818,1.2957378005380122,0.6554699749378484,0.3035612008409863,0,0.0,0.7094398271254457,0,0.7273644709769792,0.7022222222222223,0.0,0.0,True,0,2,0.1176470588235294,0,0.0,True,12.152040213667762,2.8692317
47,0.0,1.4591479170272446,0.90701901811629,0.0,0,0.0,0.90701901811629,0,0.90701901811629,0.08,0.0,0.0,False,0,0,0.4,0,0.0,True,0.0,1.5022738
48,0.0,1.564908691422263,0.3893229124377956,0.5287510904306973,6,7.247792581767846,0.3916267363295601,0,0.3920792311665852,5.848888888888891,0.0,0.0,False,0,0,0.3636363636363636,0,23.671624184645573,False,0.0,2.0
49,0.0,1.521928094887362,0.7609640474436811,0.0,0,0.0,0.6554587535412855,0,0.7609640474436811,0.0,0.0,0.0,False,0,0,0.0,0,0.0,True,0.0,-1.5169337
50,-2.004075743170344,1.9387079790263544,0.8297163124322731,2.193856955024389,4,7.208600337960199,0.8821358418552034,4,0.8550736307442267,4.116111111111112,0.0101011533015786,0.0212765957446808,False,0,6,0.1176470588235294,0,6.923737199690624,False,0.0,-0.15653011
51,-3.309828899704711,1.819858313308912,0.7753321599979061,2.8763699835106284,6,7.901377353792616,0.8212965324996712,6,0.8138165282489324,6.970000000000002,0.0080126142896705,0.0149253731343283,False,0,13,0.1081081081081081,0,27.694948798762496,False,11.126902983393991,0.4138832
52,-0.800265339995814,1.6864521349315629,0.8481499455416679,0.5143971413924631,4,7.208600337960199,0.9112420515909144,4,0.88597054067891,2.5650000000000004,0.0075370397220476,0.0263157894736842,False,0,5,0.1428571428571428,0,0.0,True,0.0,-1.2782766
53,-1.857141712873412,1.5783283081924544,0.7458026729581763,1.507211389806335,6,7.901377353792616,0.7900164353187551,6,0.7965556663232386,5.992222222222224,0.0080723846403902,0.0163934426229508,False,0,15,0.1176470588235294,0,41.54242319814374,False,11.126902983393991,-0.59586877
54,-0.9149071853269184,1.8010657220914292,0.8568775914833663,0.5143971413924631,4,7.208600337960199,0.9271079006543445,4,0.9088576198989428,2.1827777777777784,0.0090810083627143,0.032258064516129,True,0,3,0.1176470588235294,0,0.0,True,0.0,-1.4150144
55,-0.9055666321102932,1.7366809117888602,0.8478625319808148,0.5143971413924631,5,7.208600337960199,0.9134844133325064,4,0.8872973405715251,2.5650000000000004,0.0075370397220476,0.0394736842105263,False,0,3,0.1428571428571428,0,0.0,True,0.0,-0.79105836
56,-1.211729333877391,1.8617063540707224,0.8431725143277952,1.1364056093206094,6,7.208600337960199,0.9112420515909144,6,0.880771156481661,2.7250000000000005,0.0074119744826815,0.025,False,0,3,0.1363636363636363,0,0.0,False,0.0,-1.0943791
57,-3.851551785685805,1.7543237320518554,0.7070313884929987,3.261270162970378,8,7.901377353792616,0.7447531905975816,6,0.7929348600082514,7.894444444444446,0.0083434882462898,0.0140845070422535,False,0,17,0.1025641025641025,0,55.38989759752498,False,11.126902983393991,0.738189
58,-3.8889340866990194,1.7974667057517906,0.7701138927496425,2.8763699835106284,8,7.901377353792616,0.8167982484236951,6,0.8095172616777181,6.970000000000002,0.0080126142896705,0.0149253731343283,False,0,13,0.1081081081081081,0,27.694948798762496,False,11.126902983393991,0.46317536
59,-1.575390138405837,1.6984013344076891,0.7173071392162088,1.4015439938810963,5,7.901377353792616,0.7690387084542238,5,0.785604048092267,3.823333333333334,0.0074038363432302,0.0,True,0,9,0.075,0,27.694948798762496,True,0.0,0.4403482
60,3.871913580246914,1.5099686126368168,0.5876013637548226,0.6666666666666666,0,0.0,0.5876013637548226,0,0.5876013637548226,0.0,0.0,0.0,False,0,0,0.125,0,0.0,True,0.0,3.444648
61,3.919320987654322,1.4215541688301352,0.6901867153439099,1.1477918909913547,0,0.0,0.6901867153439099,0,0.6901867153439099,0.32,0.0,0.0,False,0,0,0.2,0,0.0,True,0.0,2.230449
62,3.924552469135803,1.4618602772540858,0.7362796496509926,0.5690355937288492,0,0.0,0.7362796496509926,0,0.7362796496509926,0.16,0.0,0.0,False,0,0,0.2222222222222222,0,0.0,True,0.0,2.5163093
63,3.95320987654321,1.4215541688301352,0.7583807772486734,0.5690355937288492,0,0.0,0.7583807772486734,0,0.7583807772486734,0.24,0.0,0.0,False,0,0,0.3,0,0.0,True,0.0,1.4392608
64,3.971036785084405,1.387291427643771,0.7756926417026353,0.5690355937288492,0,0.0,0.7756926417026353,0,0.7756926417026353,0.4,0.0,0.0,False,0,0,0.3636363636363636,0,0.0,True,0.0,0.90309
65,3.991811723146049,1.332112684358123,0.7796037767729803,0.5690355937288492,0,0.0,0.7796037767729803,0,0.8010955993971214,0.4,0.0,0.0,True,0,0,0.4615384615384615,0,0.0,True,0.0,0.67209786
66,4.00343318821764,1.2895281606953652,0.7394019544876336,0.5690355937288492,0,0.0,0.7394019544876336,0,0.8012182956260898,0.4,0.0082644628099173,0.0,True,0,0,0.5333333333333333,0,0.0,True,0.0,1.2787536
67,3.800203451751071,1.4731864679927211,0.7684741986354218,0.8367876570272818,0,0.0,0.7992692562696264,0,0.8024376807937325,0.568888888888889,0.0,0.0,True,0,0,0.1428571428571428,0,0.0,True,0.0,0.07918125
68,3.52118464978584,1.4374366326883632,0.7266373400688226,0.7216878364870322,0,0.0,0.7523174970032673,0,0.7266373400688226,0.6622222222222224,0.0,0.0,True,0,1,0.1333333333333333,0,0.0,True,6.076020106833881,2.0
69,2.725432098765433,1.6493974703476992,0.8567517667623957,0.2886751345948128,0,0.0,0.9257048827786958,0,0.9255128526390366,0.3511111111111111,0.0,0.0,False,0,1,0.0909090909090909,0,0.0,True,6.076020106833881,0.23044892
70,0.0,1.9056390622295665,0.979569764547061,2.25,0,0.0,0.9166666666666666,0,0.979569764547061,0.0,0.0,0.0,False,0,0,0.1428571428571428,0,0.0,True,0.0,-1.0779107
71,0.0,1.521928094887362,0.7609640474436811,0.0,0,0.0,0.6554587535412855,0,0.7609640474436811,0.0,0.0,0.0,False,0,0,0.0,0,0.0,True,0.0,0.11051288
72,0.0,1.373336962476363,0.7362477604580814,0.8073604499148398,0,7.83241092718792,0.7477552634519175,0,0.7581858998874025,1.270555555555556,0.0,0.0,True,0,0,0.0588235294117647,0,23.671624184645573,True,0.0,2.5910647
73,0.0,1.3968436982954155,0.724489503915154,0.6875694891336299,0,7.635786861395585,0.7311877230179624,0,0.7502959555280571,1.1483333333333337,0.0,0.0,True,0,0,0.0714285714285714,0,11.835812092322788,True,0.0,3.0050771
74,0.0,1.3516441151533924,0.6536042149571435,0.1666666666666666,0,0.0,0.6536042149571435,0,0.6536042149571435,0.2222222222222222,0.0,0.0,False,1,0,0.0,0,0.0,True,0.0,4.30103
75,1.8171296296296295,1.3516441151533924,0.5565572721647433,0.6123724356957945,0,0.0,0.5565572721647433,0,0.5565572721647433,0.0,0.0,0.0,False,0,0,0.0,0,5.41499046939678,True,0.0,1.685288
76,0.4273842592592594,1.9579393553211155,0.7695203916807805,0.9309036597828996,1,6.898714534329988,0.8078347747194918,0,0.8403342309073832,1.96,0.0,0.0,False,0,1,0.0588235294117647,0,0.0,True,6.076020106833881,1.5910646
77,0.5315509259259261,1.957939355321115,0.7695203916807805,0.9309036597828996,0,6.898714534329988,0.8078347747194918,0,0.8403342309073832,1.96,0.0,0.0,False,0,1,0.0588235294117647,0,0.0,True,6.076020106833881,1.3424227
78,1.6487791320231795,1.5178872290605931,0.7253363117738535,1.9285113019775797,1,0.0,0.745292998299391,0,0.7253363117738535,1.0622222222222224,0.0,0.0277777777777777,True,0,1,0.1666666666666666,0,0.0,True,6.076020106833881,0.8808136
79,0.0,1.3968436982954155,0.750295955528057,0.4368867239266071,0,6.823286122355687,0.7572327664479106,0,0.750295955528057,0.8200000000000002,0.0,0.0,True,0,0,0.1538461538461538,0,5.917906046161393,True,0.0,0.85733247
80,0.0,1.3723775684811073,0.6899565586046739,0.3678511301977579,0,6.823286122355687,0.6941737681097224,0,0.7519966608350492,1.14,0.0,0.0,True,0,0,0.2352941176470588,0,5.917906046161393,True,0.0,0.5682017
81,0.0,1.3599924922184878,0.9098110735370422,0.0,0,6.529418838262226,0.9256603431473772,0,0.9098110735370422,0.205,0.0,0.0,False,0,0,0.1111111111111111,0,5.917906046161393,True,0.0,0.17609125
82,0.0,1.4591479170272446,0.90701901811629,0.0,0,0.0,0.90701901811629,0,0.90701901811629,0.08,0.0,0.0,False,0,0,0.4,0,0.0,True,0.0,1.2016912
83,0.0,1.3995812306460644,0.8976167900760738,0.0,0,0.0,0.8976167900760738,0,0.8976167900760738,0.08,0.0,0.0,False,0,0,0.5,0,0.0,True,0.0,2.0
84,0.0,1.3786011816680388,0.716118646878767,1.9106532292788336,0,0.0,0.7364770586954896,0,0.716118646878767,1.4711111111111117,0.0,0.0,True,0,1,0.1176470588235294,0,0.0,True,6.076020106833881,0.17609125
85,0.0,1.3786011816680388,0.8297714262641377,0.3434433619633035,0,0.0,0.8533608530766674,0,0.8297714262641377,1.2311111111111113,0.0,0.0,True,0,1,0.2941176470588235,0,0.0,True,6.076020106833881,0.041392684
86,0.0,1.2950243779198094,0.786894264314593,0.3434433619633035,0,0.0,0.8027605837673154,0,0.83677524432832,1.2311111111111113,0.0059631103402147,0.0,True,0,1,0.4285714285714285,0,0.0,True,6.076020106833881,0.59106463
87,0.0,1.1737195857469152,0.5650252803661964,0.3434433619633035,0,0.0,0.5711321027488918,0,0.6239436505094733,1.2311111111111113,0.0039420838318909,0.0,False,0,1,0.625,0,0.0,False,6.076020106833881,0.6532125
88,0.0,1.3786011816680388,0.70222117674442,0.2357022603955158,0,0.0,0.7221844998123175,0,0.70222117674442,1.0711111111111111,0.0,0.0,True,0,1,0.2941176470588235,0,0.0,True,6.076020106833881,0.2552725
89,0.0,1.3787834934861751,0.6523007394965069,0.0,0,0.0,0.6339833333166621,0,0.6523007394965069,0.0,0.0,0.0,False,0,0,0.2,0,0.0,True,0.0,0.15632364
90,0.0,1.7841591278514215,0.8166746222236321,0.0,0,0.0,0.8429809818837098,0,0.8166746222236321,0.0,0.0,0.0,False,0,0,0.1666666666666666,0,11.33111286753076,True,0.0,-3.9422977
91,0.0393518518518523,1.7574839898128798,0.8343604297372124,0.4927992798267444,2,0.0,0.8343604297372124,1,0.8343604297372124,0.08,0.0,0.0,False,0,0,0.25,0,0.0,True,0.0,-1.4711615
92,0.0740740740740746,1.6854752972273344,0.8437066199654226,0.4927992798267444,2,0.0,0.8437066199654226,1,0.8437066199654226,0.24,0.0,0.0,False,0,0,0.3333333333333333,0,0.0,True,0.0,-0.65757734
93,-0.3565459701911151,1.457985765510777,0.779294898454622,0.6106504100245023,6,0.0,0.7997504188836013,2,0.8398249547484347,1.2044444444444449,0.0057783219399381,0.0405405405405405,False,0,1,0.4736842105263157,0,0.0,False,0.0,1.852297
94,-0.0680092592592587,1.750224877285235,0.883401527984509,0.4927992798267444,3,0.0,0.883401527984509,1,0.883401527984509,0.32,0.0,0.0,False,0,0,0.4,0,0.0,True,0.0,0.11912928
95,0.0,2.0,0.8905179677700554,0.0,0,0.0,0.8333333333333334,0,0.8905179677700554,0.0,0.0,0.0,False,0,0,0.2,0,0.0,True,0.0,-2.8190227
96,0.0,2.0,0.8905179677700554,0.0,0,0.0,0.8333333333333334,0,0.8905179677700554,0.0,0.0,0.0,False,0,0,0.2,0,0.0,True,0.0,-1.8018311
97,0.0,1.4353713907745331,0.8565359801139569,0.0,0,0.0,0.8224908743082041,0,0.8565359801139569,0.0,0.0,0.0,False,0,0,0.25,0,0.0,True,0.0,-0.41587538
98,0.0,1.8910611120726528,0.887346954847329,0.0,0,0.0,0.9298966940476158,0,0.887346954847329,0.0,0.0,0.0,False,0,0,0.2,0,11.33111286753076,True,0.0,-4.082479
99,0.055555555555556,1.8423709931771084,0.8732737098805868,0.1666666666666666,2,0.0,0.8732737098805868,1,0.8732737098805868,0.08,0.0,0.0,False,0,0,0.2857142857142857,0,0.0,True,0.0,-0.61978877
100,0.0902777777777783,1.7574839898128798,0.8740065897889193,0.1666666666666666,2,0.0,0.8740065897889193,1,0.8740065897889193,0.16,0.0,0.0,False,0,0,0.375,0,0.0,True,0.0,0.8102325
101,0.1416164767738543,1.402800386248768,0.7096670112975275,0.1666666666666666,2,0.0,0.7096670112975275,1,0.80535846720662,0.24,0.0070838252656434,0.0,True,0,0,0.6875,0,0.0,True,0.0,1.2787536
102,0.146363889833424,1.3225078451055432,0.5941974536662892,0.1666666666666666,2,0.0,0.5941974536662892,1,0.6829016042867827,0.24,0.0045078888054094,0.0,True,0,0,0.75,0,0.0,False,0.0,1.3443923
103,0.149036466578097,1.266740279584632,0.5136582583231901,0.1666666666666666,2,0.0,0.5136582583231901,1,0.5912334370386523,0.24,0.0033057851239669,0.0,False,0,0,0.7916666666666666,0,0.0,False,0.0,1.4638929
104,0.1507451043022043,1.2255579072016076,0.455235232360271,0.1666666666666666,2,0.0,0.455235232360271,1,0.5232382099546775,0.24,0.0026098303610265,0.0,False,0,0,0.8214285714285714,0,0.0,False,0.0,1.5563025
105,0.4675925925925928,1.738149333192866,0.8595824360039367,0.2357022603955158,1,0.0,0.8595824360039367,1,0.8595824360039367,0.0,0.0,0.0,False,0,0,0.3333333333333333,0,0.0,True,0.0,-0.95342517
106,0.0,1.295461844238322,0.764240758439705,0.0,0,0.0,0.7511553347015191,0,0.764240758439705,0.16,0.0,0.0,False,0,0,0.4285714285714285,0,5.917906046161393,True,0.0,0.938315
107,0.0,1.295461844238322,0.8672896861162782,0.0,0,0.0,0.8524398460347836,0,0.8672896861162782,0.16,0.0,0.0,False,0,0,0.5714285714285714,0,0.0,True,0.0,4.4313636
108,0.0,1.9056390622295665,0.979569764547061,0.0,0,0.0,0.9166666666666666,0,0.979569764547061,0.0,0.0,0.0,False,0,0,0.25,0,0.0,True,0.0,-1.4764944
109,0.0,1.9056390622295665,0.979569764547061,0.0,0,0.0,0.9166666666666666,0,0.979569764547061,0.0,0.0,0.0,False,0,0,0.25,0,0.0,True,0.0,-2.0457575
110,0.444490740740741,1.824816986216862,0.885455472151804,0.1924500897298752,1,6.555356891810665,0.9008804575298364,1,0.885455472151804,0.33,0.0,0.0,False,0,0,0.2,0,0.0,True,0.0,-2.4792998
111,0.0,1.836591668108979,0.9825675930733632,0.0,1,0.0,0.9298966940476158,0,0.9825675930733632,0.0,0.0,0.0,False,0,0,0.25,0,0.0,True,0.0,-0.4602309
112,0.0,1.7295739585136225,0.873569864076289,0.0,1,0.0,0.8429809818837098,0,0.873569864076289,0.0,0.0,0.0,False,0,0,0.4,0,0.0,True,0.0,-0.02482618
113,0.138657407407408,1.5759136532083846,0.7617354931651753,0.1178511301977579,2,0.0,0.7701408015872945,1,0.8041841461582553,0.4311111111111112,0.0,0.0,False,1,0,0.2307692307692307,0,5.917906046161393,True,0.0,-0.3179619
114,-0.1292998866213146,1.562806631693174,0.8366773173491766,0.2845177968644246,2,0.0,0.867466816142267,1,0.8366773173491766,0.7022222222222223,0.0,0.0,True,0,2,0.25,0,0.0,True,0.0,0.13358897
115,-0.1342129629629624,1.650022421648354,0.895192663028035,0.1178511301977579,2,0.0,0.9386137518291132,1,0.895192663028035,0.6222222222222225,0.0,0.0,True,0,2,0.2142857142857142,0,6.923737199690624,True,0.0,-0.4115221
116,-0.1382870370370366,1.7004448031130073,0.8765680819563445,0.1178511301977579,2,0.0,0.9267672896410716,1,0.9253256672767722,0.4311111111111112,0.0,0.0,False,0,1,0.2307692307692307,0,0.0,True,0.0,-0.44023007
117,-0.0925462962962961,1.8423709931771084,0.8732737098805868,0.0,2,0.0,0.8732737098805868,1,0.8732737098805868,0.16,0.0,0.0,False,0,0,0.2857142857142857,0,0.0,True,0.0,-0.88988197
118,0.0,1.4056607849761658,0.6808543582267266,0.1360827634879543,1,0.0,0.6923120228182059,0,0.7235047810318432,0.7422222222222226,0.0,0.0,True,4,0,0.1764705882352941,0,23.671624184645573,True,0.0,0.2278867
119,0.0,1.476120721149274,0.8753052890916679,0.0833333333333333,1,7.390798521735676,0.8854444327020352,0,0.9076606610696916,0.3911111111111111,0.0,0.0,False,0,0,0.2307692307692307,0,11.835812092322788,True,0.0,0.03072624
120,0.0,1.4717374334224662,0.7458166334323245,0.0,1,0.0,0.7458166334323245,0,0.7932752521247711,0.3111111111111111,0.0,0.0,False,1,0,0.2727272727272727,0,0.0,True,0.0,-0.004364805
121,0.0,1.640223928941852,0.8728451895946834,0.0,1,0.0,0.8506077525009399,0,0.8728451895946834,0.08,0.0,0.0,False,0,0,0.5,0,0.0,True,0.0,-1.7447275
122,0.0,1.377028383842828,0.8329341659511481,0.2471938745990654,1,7.946971357693591,0.8455012645565919,0,0.8792746153726693,0.6133333333333334,0.0,0.0,True,0,0,0.2222222222222222,0,29.589530230806965,True,0.0,-0.88605666
123,0.0,1.4313076001654323,0.7659109581999143,0.0,1,0.0,0.7659109581999143,0,0.8068435878718127,0.3111111111111111,0.0,0.0,False,1,0,0.3333333333333333,0,5.917906046161393,True,0.0,-0.39794
124,0.0,1.5617677112802777,0.8745925844266508,0.0,1,0.0,0.9107622975418276,0,0.921133915868877,0.3111111111111111,0.0,0.0,False,0,1,0.3333333333333333,0,0.0,True,0.0,-0.10237291
125,0.0,1.490468570732828,0.6021094901067964,0.6123724356957945,0,0.0,0.5918000977748352,0,0.6021094901067964,0.0,0.0,0.0,False,0,0,0.2857142857142857,0,0.0,True,0.0,1.0198466
126,0.0,1.3921472236645345,0.8639297000405968,0.1178511301977579,0,0.0,0.9100052092619964,0,0.924071167826352,0.1911111111111111,0.0,0.0,False,0,1,0.2,0,0.0,True,0.0,-0.28344035
127,-0.7815110703866515,1.7582390733601851,0.8477038539503058,0.5527637482392129,4,7.181591944611865,0.90786441352951,4,0.8741746625773552,1.7727777777777782,0.0057682889501071,0.0303030303030303,True,0,5,0.1666666666666666,0,0.0,True,0.0,-1.7047169
128,-0.904576091029914,1.904169484320044,0.8604318159582255,0.5527637482392129,4,7.181591944611865,0.927366970808329,4,0.8989407010509846,1.3905555555555558,0.007075988644616,0.0384615384615384,True,0,3,0.1428571428571428,0,0.0,True,0.0,-1.5164098
129,-0.8935615379565995,1.8139247528036693,0.8474937501201928,0.5527637482392129,5,7.181591944611865,0.9104738841244796,4,0.8752715278979704,1.7727777777777782,0.0057682889501071,0.0454545454545454,True,0,3,0.1666666666666666,0,0.0,True,0.0,-1.3441967
130,-0.8974744949439504,1.7494780642666188,0.8041338888243846,0.5527637482392129,6,7.181591944611865,0.8617017359021716,4,0.8579084511686544,2.155,0.0043506287950732,0.05,False,0,3,0.1818181818181818,0,0.0,False,0.0,-0.9549409
131,-0.9131092380745744,1.7494780642666188,0.8484716204294275,0.5527637482392129,6,7.181591944611865,0.9092136003080924,4,0.8901731885752163,1.9950000000000008,0.0066842472903078,0.05,False,0,3,0.1818181818181818,0,0.0,False,0.0,-1.3873483
132,-1.2193534622281688,1.9456572611761351,0.841706360005034,1.174772216167359,6,7.181591944611865,0.90786441352951,6,0.867989887998962,1.9327777777777784,0.0063417635955514,0.0285714285714285,True,0,3,0.1578947368421052,0,0.0,True,0.0,-1.183095
133,-0.5918081698164459,1.685662052770919,0.7977308590204912,0.0,4,0.0,0.8014865756401716,2,0.8108452245202228,0.8800000000000002,0.0082644628099173,0.0,True,0,0,0.5217391304347826,0,5.41499046939678,True,0.0,-1.8860567
134,-0.7922267079747285,1.6985957249448538,0.8171436272521979,0.0,4,0.0,0.8461731317409411,2,0.8285126518537261,1.724444444444445,0.0052810937659422,0.032258064516129,True,0,2,0.28125,0,5.41499046939678,True,0.0,-1.853872
135,0.0,1.7295739585136225,0.873569864076289,0.0,1,0.0,0.8429809818837098,0,0.873569864076289,0.0,0.0,0.0,False,0,0,0.4,0,0.0,True,0.0,-0.84491605
136,0.0,2.054585169337799,0.9399316205211392,0.0,1,0.0,0.90701901811629,0,0.9399316205211392,0.0,0.0,0.0,False,0,0,0.5,0,0.0,True,0.0,-0.35654733
137,0.0,1.9547541343536352,0.6984449163630588,0.0,5,0.0,0.7180171149425625,4,0.6984449163630588,1.2800000000000002,0.0,0.0,False,0,0,0.4666666666666667,0,5.41499046939678,True,0.0,-2.5460958
138,-0.3203950821605039,1.8454372523105549,0.8172593941421574,1.0069086473878968,4,0.0,0.8498025482814671,1,0.8459586331078405,2.408888888888889,0.0070789666749262,0.1,False,0,2,0.2580645161290322,0,0.0,False,0.0,-1.6041867
139,-0.1486501350034688,1.5101162067624423,0.8233894915348751,0.6220084679281461,4,0.0,0.853903961230761,1,0.8500548431092928,1.3244444444444448,0.008944665510322,0.037037037037037,True,0,2,0.3214285714285714,0,0.0,True,0.0,-1.2281394
140,-0.3832180362380366,1.6541869220523808,0.8271422909856777,0.6220084679281461,4,0.0,0.8600789806874132,1,0.8558415299513611,1.3244444444444448,0.008944665510322,0.037037037037037,True,0,2,0.3214285714285714,0,0.0,True,0.0,-2.0546641
141,-0.2823538387071724,1.4879868996760075,0.832377299796731,0.7398595981259041,4,0.0,0.8733715234613971,1,0.8706073749263025,1.515555555555556,0.0065993265993266,0.032258064516129,True,0,3,0.2727272727272727,0,0.0,False,0.0,-1.437699
142,-0.3980945794479134,1.5970264456395795,0.8406344918859097,0.8144585576580214,4,0.0,0.8820353787061285,1,0.8706073749263024,1.6266666666666671,0.0064165788071511,0.046875,False,0,3,0.2647058823529412,0,0.0,False,0.0,-1.9996856
143,-0.2366130979664318,1.531919635975994,0.8172593941421578,0.6220084679281461,4,0.0,0.8498025482814674,1,0.8459586331078405,1.3244444444444448,0.0087446058925559,0.0384615384615384,True,0,2,0.2962962962962963,0,0.0,True,0.0,-1.2918897
144,-0.2898741008478143,1.447451946839715,0.8227739580883213,0.7621886974951644,4,0.0,0.8685412761364586,1,0.904310653712328,1.764444444444445,0.005998151085387,0.0277777777777777,False,0,4,0.2564102564102564,0,0.0,False,0.0,-1.6269608
145,-0.2441333601070736,1.4879868996760075,0.8315840299615097,0.6443375672974064,4,0.0,0.8725391854283051,1,0.8945856813586166,1.5733333333333337,0.0072645648403224,0.032258064516129,True,0,3,0.2727272727272727,0,0.0,False,0.0,-1.5228025
146,-0.2213913762562331,1.4503582783395474,0.8672830049670698,0.2998396842794429,4,0.0,0.8963173869733514,1,0.8940291065545305,1.497777777777778,0.0059310718072246,0.032258064516129,False,1,2,0.2727272727272727,0,0.0,False,0.0,-1.2918897
147,-0.2339754299332219,1.7175224498288084,0.8758548962701429,0.0,4,0.0,0.9094636830789814,1,0.9031983256729788,0.7822222222222224,0.0082644628099173,0.0588235294117647,True,0,0,0.3529411764705882,0,0.0,True,0.0,-2.5124927
148,-0.3159243927322721,1.7971592488363148,0.8425517287919226,0.6220084679281461,6,0.0,0.8906959592372969,3,0.8759660266170566,1.3244444444444448,0.0087446058925559,0.0384615384615384,True,0,0,0.2962962962962963,0,0.0,True,0.0,-2.274051
149,0.0,1.8647869792568117,0.7763781639375945,0.6969234250586759,3,0.0,0.786350715330922,2,0.7763781639375945,0.6400000000000001,0.0,0.0,False,0,0,0.4545454545454545,0,0.0,True,0.0,-1.5086644
150,0.0,1.935945569184765,0.8487498298256753,0.0,3,0.0,0.8617186471562276,2,0.8487498298256753,0.4800000000000001,0.0,0.0,False,0,0,0.5,0,0.0,True,0.0,-2.7282312
151,0.0,1.8647869792568117,0.8549307642657513,0.0,3,0.0,0.8659123211672695,2,0.8549307642657513,0.4800000000000001,0.0,0.0,False,0,0,0.5454545454545454,0,0.0,True,0.0,-1.2257342
152,0.0,1.802689692334833,0.8600022632456077,0.0,3,0.0,0.8694918883597842,2,0.8600022632456077,0.6400000000000001,0.0,0.0,True,0,0,0.5833333333333334,0,0.0,True,0.0,-0.9466777
153,0.0,1.748394345536403,0.8642628209731508,0.0,3,0.0,0.8725948939439815,2,0.8642628209731508,0.6400000000000001,0.0,0.0,True,0,0,0.6153846153846154,0,0.0,True,0.0,-0.9239035
154,0.0,2.016875695766564,0.8409821589507599,0.0,3,0.0,0.8567135500246338,2,0.8409821589507599,0.4800000000000001,0.0,0.0,False,0,0,0.4444444444444444,0,0.0,True,0.0,-3.5862978
155,0.0,1.8492057424201191,0.8151263744115469,1.0069086473878968,3,0.0,0.8478126743971975,0,0.848090806064674,2.168888888888889,0.005158912355882,0.1111111111111111,False,0,2,0.25,0,0.0,False,0.0,-2.385619
156,0.0,1.7315627185605464,0.8151263744115469,0.8577107283236621,3,0.0,0.8478126743971975,0,0.848090806064674,1.626666666666667,0.0058958998352937,0.08,True,0,2,0.2692307692307692,0,0.0,True,0.0,-2.5223198
157,0.0,1.513425233170183,0.8151263744115471,0.6220084679281461,3,0.0,0.8478126743971977,0,0.848090806064674,1.0844444444444448,0.0068785498078427,0.0434782608695652,True,0,2,0.2916666666666667,0,0.0,True,0.0,-2.2993445
158,0.0,1.4893661763263144,0.852324180627812,0.488641942096356,3,0.0,0.8838581239743899,0,0.8826865162883414,1.0844444444444448,0.0070765373795676,0.0416666666666666,True,0,2,0.32,0,0.0,True,0.0,-2.0694838
159,0.0,1.4657700277448185,0.8309873054643807,0.6443375672974064,3,0.0,0.8732269699726519,0,0.901870734664742,1.333333333333334,0.0074278134884195,0.0357142857142857,True,0,3,0.2666666666666666,0,0.0,True,0.0,-2.0546641
160,0.0,1.3920786935073337,0.8549532019389865,0.669400440323503,3,0.0,0.8800936125982155,0,0.8865308573616016,1.8888888888888893,0.0084277114580144,0.0333333333333333,False,1,2,0.25,0,11.835812092322788,False,0.0,-1.02582
161,0.0,1.4251629522524671,0.8704077027769713,0.2998396842794429,3,0.0,0.89928139174443,0,0.9001696075388764,1.257777777777778,0.0054398315961314,0.0357142857142857,True,1,2,0.2666666666666666,0,0.0,False,0.0,-1.761244
162,0.0,1.567429379083991,0.8552012647525012,0.0,3,0.0,0.8962385297261841,0,0.894805427112206,0.9244444444444446,0.0082542597694112,0.0476190476190476,True,0,2,0.3181818181818182,0,0.0,True,0.0,-2.378209
163,0.0,1.7306502730537434,0.8941597809524066,0.0,3,0.0,0.927298569338156,0,0.9292114339285986,0.5422222222222224,0.0,0.0714285714285714,True,0,0,0.3571428571428571,0,0.0,True,0.0,-3.3636642
164,0.0,1.8171298975918944,0.8452721019936397,0.6220084679281461,5,0.0,0.8962385297261841,2,0.8844164472433781,1.0844444444444448,0.0068785498078427,0.0434782608695652,True,0,0,0.2916666666666667,0,0.0,True,0.0,-2.7091641
165,1.7222685185185187,1.3995812306460644,0.8506077525009399,0.0,0,0.0,0.8506077525009399,0,0.8506077525009399,0.16,0.0,0.0,False,0,0,0.3333333333333333,0,0.0,True,0.0,1.3342929
166,0.0,1.6854752972273344,0.8987154886667355,0.0,2,0.0,0.8987154886667355,0,0.8987154886667355,0.5333333333333334,0.0,0.0,False,1,0,0.1,0,0.0,True,0.0,-1.5245169
167,0.0,1.573402452417767,0.8956326161691388,0.0,2,0.0,0.8956326161691388,0,0.8956326161691388,0.6533333333333335,0.0,0.0,False,1,0,0.25,0,0.0,True,0.0,-0.7454703
168,0.0,1.7574839898128798,0.9136527498406264,0.0,2,0.0,0.9136527498406264,0,0.9136527498406264,0.3422222222222222,0.0,0.0,False,1,0,0.1111111111111111,0,0.0,True,0.0,-2.0315926
169,0.0,1.5496361647732702,0.3962426451415723,0.5287510904306973,6,7.247792581767846,0.3970139969011659,0,0.3989483892147876,5.848888888888891,0.0,0.0,False,0,0,0.3636363636363636,0,23.671624184645573,False,0.0,1.8750613
170,-0.5904160467420114,1.595461844238322,0.7824530853950201,0.2357022603955158,4,0.0,0.8120981752908925,2,0.8367658644290326,0.8444444444444446,0.0055096418732782,0.0,True,1,2,0.217391304347826,0,11.835812092322788,True,0.0,-1.3122507
171,0.2532407407407415,1.9942994759573032,0.8877037247906753,0.343418919464003,2,6.968850378341948,0.920062511143956,2,0.8877037247906753,0.365,0.0,0.0,False,0,0,0.1818181818181818,0,5.917906046161393,True,0.0,0.6635123
172,1.194490740740741,1.7841591278514215,0.90701901811629,0.0,0,0.0,0.90701901811629,0,0.90701901811629,0.16,0.0,0.0,False,0,0,0.3333333333333333,0,0.0,True,0.0,-0.009016109
173,0.2945776643990934,1.7464353842388936,0.8915855958585936,0.0,1,0.0,0.8915855958585936,1,0.8915855958585936,0.16,0.0,0.0,False,0,0,0.5555555555555556,0,0.0,True,0.0,-2.7709196
174,0.0445776643990933,1.6854752972273344,0.8843108934201204,0.0,2,0.0,0.8843108934201204,1,0.8843108934201204,0.16,0.0,0.0,False,0,0,0.5555555555555556,0,0.0,True,0.0,0.15904392
175,0.295208202108004,1.6214297638624395,0.8168763388888841,0.0,1,0.0,0.8168763388888841,1,0.8909504129629582,0.16,0.0,0.0,False,0,0,0.6363636363636364,0,0.0,True,0.0,-2.8042665
176,0.2971816203197672,1.4633131163503208,0.646279694650699,0.0,1,0.0,0.646279694650699,1,0.757560752884799,0.16,0.0055096418732782,0.0,True,0,0,0.7333333333333333,0,0.0,True,0.0,-2.691457
177,-0.452818379680233,1.5241695235278407,0.6828905749643449,0.0,3,0.0,0.6828905749643449,1,0.7958276850706585,0.16,0.0055096418732782,0.0,True,0,0,0.6666666666666666,0,0.0,True,0.0,-0.123832
178,0.3041846437513626,1.6826341844733412,0.8484676279285007,0.0,2,0.0,0.8547339416166573,2,0.8793678569706804,0.32,0.0055096418732782,0.0,True,0,0,0.625,0,0.0,True,0.0,-2.2165704
179,-0.6233353372851016,1.70558726169826,0.852664446049636,0.2357022603955158,4,0.0,0.8913093082183967,2,0.8786589823021409,0.5422222222222224,0.009080706050403,0.0,True,0,2,0.3333333333333333,0,0.0,True,0.0,-1.7834345
180,-0.7227001650240565,1.8650842285606477,0.743470095879212,0.0,7,0.0,0.7615655413230972,5,0.8038176281392253,0.8000000000000002,0.0041322314049586,0.0,True,0,0,0.5714285714285714,0,0.0,True,0.0,-2.6831906
181,-1.0933552624680725,1.8086328717325544,0.7954935293342105,0.2357022603955158,8,0.0,0.82623465712856,6,0.8388676497664778,1.2622222222222224,0.0073972043669013,0.0,True,0,2,0.4666666666666667,0,0.0,True,0.0,-3.135532
182,-1.2493950732605144,1.8086328717325544,0.7707083176586291,0.2480056452854308,8,0.0,0.8004916433698281,6,0.8202787410097916,1.4222222222222225,0.0055567328294601,0.0,True,0,2,0.4666666666666667,0,0.0,True,0.0,-3.2553608
183,-1.1124956592759636,1.8372417358680384,0.8076101089809203,0.2357022603955158,8,0.0,0.8409920395708121,6,0.8540829189099979,1.1022222222222224,0.0100281312402524,0.0,True,0,2,0.4482758620689655,0,0.0,True,0.0,-3.1016848
184,-1.2697411996296388,1.8372417358680384,0.7810542175928763,0.2480056452854308,8,0.0,0.8133384812353013,6,0.8341660003689647,1.2622222222222226,0.0077188219480709,0.0,True,0,2,0.4482758620689655,0,0.0,True,0.0,-3.2118301
185,0.0,1.490468570732828,0.740699867103041,0.0,0,0.0,0.7280175133855431,0,0.740699867103041,0.24,0.0,0.0,False,0,0,0.4285714285714285,0,0.0,True,0.0,0.47712126
186,-1.7346267717859551,1.8027497403869208,0.7512738697833218,0.9971879438542404,6,7.881182202227102,0.7840519551812278,5,0.7921943327901325,2.061666666666667,0.0100413845277112,0.0,False,0,6,0.2619047619047619,0,0.0,False,0.0,-0.59176004
187,-0.622577449189551,1.7841591278514215,0.8408765914931052,0.2357022603955158,4,0.0,0.8909478540072342,2,0.8751843969031775,0.5422222222222224,0.0055096418732782,0.0,True,0,2,0.25,0,0.0,True,0.0,-1.6089218
188,-0.2224593726379433,1.764694686130739,0.9100453773101052,0.1178511301977579,3,0.0,0.9592283955968044,1,0.9100453773101052,0.5022222222222223,0.0,0.0357142857142857,True,0,1,0.2857142857142857,0,0.0,True,0.0,-5.0404577
189,-0.5364569516715973,1.6894822670191825,0.8714977961412635,0.3190355937288491,4,0.0,0.932068317636498,2,0.909608078626618,1.226666666666667,0.0075672550420025,0.0,True,0,4,0.1904761904761904,0,0.0,True,10.772448428929591,-2.3577332
190,-0.7071122816410509,1.7841591278514215,0.90949220231325,0.2357022603955158,4,0.0,0.963649284669078,2,0.90949220231325,0.6222222222222223,0.0,0.0,True,0,2,0.25,0,0.0,True,0.0,-2.6541219
191,-0.598741340360895,1.633935163144951,0.8023386067382953,0.3190355937288491,5,0.0,0.8452150736067298,2,0.8541972858023608,0.6844444444444446,0.0085486903668721,0.0,True,0,4,0.3076923076923077,0,0.0,True,11.126902983393991,-3.1401293
192,-0.8118551155667855,1.7397208106531798,0.9083558838760158,0.2357022603955158,5,0.0,0.9479099131401036,2,0.9083558838760158,0.6222222222222223,0.0076668561517046,0.0,True,0,2,0.3684210526315789,0,0.0,True,0.0,-2.4319038
193,0.0,1.7527152789797047,0.8987744735266903,0.2721655269759087,0,0.0,0.9467083407626374,0,0.8987744735266903,0.7244444444444447,0.0,0.0833333333333333,False,0,1,0.1666666666666666,0,0.0,True,0.0,-1.5677046
194,0.0,1.633731420642133,0.8987744735266903,0.1666666666666666,0,0.0,0.9467083407626374,0,0.8987744735266903,0.5333333333333334,0.0,0.0454545454545454,False,0,1,0.1818181818181818,0,0.0,True,0.0,-3.1665006
195,0.0,1.6068322783181097,0.8805745296758872,0.1178511301977579,0,0.0,0.9504402287649184,0,0.8805745296758872,0.5733333333333335,0.0,0.0,False,0,2,0.1666666666666666,0,11.33111286753076,True,0.0,-1.8325335
196,0.0,1.3566695198333112,0.8670557321436217,0.1666666666666666,0,0.0,0.9050844088127902,0,0.8670557321436217,0.5333333333333334,0.0,0.0,False,0,2,0.1818181818181818,0,6.923737199690624,True,0.0,-1.8084987
197,0.0,1.3250112108241772,0.8700189407738361,0.1178511301977579,0,0.0,0.9022630364981916,0,0.8700189407738361,0.5733333333333335,0.0,0.0,False,0,2,0.25,0,0.0,True,0.0,-1.0476395
198,0.0,1.633731420642133,0.8987744735266903,0.1666666666666666,0,0.0,0.9467083407626374,0,0.8987744735266903,0.5333333333333334,0.0,0.0454545454545454,False,0,1,0.1818181818181818,0,0.0,True,0.0,-2.1665006
199,0.0,1.3921472236645345,0.8987744735266903,0.0,0,0.0,0.9467083407626374,0,0.8987744735266903,0.3422222222222223,0.0,0.0,False,0,1,0.2,0,0.0,True,0.0,-1.2660533
200,0.0,1.4441262659337386,0.7696526263211605,1.0391943274084845,0,0.0,0.7995479803590559,0,0.8155993859355914,2.297777777777778,0.0114557471459828,0.0,True,5,5,0.0789473684210526,0,37.51909858402682,True,0.0,1.5506885
201,0.0,1.5401797500584626,0.786281886910556,1.1840317135270717,0,0.0,0.825676911279222,0,0.7935772741690207,3.6266666666666674,0.011777223898436,0.0,True,4,5,0.032258064516129,1,0.0,True,0.0,2.534764
202,0.0,1.4814525526116016,0.7509683488979458,1.2654195771444368,0,8.094683648698815,0.7816206746142537,0,0.7864203247377441,3.333333333333334,0.0082551873185481,0.0,True,1,5,0.0294117647058823,1,0.0,True,0.0,2.3489633
203,0.0,1.5353658743449792,0.8202412400640985,0.7415816237971964,0,0.0,0.8786080663533743,0,0.8277964230101834,3.288888888888889,0.0119035472570826,0.0,True,4,7,0.0294117647058823,1,0.0,True,0.0,2.449949
204,0.0,1.55499063467752,0.7935775575033183,0.7721655269759087,0,7.75833346749091,0.8410344037964657,0,0.8601115704902416,3.821111111111112,0.0082404556557854,0.0,False,2,10,0.0454545454545454,1,0.0,False,21.544896857859182,1.7130513
205,0.0,1.4018121534954444,0.7469181029821513,1.4638008806470058,0,0.0,0.7852871403731885,0,0.7511280176750245,5.422222222222222,0.0105938362084731,0.0,False,5,11,0.0208333333333333,1,0.0,False,10.772448428929591,2.597695
206,0.0,1.9182958340544891,0.9697238998682473,0.0,1,0.0,0.8710490642551527,0,0.9697238998682473,0.0,0.0,0.0,False,0,0,0.3333333333333333,0,0.0,True,0.0,-1.3963242
207,-0.7060687938967807,1.8119217115597808,0.8155707822215992,0.0,4,0.0,0.8381440884711661,2,0.8313204551225373,0.6622222222222225,0.0061947031644001,0.0,True,0,0,0.4166666666666667,0,0.0,True,0.0,-3.0
208,-0.903234487926044,1.772396072422482,0.8371460352897082,0.0,4,0.0,0.8866023551132431,2,0.8505300495945223,1.5066666666666668,0.003954698500153,0.032258064516129,True,0,2,0.2121212121212121,0,0.0,True,0.0,-2.2076082
209,0.0,1.610577243331642,0.6523007394965068,0.0,0,0.0,0.6339833333166619,0,0.6523007394965068,0.0,0.0,0.0,False,0,0,0.2,0,0.0,True,0.0,1.60206
210,0.0,1.633731420642133,0.7975876963280446,0.1178511301977579,0,0.0,0.8401250222879124,0,0.8987744735266903,0.5733333333333335,0.0,0.0454545454545454,False,0,2,0.1818181818181818,0,0.0,True,0.0,-2.251812
211,0.0,1.3921472236645345,0.6711042248297373,0.0,0,0.0,0.706895874194506,0,0.6711042248297373,0.3822222222222223,0.0,0.0,False,0,2,0.2,0,0.0,True,0.0,-1.3279022
212,0.0,1.9416823878601936,0.6983809711599993,0.0,2,0.0,0.7510527726515923,0,0.7640753132420126,0.7822222222222223,0.0,0.0555555555555555,True,0,0,0.2105263157894736,0,0.0,True,0.0,-0.6089383
213,0.0,1.895146783327743,0.6291289747591652,0.0,1,0.0,0.6376562727099161,1,0.6889078715349575,1.5200000000000005,0.0,0.0,True,0,0,0.5217391304347826,0,0.0,True,0.0,-0.37027705
214,0.0,1.7682276056242228,0.620250198231988,0.0,1,0.0,0.626484715302183,1,0.6644781133386745,1.6800000000000002,0.0025429116338207,0.0,True,0,0,0.6071428571428571,0,0.0,True,0.0,0.1231018
215,0.0,1.6705153824634809,0.618420132905895,0.0,1,0.0,0.6233179157858358,1,0.6532107261514213,1.6800000000000002,0.0041322314049586,0.0,False,0,0,0.6666666666666666,0,0.0,False,0.0,0.5867288
216,0.0,1.5323941452664678,0.5962941140623511,0.0,1,0.0,0.5995644647076924,1,0.6458700227354122,1.6800000000000004,0.0034267284821608,0.0,False,0,0,0.7441860465116279,0,0.0,False,0.0,0.63978237
217,0.0,1.4819314943064883,0.5723958522866018,0.0,1,0.0,0.5751035915536721,1,0.6454406809645836,1.6800000000000002,0.0036537625054371,0.0,False,0,0,0.7708333333333334,0,0.0,False,0.0,0.61196613
218,0.5450925925925929,1.7464353842388936,0.7884859367972993,0.1666666666666666,1,0.0,0.7884859367972993,1,0.7884859367972993,0.4800000000000001,0.0,0.0,False,0,0,0.4444444444444444,0,5.917906046161393,True,0.0,0.28330123
219,-0.5206018518518516,2.0579243108310066,0.9293244215506592,0.1666666666666666,3,0.0,0.9467083407626374,2,0.9293244215506592,0.32,0.0,0.0,False,0,0,0.5,0,0.0,True,0.0,-4.0
220,0.1300028344671209,1.97355611232775,0.8914629392004517,0.1666666666666666,3,0.0,0.9050844088127902,2,0.8914629392004517,0.32,0.0,0.0,False,0,0,0.4545454545454545,0,0.0,True,0.0,-0.63827217
221,0.1261226251035057,1.7967719927529546,0.8911665941368658,0.1666666666666666,3,0.0,0.929972121980486,2,0.9208350066900336,0.5511111111111112,0.0072314049586776,0.0,True,0,1,0.3888888888888889,0,0.0,True,0.0,-1.2218487
222,0.0763742356008081,1.7695943615050294,0.8988246603066086,0.1666666666666666,3,0.0,0.9284197430758898,2,0.9211566906130156,0.5511111111111112,0.0053667993061932,0.0,True,0,1,0.4285714285714285,0,0.0,True,0.0,-2.5228786
223,0.5640291950113381,1.853568158165228,0.890135379039098,0.1666666666666666,1,0.0,0.890135379039098,1,0.890135379039098,0.24,0.0,0.0,False,0,0,0.6363636363636364,0,0.0,True,0.0,-1.0457575
224,0.0,1.7273966735744792,0.9314714457178894,0.0,0,0.0,1.0000000000000004,0,0.9314714457178894,0.3422222222222223,0.0,0.0555555555555555,False,0,0,0.1111111111111111,0,0.0,True,0.0,-1.8723638
225,0.0,1.8753156176197316,0.8892263943402581,0.0833333333333333,1,0.0,0.9366510388806776,0,0.8892263943402581,0.6533333333333335,0.0,0.0909090909090909,False,0,0,0.1818181818181818,0,0.0,True,0.0,-1.3279022
226,0.0,1.7956828983511028,0.8878275694755772,0.0833333333333333,1,0.0,0.9267672896410716,0,0.8878275694755772,0.6533333333333335,0.0,0.0833333333333333,False,0,0,0.25,0,0.0,True,0.0,-0.9706162
227,0.0694444444444448,1.9362600275315276,0.8750481154569111,0.2357022603955158,2,0.0,0.8750481154569111,1,0.8750481154569111,0.0,0.0,0.0,False,0,0,0.1666666666666666,0,0.0,True,0.0,-1.3695558
228,0.4699537037037038,1.8423709931771084,0.8732737098805868,0.0,2,0.0,0.8732737098805868,1,0.8732737098805868,0.16,0.0,0.0,False,0,0,0.4285714285714285,0,0.0,True,0.0,-1.617529
229,0.0534665532879818,1.6435270140593634,0.5997964107986723,0.8796528112548947,3,0.0,0.606112844141439,1,0.5997964107986723,1.0222222222222224,0.0,0.0,True,0,0,0.1428571428571428,0,10.82998093879356,True,0.0,0.4362777
230,0.0,1.813183850507562,0.9615539600943472,0.3938026764748812,5,0.0,0.9615539600943472,0,0.9807769800471736,1.115555555555556,0.0,0.0,False,1,0,0.1538461538461538,0,0.0,True,0.0,-4.5602727
231,-1.3638854770303177,1.7474130395316414,0.7730462353244482,0.2753775377200259,8,0.0,0.7891944766987268,3,0.809933540914437,1.995555555555556,0.0,0.0,False,1,0,0.2272727272727272,0,0.0,True,0.0,-0.5318823
232,0.0,1.683157328518199,0.7966917186688699,0.2753775377200259,5,0.0,0.7966917186688699,0,0.8608458593344348,1.435555555555556,0.0,0.0,True,1,0,0.3125,0,0.0,True,0.0,-0.5199088
233,0.0,1.583486490151956,0.7596554861115126,0.2753775377200259,5,0.0,0.7596554861115126,0,0.8063853399503029,1.515555555555556,0.0,0.0,True,1,0,0.4210526315789473,0,0.0,True,0.0,0.6532125
234,-1.492625556395397,1.776233967978774,0.7594062075985293,0.2983894022963089,8,0.0,0.7769718920890912,3,0.8002918714294374,1.995555555555556,0.0,0.0,True,1,0,0.1904761904761904,0,0.0,True,0.0,-1.1052096
235,0.0,1.6136656666753135,0.745292998299391,0.2983894022963089,5,0.0,0.745292998299391,0,0.7967652598440199,1.515555555555556,0.0,0.0,True,1,0,0.3888888888888889,0,0.0,True,0.0,0.62550217
236,0.0,1.9591479170272448,0.6144982234195134,0.0,1,0.0,0.5929809818837098,0,0.6144982234195134,0.0,0.0,0.0,False,0,0,0.2,0,0.0,True,0.0,2.023467
237,0.0,1.4056607849761658,0.760181426029589,0.2471938745990654,1,0.0,0.8227268557863091,0,0.8351685583797193,1.2666666666666668,0.0,0.0238095238095238,True,0,4,0.1304347826086956,0,0.0,True,22.253805966787983,-0.055517327
238,-0.3318238803272815,1.635951944644828,0.8063179889254432,1.4824705059093168,4,0.0,0.8382809993877665,2,0.8227897396242282,4.635555555555555,0.0088617139614922,0.0697674418604651,False,1,5,0.1304347826086956,0,11.332896515558172,False,0.0,0.6272717
239,0.0,1.6304423781291395,0.7427319500411808,1.691632388298685,4,8.127109185346375,0.8006545935795447,0,0.7701214786924344,5.208888888888889,0.0088512510061331,0.0212765957446808,False,1,14,0.037037037037037,2,50.35717453382401,False,22.253805966787983,2.640403
240,0.0,1.5182666588963805,0.6536788844473882,2.579703575756384,4,8.127109185346375,0.6891099501219644,0,0.6710229379631444,7.342222222222222,0.0104497067398812,0.0169491525423728,False,3,14,0.0294117647058823,2,22.66222573506152,False,22.253805966787983,2.6187718
241,0.0,1.591558343025782,0.704020314572543,2.2243244587497903,4,8.127109185346375,0.7498619368751858,0,0.7191025486848295,5.032222222222223,0.0079298718658609,0.0196078431372549,False,1,12,0.0344827586206896,2,22.66222573506152,False,22.253805966787983,2.8868933
242,0.0,1.6434438032502008,0.7945284146993606,1.3582990549653515,4,8.127109185346375,0.8631475970672198,0,0.8148836360462662,4.792222222222222,0.0086617221162675,0.0222222222222222,False,1,12,0.0384615384615384,2,36.50970013444277,False,22.253805966787983,2.5660722
243,0.0,1.6434438032502008,0.825061246719719,1.5249657216320185,4,8.127109185346375,0.8963173869733512,0,0.8454164680666248,4.809444444444445,0.0083336865155046,0.0222222222222222,False,1,12,0.0384615384615384,2,36.50970013444277,False,22.253805966787983,2.5030127
244,0.0,1.6452768781158806,0.8029291892236281,1.3582990549653515,4,8.127109185346375,0.8804936684197647,0,0.8373435394184351,4.41,0.0081375102239483,0.0232558139534883,False,1,10,0.04,2,22.66222573506152,False,22.253805966787983,2.5281048
245,0.0,1.6163485660751646,0.7695203916807803,0.1924500897298752,1,0.0,0.8078347747194917,0,0.840334230907383,0.5644444444444445,0.0,0.0454545454545454,False,0,2,0.0909090909090909,0,13.847474399381248,True,0.0,0.5148846
246,-0.6922580992273442,1.7496990604343905,0.7636993585039422,1.5100492821417186,9,0.0,0.8119480917077241,5,0.8391473058506059,3.631111111111112,0.005928894083164,0.0238095238095238,False,0,8,0.1777777777777777,0,27.694948798762496,False,11.126902983393991,-0.2771166
247,-0.0361067348269035,1.4843559791259084,0.6717714070252903,1.0069086473878968,3,0.0,0.6991970518395418,1,0.7600963553376704,2.4888888888888894,0.0112604465221545,0.04,True,0,6,0.1538461538461538,0,27.694948798762496,False,0.0,0.24626844
248,-0.2004276976031946,1.4658058420723152,0.7267253539467002,1.2914264442523211,4,0.0,0.7622153669487347,2,0.8036430265400465,2.791111111111112,0.0058618113359071,0.0303030303030303,False,0,8,0.1714285714285714,0,27.694948798762496,False,0.0,0.11698053
249,-0.2773679848842474,1.4658058420723152,0.7377135928886068,1.2914264442523211,4,0.0,0.7737402222902203,2,0.8036430265400465,2.871111111111112,0.008423630241812,0.0303030303030303,False,0,8,0.1714285714285714,0,27.694948798762496,False,0.0,0.22803421
250,-0.2342420009272203,1.3513944642589326,0.7560755673317318,1.4824705059093168,4,0.0,0.7813371368970964,2,0.7975074247727493,4.635555555555555,0.0088617139614922,0.0232558139534883,False,1,9,0.1304347826086956,0,39.02784531432067,False,0.0,1.003447
251,-0.1656568952047363,1.382902448178046,0.7919559725322437,1.455692870861236,4,0.0,0.8219639210644929,2,0.846983327433205,3.204444444444445,0.0067643987695567,0.025,False,1,8,0.1627906976744186,0,39.53076089108528,False,0.0,0.8718152
252,-0.907453939029967,1.6057848060815438,0.7174188076807719,3.061001044257268,8,7.901377353792616,0.7588575309893604,4,0.74726566067692,9.414444444444444,0.0088708635173281,0.0303030303030303,False,3,14,0.0789473684210526,1,39.53076089108528,False,38.79191527018213,1.9416108
253,0.0,1.7859867513206933,0.7301250118017932,1.288466008634729,6,0.0,0.7760498789936372,0,0.7613318889655167,5.413333333333334,0.0083398765875709,0.024390243902439,False,3,4,0.0434782608695652,1,22.66222573506152,True,0.0,1.7605691
254,0.0,1.5809172530941389,0.7055233660587298,2.472813719760212,4,0.0,0.749617299931266,0,0.7055233660587298,7.973333333333334,0.0094823150915994,0.0192307692307692,False,5,12,0.0333333333333333,1,22.66222573506152,False,10.772448428929591,3.2488475
255,0.0,1.7246767653542676,0.7087577817336587,1.5642494316979376,4,8.094683648698815,0.7550404962380136,0,0.7520313859831335,4.64,0.0094914027237259,0.0256410256410256,True,1,6,0.0454545454545454,1,22.66222573506152,False,0.0,2.498809
256,0.0,1.6856804340948992,0.7189972492476373,1.5642494316979376,4,8.094683648698815,0.7514453826177059,0,0.7566646972220527,4.64,0.0094914027237259,0.0256410256410256,False,1,6,0.0909090909090909,1,0.0,True,0.0,2.3117282
257,0.0,1.554278655916765,0.6788675809677294,2.675340293979631,4,8.787678239039497,0.7157460651834929,0,0.7348136156056245,7.680000000000001,0.0083485878791879,0.0151515151515151,False,1,8,0.0256410256410256,2,0.0,False,44.133605740930086,1.6232493
258,-0.6429743178708225,1.6392636042410225,0.7224598457675281,2.6142141408709114,8,8.695674048824253,0.762509984643848,4,0.7786993963063215,7.3788888888888895,0.0086844612278728,0.0327868852459016,False,0,12,0.0571428571428571,1,27.694948798762496,False,38.79191527018212,1.6720978
259,-0.5470505440521098,1.563957159690912,0.7484058679861078,2.661026259375613,8,8.695674048824253,0.7942994768352764,4,0.7899737225877649,8.26777777777778,0.0079104093950229,0.0273972602739726,False,0,16,0.0588235294117647,1,13.847474399381248,False,71.46371511143529,2.20412
260,-1.4104331079167602,1.8357027917212487,0.7601673359760379,3.777289690145701,8,8.695674048824253,0.8040752508041565,4,0.7954408895169405,7.956666666666668,0.0078673805449761,0.0277777777777777,False,0,10,0.073170731707317,1,0.0,False,38.79191527018212,1.3617278
261,0.0,1.6725888313728627,0.7784529323821413,1.7912942208568985,4,8.183955717304954,0.821778263460307,0,0.8242209886769924,5.255000000000001,0.0086110966728462,0.0238095238095238,False,1,6,0.0851063829787234,1,28.580131781222917,False,0.0,2.50515
262,0.0,1.7381493331928664,0.9251099295352732,0.0,1,0.0,1.0000000000000002,0,0.9251099295352732,0.3422222222222223,0.0,0.0555555555555555,False,0,0,0.1111111111111111,0,0.0,True,0.0,0.53521895
263,0.0,1.7018426023909723,0.697330448091342,1.1571348402636772,4,0.0,0.7520720601605787,0,0.7359510411264346,6.773333333333335,0.0088105144221867,0.046875,False,1,14,0.1111111111111111,1,22.66222573506152,False,66.76141790036395,1.4985074
264,0.0,1.5987286993166216,0.6820328629785767,1.1571348402636772,4,0.0,0.7423619988188885,0,0.7268939582181196,6.933333333333335,0.0075425203983514,0.0147058823529411,False,1,18,0.1052631578947368,1,67.98667720518456,False,66.76141790036395,1.566001
265,0.0,1.4949377857546078,0.6761273515937178,1.1571348402636772,4,0.0,0.7222654179940474,0,0.7093696955698524,6.773333333333335,0.0088105144221867,0.015625,False,1,18,0.1111111111111111,1,50.35717453382401,False,66.76141790036395,1.842423
266,0.0,1.5145875202787882,0.6654207756468905,1.1571348402636772,4,0.0,0.717657424803649,0,0.7359510411264347,6.00888888888889,0.00700365851881,0.0166666666666666,False,1,14,0.1176470588235294,1,22.66222573506152,False,66.76141790036395,2.0468822
267,0.8058564287842885,1.8616157143988104,0.8274786063900829,0.2222222222222222,3,0.0,0.8913093082183967,1,0.8779320355945816,1.3244444444444443,0.0082498870377658,0.0454545454545454,True,0,3,0.1739130434782608,0,0.0,True,5.573104530069267,-0.5850267
268,-0.0351570868318011,1.4435088359999462,0.6968825787669023,1.0302567583920093,3,0.0,0.7215581226337323,1,0.7223336125313551,2.106666666666668,0.0072861712790411,0.037037037037037,False,0,4,0.2142857142857142,0,0.0,False,0.0,-0.36174998
269,-0.0441852472235977,1.531401088664749,0.7499468055570793,0.8577107283236621,3,0.0,0.7859436003784067,1,0.7846987262505446,1.786666666666667,0.0100896733893366,0.0434782608695652,True,0,4,0.1666666666666666,0,13.847474399381248,True,0.0,-1.2191324
270,-0.0316270898927133,1.4843559791259084,0.7509318139197944,0.7886751345948129,3,0.0,0.781589250352647,1,0.7803734633572544,1.946666666666667,0.008944665510322,0.04,True,0,4,0.2307692307692307,0,0.0,False,0.0,-0.79739916
271,-0.0522637596202919,1.5847728337743971,0.7793581629872436,0.6220084679281461,3,0.0,0.8244824310018039,1,0.8214813248498052,1.0844444444444448,0.0082498870377658,0.0476190476190476,True,0,2,0.1818181818181818,0,0.0,True,0.0,-0.3027301
272,-0.5082304803629554,1.7336287534602095,0.798652527794428,1.7649998788039971,6,0.0,0.8437954096206869,4,0.8383612125147133,2.4088888888888897,0.0086417380286302,0.0476190476190476,False,0,2,0.1777777777777777,0,0.0,False,0.0,-0.7146954
273,-0.0311116875528159,1.4435088359999462,0.7525878131222896,0.6157420880884381,3,0.0,0.7792357939474099,1,0.7780388468867427,1.8666666666666671,0.00698515850031,0.037037037037037,False,0,4,0.2857142857142857,0,13.847474399381248,False,0.0,-0.5224971
274,-0.0310650086425006,1.4080548224512182,0.747601890083902,0.3800398276929222,3,0.0,0.7709153362102641,1,0.792307207161098,1.1644444444444446,0.0078461381491684,0.0344827586206896,False,0,2,0.4,0,0.0,False,0.0,-0.07812138
275,-0.0227783542194823,1.478690646751615,0.7538381828212565,0.6157420880884381,3,0.0,0.7873025482814672,1,0.802091046365741,1.5288888888888894,0.0104998562298837,0.0384615384615384,True,1,4,0.1428571428571428,0,13.847474399381248,False,0.0,-1.6823943
276,-0.1797020273718739,1.4599344207871634,0.7874925226963184,0.9002598849528627,4,0.0,0.8278294673511787,2,0.8344901513476273,1.9111111111111116,0.004504796974953,0.0294117647058823,False,1,6,0.1621621621621621,0,13.847474399381248,False,0.0,-0.8905308
277,0.0,1.5402195093092514,0.7620052277769305,2.388828142400637,4,8.51097389160232,0.8121805083044202,0,0.8134478980306681,7.077777777777779,0.0073890601542116,0.0142857142857142,False,1,10,0.0481927710843373,3,0.0,False,55.26050872432408,1.1139433
278,0.0402754395809956,1.5453399940466048,0.8385987124942146,0.1924500897298752,3,0.0,0.905920755354596,1,0.9256866094937516,1.186666666666667,0.0047079744049441,0.0416666666666666,True,0,2,0.1923076923076923,0,0.0,True,0.0,1.2694105
279,0.0,1.4125343852499448,0.6658693294592424,2.0565939411828977,4,0.0,0.6908382856410753,2,0.7333204680842949,3.8533333333333344,0.0046569592024137,0.0217391304347826,False,0,6,0.2244897959183673,0,0.0,False,0.0,0.8775897
280,0.0,1.517068672276094,0.7512371792430463,1.7086325525620762,4,0.0,0.7909654470336053,2,0.8476031311685381,3.213333333333334,0.0076432776967536,0.0263157894736842,False,0,6,0.1707317073170731,0,27.694948798762496,False,0.0,0.18145703
281,0.0,1.4326150215089102,0.7964741009649874,1.872898979170991,4,0.0,0.8300123485153841,2,0.8649509110150235,3.6266666666666674,0.0073421079481685,0.0222222222222222,False,1,6,0.1632653061224489,0,39.53076089108528,False,0.0,0.6003968
282,0.0,1.5843288833355649,0.8025623429581268,1.2440169358562922,4,0.0,0.8554187176688673,2,0.8646163028763004,1.8088888888888892,0.0045585727403909,0.0294117647058823,False,0,2,0.1891891891891892,0,0.0,False,0.0,-0.65225315
283,-0.0240704239493467,1.4724674212130748,0.7080713953844079,0.9626701469898156,3,8.094683648698815,0.7418604679769376,1,0.7358251286557406,2.232222222222223,0.0115498418528721,0.037037037037037,True,0,4,0.0666666666666666,0,0.0,False,0.0,0.24950042
284,-0.813696088378697,1.5418199492548963,0.7183207770120769,2.3483547619718186,4,8.689632748355741,0.7558892931200325,4,0.8078255010980904,4.435555555555556,0.011242465810367,0.0,False,0,12,0.0204081632653061,2,27.694948798762496,False,0.0,2.2981887
285,-1.0554998640490656,1.432627080296912,0.7227915366866954,2.838753463785876,4,7.887959336599945,0.7685444621537749,4,0.7772106731559416,7.520000000000001,0.0078136219172752,0.0,False,3,18,0.0571428571428571,1,25.68328649170403,False,32.671799841253176,2.1590316
286,-0.9704448543908823,1.4865555523217835,0.7436158811120923,2.3105786967821524,4,7.887959336599945,0.7947139932835561,4,0.801051856494721,5.777777777777779,0.0083693862289949,0.0,False,3,16,0.0327868852459016,1,13.847474399381248,False,32.671799841253176,2.3421488
287,-1.0879072714564737,1.4578354767617367,0.7422653370957222,2.606495254732944,4,7.887959336599945,0.7963855251296115,4,0.8055244672775271,6.5600000000000005,0.0080976262794444,0.0,False,3,18,0.0303030303030303,1,13.847474399381248,False,32.671799841253176,2.193588
288,-0.9350778238293344,1.4618278700803204,0.7504529703175802,2.391966560399517,4,8.689632748355741,0.796475127090783,4,0.826821999212855,5.484444444444446,0.0095270297525406,0.0,False,0,16,0.03125,2,13.847474399381248,False,32.671799841253176,2.227879
289,0.0,1.8051413787575816,0.7448879326761171,1.2028514353585045,4,7.887959336599945,0.8033804393991784,4,0.8270438193813484,2.3600000000000003,0.0099734720946842,0.074074074074074,True,0,7,0.0333333333333333,0,20.771211599071872,True,27.232283132542747,0.9854148
290,-1.1391281015092578,1.6761730338896517,0.7716282040866196,1.2028514353585045,6,7.887959336599945,0.8271596188622682,4,0.839353680417534,3.0444444444444456,0.0074372995585116,0.024390243902439,False,0,7,0.108695652173913,0,20.771211599071872,False,0.0,0.007121218
291,0.0,1.7512671301905287,0.7670996981271495,3.98502004079782,8,8.689632748355741,0.8107829605503116,4,0.816381765652812,7.653333333333334,0.0101243268168332,0.0277777777777777,False,0,12,0.036144578313253,2,13.847474399381248,False,71.89644426568069,0.9542425
292,-2.920383789475374,1.838126598708548,0.7657097880879121,3.866215401797912,6,7.887959336599945,0.8172293344792554,4,0.799575839686558,6.631111111111112,0.0097272387171377,0.0175438596491228,False,3,12,0.0461538461538461,1,0.0,False,0.0,0.06516688
293,0.0,1.4762856555827246,0.8357920797122742,0.1178511301977579,0,6.762729506931879,0.853913375925921,0,0.8662879067434499,0.285,0.0,0.0,True,0,1,0.3846153846153846,0,0.0,True,0.0,0.8135122
294,0.0,1.5745026554217976,0.7005796154678976,1.992790383709507,2,0.0,0.7467737522850652,0,0.7005796154678976,6.177777777777779,0.0095021359843494,0.0,False,4,6,0.0408163265306122,1,11.835812092322788,True,11.033401435232523,0.85064626
295,0.0,1.7807688896439655,0.7739903018879006,2.986349491166349,8,8.689632748355741,0.8224467385787019,4,0.8170075291889055,7.44888888888889,0.0090178358865227,0.0289855072463768,False,0,12,0.025,2,0.0,False,83.02334724907466,1.20412
296,-0.3581091650109405,1.7091937930018353,0.8080120438519587,2.556182537496973,7,8.37539918579835,0.86312877852429,5,0.8565685534967711,6.696666666666668,0.0083583579906812,0.0375,False,0,14,0.1098901098901098,0,0.0,False,49.48608909933073,0.07918125
297,-3.173456835433416,1.6817632882424454,0.8030738159194691,2.748632627226848,8,8.37539918579835,0.8571260631566425,6,0.8642942038098438,7.078888888888891,0.0082412404510579,0.0113636363636363,False,0,16,0.12,0,0.0,False,22.253805966787983,-0.08092191
298,-4.774216332104888,1.750396074068119,0.7996748157247006,4.161043391596783,7,8.37539918579835,0.8495576626178934,5,0.8552196913687998,8.278888888888892,0.0081763395926768,0.0105263157894736,False,0,16,0.1121495327102803,0,0.0,False,22.253805966787983,0.2329961
299,-2.36125766309532,1.6883744536144183,0.8037331587118254,2.556182537496973,8,8.37539918579835,0.8573203525679627,5,0.8640994988959732,6.998888888888891,0.008217096694815,0.0172413793103448,False,0,14,0.1212121212121212,0,0.0,False,22.253805966787983,-0.017728766
300,-4.296864722721629,1.7305472849719417,0.7684730599482956,4.390614208376759,6,8.689632748355741,0.8098944142681497,4,0.8074598767565777,7.3255555555555585,0.0093826431705219,0.0113636363636363,False,0,16,0.0909090909090909,0,0.0,False,22.253805966787983,0.5250448
301,-1.943654216296836,1.66674367857983,0.7692561803434906,2.785753354276948,7,8.689632748355741,0.8136728953080035,4,0.8128840624266892,6.045555555555557,0.0095372987384006,0.01875,False,0,14,0.0989010989010989,0,0.0,False,22.253805966787983,0.04921802
302,-1.682635822314433,1.5967234100830057,0.7668517034441676,3.4077618222050936,8,8.689632748355741,0.807976982104948,4,0.8095043438659052,6.970000000000002,0.0090068085233219,0.0208333333333333,False,0,16,0.1192660550458715,0,0.0,False,22.253805966787983,0.008600172
303,-1.6081232153355156,1.712935039619369,0.7978829669424462,1.1712001829483536,4,0.0,0.8316407314190501,2,0.804682631593923,2.2622222222222224,0.0082542597694112,0.0,True,0,1,0.3571428571428571,0,22.66222573506152,True,0.0,0.56922716
304,-2.451531897745189,1.728707842226376,0.8142804120550975,1.0671608896316762,7,7.887959336599945,0.8777907032040732,6,0.874826298432339,3.2533333333333347,0.0068249065494244,0.0306122448979591,False,0,6,0.1272727272727272,0,0.0,False,0.0,-1.4317982
305,0.0,1.416361954434675,0.830576720017683,0.4666099714203531,2,0.0,0.8943865666187867,0,0.8963189526491324,3.022222222222223,0.0062175759145456,0.0208333333333333,False,0,7,0.1272727272727272,0,0.0,False,55.31703531749555,-0.41481602
306,-4.338689111206076,1.7918408776349417,0.7642481660473375,3.511277394720274,6,7.887959336599945,0.8128204208524147,4,0.8085662041414422,5.857777777777779,0.0083776908375838,0.0126582278481012,False,0,14,0.1136363636363636,0,0.0,False,33.380708950181976,0.4927604
307,-4.373017622573792,1.83844771362182,0.7893220120504362,3.4279440613869405,6,7.887959336599945,0.839845862222173,4,0.8297080948405589,5.715555555555557,0.0080898713221945,0.0136986301369863,False,0,12,0.1111111111111111,0,0.0,False,22.253805966787983,0.4578819
308,-4.381840603731041,1.918869670989908,0.8006409127522888,3.4279440613869405,6,8.132412674500905,0.852272490752702,4,0.8372338474969933,5.913333333333335,0.0087494722968729,0.0138888888888888,False,0,10,0.1125,0,0.0,False,20.881197370796592,0.25042
309,-1.3301764206926712,1.5080755669522956,0.792144470116315,1.7014727424497378,8,7.887959336599945,0.8414930049368883,4,0.8532861120215226,4.417777777777779,0.0071195033595739,0.0289855072463768,False,0,10,0.1538461538461538,0,13.847474399381248,False,11.126902983393991,-1.7176394
310,-4.404875067199915,1.8816401362087416,0.8188308046008568,3.4279440613869405,6,7.887959336599945,0.871836225972274,4,0.8634021740081567,5.795555555555557,0.0084613544039663,0.0136986301369863,False,0,10,0.1111111111111111,0,0.0,False,22.514758973090917,0.28103337
311,0.0,1.7737369550246451,0.8396284690007035,0.8314586292361601,5,7.887959336599945,0.9180550389682688,4,0.8812643908699033,2.0088888888888894,0.0073124341053633,0.0806451612903225,True,0,4,0.0857142857142857,0,0.0,True,27.232283132542747,-1.5372869
312,-0.3259450298066157,1.4650037904249682,0.8065435354437959,0.7805958655852391,5,7.221835825288449,0.8680781178484345,2,0.8714398128269292,2.1788888888888893,0.0043923840523988,0.025,False,0,5,0.1555555555555555,0,0.0,False,0.0,-0.8975501
313,-1.283174830406561,1.6818655929351,0.8303837944433174,0.9147919625694936,5,7.887959336599945,0.903212545825712,4,0.8875872736408901,2.231111111111112,0.0081576369758187,0.0135135135135135,True,0,6,0.0952380952380952,0,0.0,True,11.126902983393991,-1.5032364
314,-1.2410836451045253,1.582103142127762,0.7853379345243476,1.4534670971643069,7,7.887959336599945,0.8393030082809982,4,0.8468386942811243,3.235555555555557,0.0066124705162138,0.0277777777777777,False,0,6,0.1475409836065573,0,0.0,False,0.0,-1.49485
315,-0.2782090088797584,1.6037154211354407,0.8098219525927183,1.2101542437835098,6,7.221835825288449,0.872849138693163,3,0.8662421385521538,2.2588888888888894,0.0051466983672762,0.024390243902439,False,0,3,0.1521739130434782,0,0.0,False,0.0,-0.7695511
316,-3.439372496384065,1.7209708041364369,0.69037209738284,4.85562735605062,4,7.901377353792616,0.7201482339445617,4,0.7294652206603892,6.6544444444444455,0.0076755486121877,0.0,False,0,12,0.1351351351351351,0,0.0,False,0.0,1.3933398
317,-2.476942960264953,1.7106089255451828,0.66108907108202,3.7112897887532137,4,7.901377353792616,0.6890836904176791,4,0.6966082055378925,5.605555555555556,0.0081211197163169,0.0,False,0,11,0.1428571428571428,0,0.0,False,0.0,1.146063
318,-2.984047387894928,1.939755798399146,0.7178894294495447,3.464337392012846,4,7.901377353792616,0.7608200390500057,4,0.7700529730132476,4.423333333333335,0.0089909192939495,0.0,False,0,9,0.0638297872340425,0,27.694948798762496,False,0.0,1.4082022
319,-2.4795400393031697,1.752760997862835,0.7179738941002937,3.628317583895975,4,7.901377353792616,0.7585823350866852,4,0.8113215637665028,5.810000000000002,0.0071241710029588,0.0,False,0,15,0.0793650793650793,0,41.54242319814374,False,22.253805966787983,1.2188666
320,-2.599889361454345,1.7865191975130672,0.7270414507052002,3.588870593049012,4,7.901377353792616,0.7641517304326363,4,0.7463800259790839,5.525555555555557,0.0095921715705763,0.0,False,0,11,0.1034482758620689,0,13.847474399381248,False,11.126902983393991,1.4183314
321,-2.6371100532204927,1.851969989822692,0.7283410445330356,3.3831180640114784,4,7.901377353792616,0.772613546023861,4,0.7774693237505476,5.045555555555557,0.0069032933458006,0.0,False,0,11,0.074074074074074,0,27.694948798762496,False,11.126902983393991,1.2081445
322,-2.705041867411325,1.7826709198677728,0.7389674955175947,3.5111495105175483,4,7.901377353792616,0.7901030496616049,4,0.7859980637121107,5.312222222222224,0.0081793883855739,0.0,False,0,13,0.064516129032258,0,13.847474399381248,False,32.671799841253176,1.68351
323,-3.475485137951252,1.769559583363412,0.7534981484887061,4.649874827013086,4,7.901377353792616,0.7904196959675065,4,0.7807397303548532,6.494444444444445,0.0074521771124158,0.0,False,0,12,0.1142857142857142,0,13.847474399381248,False,0.0,1.1949455
324,-3.5115977795184383,1.81948749557764,0.7572894035272586,4.44412229797555,4,7.901377353792616,0.8001215208304826,4,0.8092191850790342,6.014444444444446,0.0066554260288209,0.0,False,0,12,0.0909090909090909,0,27.694948798762496,False,0.0,0.8596512
325,-3.2048377194199427,1.9594342223355057,0.7687398811211095,3.2709499502343844,4,7.901377353792616,0.8174047241941368,4,0.8359045026809319,4.072222222222223,0.007701619368286,0.0,False,0,8,0.0652173913043478,0,20.771211599071872,False,0.0,1.2482648
326,-2.6009411500928685,1.6681908156553231,0.7348909818141072,4.181695255126502,4,8.38776764397578,0.7749946930650405,4,0.7658553511159525,6.345555555555556,0.0074408568347962,0.0,False,0,15,0.0945945945945946,1,13.847474399381248,False,11.126902983393991,1.4183314
327,-2.637053791660056,1.7105761635874697,0.7353560520159516,3.975942726088967,4,8.38776764397578,0.7812541185996901,4,0.7898625926520311,5.865555555555557,0.0067380574933718,0.0,False,0,15,0.0714285714285714,1,27.694948798762496,False,11.126902983393991,1.2598337
328,-2.513055601832141,1.7706031407506857,0.7323981590764403,3.505537259715679,4,7.901377353792616,0.768321598748647,4,0.7530961590818397,5.285555555555557,0.0078868045534712,0.0,False,0,11,0.1186440677966101,0,13.847474399381248,False,0.0,0.9370646
329,-2.5491682433993272,1.835586134905194,0.7342508319996577,3.299784730678145,4,7.901377353792616,0.7768674088505703,4,0.7836163498526016,4.645555555555557,0.006630635357908,0.0,False,0,11,0.0909090909090909,0,27.694948798762496,False,0.0,0.46719298
330,-2.4487029847522503,1.7706031407506857,0.72120360266015,3.2077372723730124,4,7.901377353792616,0.7565779598871131,4,0.7625996026709486,4.965555555555557,0.0078868045534712,0.0,False,0,11,0.1525423728813559,0,0.0,False,0.0,0.7073289
331,-5.62138731340383,1.914306985899633,0.7704537511117943,5.035176022627217,6,7.901377353792616,0.8146616168775215,6,0.7977030326193607,6.707777777777779,0.0074550328394555,0.0135135135135135,False,0,11,0.1111111111111111,0,13.847474399381248,False,0.0,0.3494382
332,-6.230749685803772,1.88961826808414,0.7681134113104833,5.035176022627217,8,7.901377353792616,0.813152238787958,6,0.7959940612730267,6.707777777777779,0.0074550328394555,0.0135135135135135,False,0,11,0.1111111111111111,0,13.847474399381248,False,0.0,0.37711784
333,-2.670237625236954,1.883391951965108,0.7623386691317121,3.277946241465228,4,7.901377353792616,0.8134657783587087,4,0.7910669260060186,4.183333333333335,0.0067427917248153,0.0,False,0,9,0.0769230769230769,0,13.847474399381248,False,11.126902983393991,0.13508292
334,-5.22542180597334,1.914306985899633,0.7716415038597995,5.035176022627217,6,7.901377353792616,0.8159175216904248,6,0.7977030326193607,7.02777777777778,0.0077723021460395,0.0135135135135135,False,0,11,0.1111111111111111,0,13.847474399381248,False,0.0,0.20863841
335,-5.270953509610687,1.9323934896284056,0.7726506992372929,4.863115201683151,6,7.901377353792616,0.8200216947920524,6,0.8065669637092292,6.1655555555555575,0.0083274665850423,0.0138888888888888,False,0,9,0.1139240506329113,0,0.0,False,0.0,0.04795861
336,-2.635054845974241,1.8680205838299613,0.7725062644858285,3.644560555115974,4,7.901377353792616,0.8217782634603069,4,0.7969297698712765,3.721111111111112,0.0076719124368027,0.0,False,0,7,0.0943396226415094,0,0.0,False,0.0,0.12385164
337,-3.576225878691993,1.8638768997753927,0.7879602157925362,4.166889654485233,4,7.901377353792616,0.8404634357036808,4,0.8366561574533146,4.9300000000000015,0.0066643761881857,0.0,False,0,8,0.0967741935483871,0,0.0,False,0.0,-0.028941518
338,-2.6332551996796454,1.6894412615073031,0.7377588910143918,4.061597451899861,4,8.38776764397578,0.7807314846463274,4,0.772175276545641,5.483333333333334,0.0075009500657282,0.0,False,0,13,0.0972222222222222,1,0.0,False,11.126902983393991,0.6648654
339,-3.827714948684849,1.7887586809150082,0.7679780488588703,3.870770903542717,4,8.38776764397578,0.8237890914347081,4,0.8114974193682795,5.323333333333334,0.0067482580776813,0.0166666666666666,False,0,11,0.0735294117647058,1,11.63444168209179,False,11.126902983393991,0.51933384
340,-2.70168189083361,1.7490248219575053,0.7679780488588703,3.69871008259865,4,8.38776764397578,0.8237890914347081,4,0.8114974193682795,4.781111111111112,0.0067602482381855,0.0,False,0,11,0.0757575757575757,1,0.0,False,11.126902983393991,0.49599013
341,-2.575577793445241,1.7706031407506857,0.6965319962605829,3.805494644453504,4,7.901377353792616,0.730696234438054,4,0.7150823847254036,5.018888888888891,0.0090674420977451,0.0,False,0,9,0.0847457627118644,0,0.0,False,0.0,0.72230697
342,-2.545369651418918,1.8027161157274112,0.7405705648163283,3.385439456489039,4,7.901377353792616,0.7799638598287336,4,0.7607615867034075,4.423333333333335,0.0080591335136789,0.0,False,0,9,0.1228070175438596,0,0.0,False,0.0,0.33007208
343,-5.075577793445241,1.950753201250753,0.7725062644858285,3.805494644453504,4,7.901377353792616,0.8217782634603069,4,0.7969297698712765,5.018888888888891,0.0090674420977451,0.0,False,0,9,0.0847457627118644,0,0.0,False,0.0,0.1174666
344,-2.613796342572882,1.8975870361235367,0.7865745370385878,3.0225520871878278,4,7.901377353792616,0.8421696947692063,4,0.8137847102967003,3.5611111111111127,0.0066382614018977,0.0,False,0,7,0.0980392156862745,0,0.0,False,0.0,-0.17148663
345,-3.2328439616205005,2.0525413984602063,0.7892914333218473,3.644560555115974,6,7.901377353792616,0.849632275287793,6,0.8094231836472955,3.721111111111112,0.0076719124368027,0.0,False,0,5,0.0943396226415094,0,0.0,False,0.0,-0.21467017
346,-5.660018995503876,1.9323934896284056,0.8050473197324097,4.863115201683151,6,7.901377353792616,0.8544045429149685,6,0.8423390740854763,6.005555555555556,0.0077643151818533,0.0138888888888888,False,0,9,0.1139240506329113,0,0.0,False,0.0,-0.2544783
347,-3.546455265449773,2.0525413984602063,0.8345878715541061,3.644560555115974,6,7.901377353792616,0.8983915982108052,6,0.8647854970422786,3.596666666666668,0.0085215114104003,0.0,False,0,5,0.0943396226415094,0,0.0,False,0.0,-1.09691
348,-0.8457850464040209,1.4541168576447965,0.6784103435698788,2.7567989232157912,4,9.128804883993665,0.7128101922218106,4,0.7303369628304992,5.121111111111112,0.0100536407849539,0.0,False,0,12,0.0158730158730158,2,0.0,False,0.0,1.8129133
349,-1.0905939036174748,1.6103295202102337,0.8023450793698816,1.4534670971643069,6,7.887959336599945,0.8591267506808233,4,0.8280117531722812,2.7733333333333343,0.0073881216602547,0.0212765957446808,False,0,6,0.1320754716981132,0,0.0,False,0.0,-1.2310086
350,-1.0415718197291464,1.559137580385488,0.7898667266069863,1.4472007173245984,6,7.887959336599945,0.83793873873957,4,0.8206053559141345,3.3777777777777787,0.0066075499454061,0.0192307692307692,False,1,8,0.1186440677966101,0,13.847474399381248,False,0.0,-1.2140759
351,-1.0753139280566453,1.5524596484139708,0.7669536408335468,1.794128776225976,6,8.689632748355741,0.8145743790539283,4,0.7980618625006997,3.841111111111112,0.0093834666178797,0.0188679245283018,False,0,8,0.081967213114754,0,0.0,False,0.0,-0.16816436
352,0.0,1.5737964208865716,0.7783975405791986,2.3246036311424536,8,8.689632748355741,0.8316627274595303,4,0.8206204927379912,5.893333333333334,0.0086813090709194,0.0338983050847457,False,0,10,0.0142857142857142,2,0.0,False,82.66889269461026,1.2787536
