,n,theta,r,t,target
0,6,0,1.5,0.7,1.14466667
1,6,0,1.5,1.05,1.60756105
2,6,0,1.5,1.4,1.144337785
3,6,0,1.7,0.7,3.64273758
4,6,0,1.7,1.05,3.748405035
5,6,0,1.7,1.4,2.661723075
6,6,0,1.9,0.7,5.62889179
7,6,0,1.9,1.05,6.545940435
8,6,0,1.9,1.4,5.13711498
9,6,0,2.1,0.7,6.113001335
10,6,0,2.1,1.05,7.63448638
11,6,0,2.1,1.4,2.06551135
12,6,0,2.3,0.7,22.63629481
13,6,0,2.3,1.05,11.98794863
14,6,0,2.3,1.4,2.18745377
15,6,0,2.5,0.7,27.27353061
16,6,0,2.5,1.05,27.71493771
17,6,0,2.5,1.4,1.724510655
18,6,25,1.6,0.7,1.321202445
19,6,25,1.6,1.05,1.901228995
20,6,25,1.6,1.4,1.464165225
21,6,25,1.8,0.7,2.77622403
22,6,25,1.8,1.05,2.725128695
23,6,25,1.8,1.4,3.181724645
24,6,25,2.0,0.7,4.561826505
25,6,25,2.0,1.05,4.80682388
26,6,25,2.0,1.4,5.21743359
27,6,25,2.2,0.7,5.9481448
28,6,25,2.2,1.05,10.57081004
29,6,25,2.2,1.4,7.91761853
30,6,25,2.4,0.7,9.40534553
31,6,25,2.4,1.05,25.05585347
32,6,25,2.4,1.4,2.401968915
33,6,50,1.5,0.7,0.911408525
34,6,50,1.5,1.05,0.80713156
35,6,50,1.5,1.4,0.600585055
36,6,50,1.7,0.7,1.280064085
37,6,50,1.7,1.05,1.856575375
38,6,50,1.7,1.4,1.22887476
39,6,50,1.9,0.7,1.670555225
40,6,50,1.9,1.05,1.733336745
41,6,50,1.9,1.4,3.17129197
42,6,50,2.1,0.7,16.00978343
43,6,50,2.1,1.05,4.159978755
44,6,50,2.1,1.4,4.324624925
45,6,50,2.3,0.7,3.208368345
46,6,50,2.3,1.05,8.36155203
47,6,50,2.3,1.4,10.26593447
48,6,50,2.5,0.7,6.389414035
49,6,50,2.5,1.05,23.65177359
50,6,50,2.5,1.4,8.263866695
51,6,75,1.6,0.7,0.56218211
52,6,75,1.6,1.05,0.62222879
53,6,75,1.6,1.4,1.129298705
54,6,75,1.8,0.7,0.49796538
55,6,75,1.8,1.05,0.955209465
56,6,75,1.8,1.4,1.307267365
57,6,75,2.0,0.7,0.70437207
58,6,75,2.0,1.05,1.844288285
59,6,75,2.0,1.4,14.5440842
60,6,75,2.2,0.7,2.28417177
61,6,75,2.2,1.05,13.167347
62,6,75,2.2,1.4,1.245206375
63,6,75,2.4,0.7,2.414646575
64,6,75,2.4,1.05,4.68270893
65,6,75,2.4,1.4,17.76211779
66,6,100,1.5,0.7,1.761419435
67,6,100,1.5,1.05,2.038989845
68,6,100,1.5,1.4,1.74145084
69,6,100,1.7,0.7,2.42913609
70,6,100,1.7,1.05,2.639451635
71,6,100,1.7,1.4,1.83067924
72,6,100,1.9,0.7,2.248745235
73,6,100,1.9,1.05,1.874484205
74,6,100,1.9,1.4,13.84331533
75,6,100,2.1,0.7,16.77800679
76,6,100,2.1,1.05,14.0173637
77,6,100,2.1,1.4,13.71482183
78,6,100,2.3,0.7,19.72634797
79,6,100,2.3,1.05,18.3145061
80,6,100,2.3,1.4,17.49456493
81,6,100,2.5,0.7,20.8723812
82,6,100,2.5,1.05,19.19430635
83,6,100,2.5,1.4,23.2304953
84,6,125,1.6,0.7,1.4166949
85,6,125,1.6,1.05,1.25473141
86,6,125,1.6,1.4,1.077183595
87,6,125,1.8,0.7,0.92180845
88,6,125,1.8,1.05,19.82673045
89,6,125,1.8,1.4,13.35430999
90,6,125,2.0,0.7,0.93520637
91,6,125,2.0,1.05,17.48321147
92,6,125,2.0,1.4,18.91401758
93,6,125,2.2,0.7,16.74357002
94,6,125,2.2,1.05,14.11770208
95,6,125,2.2,1.4,20.73650342
96,6,125,2.4,0.7,24.20558826
97,6,125,2.4,1.05,18.50428299
98,6,125,2.4,1.4,11.64011261
99,6,150,1.5,0.7,0.9721676
100,6,150,1.5,1.05,0.73339565
101,6,150,1.5,1.4,1.241250395
102,6,150,1.7,0.7,13.11436394
103,6,150,1.7,1.05,1.247425855
104,6,150,1.7,1.4,16.19996728
105,6,150,1.9,0.7,1.27661952
106,6,150,1.9,1.05,15.55778051
107,6,150,1.9,1.4,19.00199987
108,6,150,2.1,0.7,16.41042719
109,6,150,2.1,1.05,18.51288508
110,6,150,2.1,1.4,17.18467533
111,6,150,2.3,0.7,18.49939449
112,6,150,2.3,1.05,19.91431001
113,6,150,2.3,1.4,18.03172451
114,6,150,2.5,0.7,20.95858163
115,6,150,2.5,1.05,18.51341047
116,6,150,2.5,1.4,20.43322464
117,6,175,1.6,0.7,14.9117021
118,6,175,1.6,1.05,20.1909625
119,6,175,1.6,1.4,16.86847969
120,6,175,1.8,0.7,16.25303968
121,6,175,1.8,1.05,18.12488509
122,6,175,1.8,1.4,20.35152813
123,6,175,2.0,0.7,18.03436356
124,6,175,2.0,1.05,17.5264161
125,6,175,2.0,1.4,18.38228342
126,6,175,2.2,0.7,21.11426736
127,6,175,2.2,1.05,19.70686035
128,6,175,2.2,1.4,13.48899982
129,6,175,2.4,0.7,22.93310771
130,6,175,2.4,1.05,16.38889589
131,6,175,2.4,1.4,14.4047196
132,6,200,1.5,0.7,14.96221898
133,6,200,1.5,1.05,14.65657727
134,6,200,1.5,1.4,20.22036666
135,6,200,1.7,0.7,16.78959272
136,6,200,1.7,1.05,25.21025957
137,6,200,1.7,1.4,19.40045977
138,6,200,1.9,0.7,17.83614353
139,6,200,1.9,1.05,24.39245006
140,6,200,1.9,1.4,23.56283371
141,6,200,2.1,0.7,21.86809238
142,6,200,2.1,1.05,20.21042247
143,6,200,2.1,1.4,20.31956724
144,6,200,2.3,0.7,24.84958171
145,6,200,2.3,1.05,21.80051696
146,6,200,2.3,1.4,19.66597793
147,6,200,2.5,0.7,25.99898896
148,6,200,2.5,1.05,22.06231878
149,6,200,2.5,1.4,21.03835901
150,8,0,1.5,0.7,2.166798125
151,8,0,1.5,1.05,1.994880795
152,8,0,1.5,1.4,1.991507755
153,8,0,1.7,0.7,2.413471505
154,8,0,1.7,1.05,4.139476235
155,8,0,1.7,1.4,2.899414305
156,8,0,1.9,0.7,5.52009985
157,8,0,1.9,1.05,7.354356745
158,8,0,1.9,1.4,5.33195838
159,8,0,2.1,0.7,19.99789002
160,8,0,2.1,1.05,8.488290225
161,8,0,2.1,1.4,1.915515405
162,8,0,2.3,0.7,25.3582639
163,8,0,2.3,1.05,2.185516945
164,8,0,2.3,1.4,1.437887965
165,8,0,2.5,0.7,31.09783404
166,8,0,2.5,1.05,1.890725635
167,8,0,2.5,1.4,1.379164485
168,8,25,1.6,0.7,6.022568495
169,8,25,1.6,1.05,5.899901415
170,8,25,1.6,1.4,5.25760901
171,8,25,1.8,0.7,5.487119255
172,8,25,1.8,1.05,9.138851555
173,8,25,1.8,1.4,12.00985826
174,8,25,2.0,0.7,9.76006525
175,8,25,2.0,1.05,10.70192285
176,8,25,2.0,1.4,14.18665702
177,8,25,2.2,0.7,13.1504635
178,8,25,2.2,1.05,16.83781416
179,8,25,2.2,1.4,19.7309444
180,8,25,2.4,0.7,22.05845141
181,8,25,2.4,1.05,27.7911449
182,8,25,2.4,1.4,1.651555005
183,8,50,1.5,0.7,0.606925755
184,8,50,1.5,1.05,0.967633045
185,8,50,1.5,1.4,1.01771189
186,8,50,1.7,0.7,1.83865145
187,8,50,1.7,1.05,1.946333395
188,8,50,1.7,1.4,1.256027065
189,8,50,1.9,0.7,2.446088645
190,8,50,1.9,1.05,1.75677089
191,8,50,1.9,1.4,2.89525274
192,8,50,2.1,0.7,4.16988717
193,8,50,2.1,1.05,3.47753655
194,8,50,2.1,1.4,4.749716225
195,8,50,2.3,0.7,6.054145875
196,8,50,2.3,1.05,5.279049785
197,8,50,2.3,1.4,9.993393195
198,8,50,2.5,0.7,7.144120635
199,8,50,2.5,1.05,23.23553062
200,8,50,2.5,1.4,1.789061775
201,8,75,1.6,0.7,2.301961535
202,8,75,1.6,1.05,2.517171365
203,8,75,1.6,1.4,1.897846855
204,8,75,1.8,0.7,3.146094015
205,8,75,1.8,1.05,12.57974175
206,8,75,1.8,1.4,4.87327289
207,8,75,2.0,0.7,5.749459945
208,8,75,2.0,1.05,3.877424105
209,8,75,2.0,1.4,12.78541704
210,8,75,2.2,0.7,20.21204998
211,8,75,2.2,1.05,20.51460132
212,8,75,2.2,1.4,17.76513275
213,8,75,2.4,0.7,24.44423375
214,8,75,2.4,1.05,26.61614424
215,8,75,2.4,1.4,32.61966052
216,8,100,1.5,0.7,0.758866325
217,8,100,1.5,1.05,1.47033628
218,8,100,1.5,1.4,1.371727985
219,8,100,1.7,0.7,1.66019497
220,8,100,1.7,1.05,1.94218581
221,8,100,1.7,1.4,2.526298485
222,8,100,1.9,0.7,18.46355991
223,8,100,1.9,1.05,19.95083256
224,8,100,1.9,1.4,15.28451124
225,8,100,2.1,0.7,24.44324883
226,8,100,2.1,1.05,26.5761516
227,8,100,2.1,1.4,15.81249026
228,8,100,2.3,0.7,26.55366339
229,8,100,2.3,1.05,31.76165247
230,8,100,2.3,1.4,24.51326645
231,8,100,2.5,0.7,33.05713503
232,8,100,2.5,1.05,39.22260624
233,8,100,2.5,1.4,33.98515161
234,8,125,1.6,0.7,1.46008469
235,8,125,1.6,1.05,16.95513861
236,8,125,1.6,1.4,16.54564365
237,8,125,1.8,0.7,16.49016369
238,8,125,1.8,1.05,17.97152167
239,8,125,1.8,1.4,17.14974079
240,8,125,2.0,0.7,20.02394696
241,8,125,2.0,1.05,21.33621444
242,8,125,2.0,1.4,16.41212001
243,8,125,2.2,0.7,21.7261251
244,8,125,2.2,1.05,24.28895599
245,8,125,2.2,1.4,19.99643012
246,8,125,2.4,0.7,26.74357163
247,8,125,2.4,1.05,23.40047254
248,8,125,2.4,1.4,22.66353705
249,8,150,1.5,0.7,15.76503932
250,8,150,1.5,1.05,14.71129282
251,8,150,1.5,1.4,16.81053048
252,8,150,1.7,0.7,18.38869488
253,8,150,1.7,1.05,16.23362792
254,8,150,1.7,1.4,25.59678803
255,8,150,1.9,0.7,25.06795204
256,8,150,1.9,1.05,26.46985809
257,8,150,1.9,1.4,21.43531816
258,8,150,2.1,0.7,23.84790793
259,8,150,2.1,1.05,25.75089201
260,8,150,2.1,1.4,29.20332858
261,8,150,2.3,0.7,30.2897043
262,8,150,2.3,1.05,27.00954622
263,8,150,2.3,1.4,26.35897031
264,8,150,2.5,0.7,33.28026619
265,8,150,2.5,1.05,27.0706717
266,8,150,2.5,1.4,22.86899577
267,8,175,1.6,0.7,14.02868913
268,8,175,1.6,1.05,20.02470101
269,8,175,1.6,1.4,18.21306351
270,8,175,1.8,0.7,17.80463232
271,8,175,1.8,1.05,22.26115859
272,8,175,1.8,1.4,17.92242904
273,8,175,2.0,0.7,20.52712839
274,8,175,2.0,1.05,26.43476973
275,8,175,2.0,1.4,30.62884765
276,8,175,2.2,0.7,23.87569613
277,8,175,2.2,1.05,27.13847058
278,8,175,2.2,1.4,21.95018747
279,8,175,2.4,0.7,24.93067951
280,8,175,2.4,1.05,26.48945395
281,8,175,2.4,1.4,19.63858649
282,8,200,1.5,0.7,18.25283987
283,8,200,1.5,1.05,13.14853798
284,8,200,1.5,1.4,16.80890649
285,8,200,1.7,0.7,21.76204542
286,8,200,1.7,1.05,19.95473314
287,8,200,1.7,1.4,28.41190008
288,8,200,1.9,0.7,23.99916942
289,8,200,1.9,1.05,22.51447703
290,8,200,1.9,1.4,22.81980479
291,8,200,2.1,0.7,26.42427769
292,8,200,2.1,1.05,23.00800265
293,8,200,2.1,1.4,20.86879417
294,8,200,2.3,0.7,29.49732455
295,8,200,2.3,1.05,23.05055265
296,8,200,2.3,1.4,19.78231941
297,8,200,2.5,0.7,31.08251055
298,8,200,2.5,1.05,21.36694488
299,8,200,2.5,1.4,2.45140065
300,10,0,1.5,0.7,2.37024162
301,10,0,1.5,1.05,2.465344685
302,10,0,1.5,1.4,1.902319725
303,10,0,1.7,0.7,15.43857988
304,10,0,1.7,1.05,5.526309155
305,10,0,1.7,1.4,1.8278817
306,10,0,1.9,0.7,20.12095256
307,10,0,1.9,1.05,1.909063605
308,10,0,1.9,1.4,1.835869325
309,10,0,2.1,0.7,10.91442134
310,10,0,2.1,1.05,1.472520425
311,10,0,2.1,1.4,1.497575625
312,10,0,2.3,0.7,37.2159395
313,10,0,2.3,1.05,1.447227795
314,10,0,2.3,1.4,1.27589006
315,10,0,2.5,0.7,1.8790985
316,10,0,2.5,1.05,1.43131911
317,10,0,2.5,1.4,1.320330185
318,10,25,1.6,0.7,3.697126945
319,10,25,1.6,1.05,6.04913388
320,10,25,1.6,1.4,4.04881531
321,10,25,1.8,0.7,6.947829155
322,10,25,1.8,1.05,7.81723548
323,10,25,1.8,1.4,8.20748261
324,10,25,2.0,0.7,11.28420063
325,10,25,2.0,1.05,13.41803126
326,10,25,2.0,1.4,1.814660625
327,10,25,2.2,0.7,28.61980338
328,10,25,2.2,1.05,16.47586264
329,10,25,2.2,1.4,1.701154805
330,10,25,2.4,0.7,40.1337563
331,10,25,2.4,1.05,39.37679974
332,10,25,2.4,1.4,1.47408317
333,10,50,1.5,0.7,1.260503925
334,10,50,1.5,1.05,2.05605895
335,10,50,1.5,1.4,1.974935335
336,10,50,1.7,0.7,2.454350585
337,10,50,1.7,1.05,3.56727412
338,10,50,1.7,1.4,2.616819025
339,10,50,1.9,0.7,4.691029555
340,10,50,1.9,1.05,4.199239655
341,10,50,1.9,1.4,6.88366734
342,10,50,2.1,0.7,18.14836186
343,10,50,2.1,1.05,6.48318302
344,10,50,2.1,1.4,1.938137185
345,10,50,2.3,0.7,21.43247518
346,10,50,2.3,1.05,28.25571177
347,10,50,2.3,1.4,1.68978614
348,10,50,2.5,0.7,35.44502725
349,10,50,2.5,1.05,1.77016859
350,10,50,2.5,1.4,1.362320765
351,10,75,1.6,0.7,4.15126126
352,10,75,1.6,1.05,3.87517276
353,10,75,1.6,1.4,14.52642432
354,10,75,1.8,0.7,14.98008309
355,10,75,1.8,1.05,14.8352227
356,10,75,1.8,1.4,16.80488933
357,10,75,2.0,0.7,21.10158681
358,10,75,2.0,1.05,21.2147152
359,10,75,2.0,1.4,23.21411872
360,10,75,2.2,0.7,22.43277946
361,10,75,2.2,1.05,29.38565798
362,10,75,2.2,1.4,30.7444312
363,10,75,2.4,0.7,26.05758587
364,10,75,2.4,1.05,36.75305072
365,10,75,2.4,1.4,2.00176375
366,10,100,1.5,0.7,17.06507599
367,10,100,1.5,1.05,18.94962245
368,10,100,1.5,1.4,2.53324977
369,10,100,1.7,0.7,17.69646839
370,10,100,1.7,1.05,21.07823388
371,10,100,1.7,1.4,17.29897621
372,10,100,1.9,0.7,21.8432857
373,10,100,1.9,1.05,26.46207417
374,10,100,1.9,1.4,22.38864355
375,10,100,2.1,0.7,29.71010653
376,10,100,2.1,1.05,36.53765208
377,10,100,2.1,1.4,26.70796294
378,10,100,2.3,0.7,29.27685436
379,10,100,2.3,1.05,31.96874948
380,10,100,2.3,1.4,35.05213832
381,10,100,2.5,0.7,30.76561245
382,10,100,2.5,1.05,25.82152161
383,10,100,2.5,1.4,1.886956525
384,10,125,1.6,0.7,11.89656028
385,10,125,1.6,1.05,14.16437352
386,10,125,1.6,1.4,12.73031194
387,10,125,1.8,0.7,18.74037221
388,10,125,1.8,1.05,20.30153969
389,10,125,1.8,1.4,17.24241632
390,10,125,2.0,0.7,27.547945
391,10,125,2.0,1.05,30.90801587
392,10,125,2.0,1.4,32.79220122
393,10,125,2.2,0.7,28.65176546
394,10,125,2.2,1.05,30.12516931
395,10,125,2.2,1.4,40.38833175
396,10,125,2.4,0.7,33.29229334
397,10,125,2.4,1.05,28.87825012
398,10,125,2.4,1.4,26.01214699
399,10,150,1.5,0.7,5.07192638
400,10,150,1.5,1.05,13.95909786
401,10,150,1.5,1.4,13.76132647
402,10,150,1.7,0.7,23.06744641
403,10,150,1.7,1.05,28.86552639
404,10,150,1.7,1.4,17.14295674
405,10,150,1.9,0.7,29.77538936
406,10,150,1.9,1.05,30.79088801
407,10,150,1.9,1.4,37.60315188
408,10,150,2.1,0.7,29.89276263
409,10,150,2.1,1.05,28.74855898
410,10,150,2.1,1.4,25.49029507
411,10,150,2.3,0.7,33.5952381
412,10,150,2.3,1.05,21.73779973
413,10,150,2.3,1.4,18.34570169
414,10,150,2.5,0.7,31.77714475
415,10,150,2.5,1.05,2.180528875
416,10,150,2.5,1.4,19.60171103
417,10,175,1.6,0.7,22.24623455
418,10,175,1.6,1.05,25.81931546
419,10,175,1.6,1.4,23.0666609
420,10,175,1.8,0.7,24.879369
421,10,175,1.8,1.05,28.75976827
422,10,175,1.8,1.4,39.76854173
423,10,175,2.0,0.7,24.75957759
424,10,175,2.0,1.05,23.18499775
425,10,175,2.0,1.4,20.94242387
426,10,175,2.2,0.7,26.75827735
427,10,175,2.2,1.05,21.54047674
428,10,175,2.2,1.4,14.86050651
429,10,175,2.4,0.7,28.79159634
430,10,175,2.4,1.05,16.63769652
431,10,175,2.4,1.4,1.94975736
432,10,200,1.5,0.7,26.57207203
433,10,200,1.5,1.05,30.13790411
434,10,200,1.5,1.4,32.46480467
435,10,200,1.7,0.7,25.74684893
436,10,200,1.7,1.05,23.47800227
437,10,200,1.7,1.4,48.06433862
438,10,200,1.9,0.7,26.99685194
439,10,200,1.9,1.05,21.68353378
440,10,200,1.9,1.4,20.33871995
441,10,200,2.1,0.7,30.02929235
442,10,200,2.1,1.05,20.59749653
443,10,200,2.1,1.4,17.54910594
444,10,200,2.3,0.7,33.18631766
445,10,200,2.3,1.05,19.73466771
446,10,200,2.3,1.4,1.543837075
447,10,200,2.5,0.7,32.53028312
448,10,200,2.5,1.05,14.83241934
449,10,200,2.5,1.4,2.119129425
450,12,0,1.5,0.7,2.710077215
451,12,0,1.5,1.05,3.382610125
452,12,0,1.5,1.4,1.879645105
453,12,0,1.7,0.7,4.848634005
454,12,0,1.7,1.05,2.042897735
455,12,0,1.7,1.4,1.614795695
456,12,0,1.9,0.7,5.787094095
457,12,0,1.9,1.05,1.45487696
458,12,0,1.9,1.4,1.37488409
459,12,0,2.1,0.7,2.53720665
460,12,0,2.1,1.05,1.54752002
461,12,0,2.1,1.4,1.268136685
462,12,0,2.3,0.7,1.596147205
463,12,0,2.3,1.05,1.311584905
464,12,0,2.3,1.4,1.538662875
465,12,0,2.5,0.7,1.600953855
466,12,0,2.5,1.05,1.140192515
467,12,0,2.5,1.4,1.094330115
468,12,25,1.6,0.7,3.283366465
469,12,25,1.6,1.05,3.947534815
470,12,25,1.6,1.4,4.05098771
471,12,25,1.8,0.7,21.23499458
472,12,25,1.8,1.05,6.942361015
473,12,25,1.8,1.4,1.79896845
474,12,25,2.0,0.7,29.74137126
475,12,25,2.0,1.05,19.94002746
476,12,25,2.0,1.4,1.476944155
477,12,25,2.2,0.7,46.13158384
478,12,25,2.2,1.05,1.484047405
479,12,25,2.2,1.4,1.277472645
480,12,25,2.4,0.7,50.29350783
481,12,25,2.4,1.05,1.366536405
482,12,25,2.4,1.4,1.221183055
483,12,50,1.5,0.7,3.0627593
484,12,50,1.5,1.05,2.44075017
485,12,50,1.5,1.4,3.972113785
486,12,50,1.7,0.7,3.64365483
487,12,50,1.7,1.05,13.44766539
488,12,50,1.7,1.4,4.728461135
489,12,50,1.9,0.7,20.98779674
490,12,50,1.9,1.05,22.76612895
491,12,50,1.9,1.4,6.8981237
492,12,50,2.1,0.7,30.82322728
493,12,50,2.1,1.05,27.90628977
494,12,50,2.1,1.4,1.4467511
495,12,50,2.3,0.7,33.47814198
496,12,50,2.3,1.05,2.69682508
497,12,50,2.3,1.4,1.35477584
498,12,50,2.5,0.7,35.85667806
499,12,50,2.5,1.05,1.36576364
500,12,50,2.5,1.4,1.24842055
501,12,75,1.6,0.7,16.22990609
502,12,75,1.6,1.05,17.18445948
503,12,75,1.6,1.4,12.94250759
504,12,75,1.8,0.7,18.88295428
505,12,75,1.8,1.05,22.02190688
506,12,75,1.8,1.4,16.51580642
507,12,75,2.0,0.7,21.58189617
508,12,75,2.0,1.05,32.22906249
509,12,75,2.0,1.4,2.467981245
510,12,75,2.2,0.7,35.79146501
511,12,75,2.2,1.05,40.86827958
512,12,75,2.2,1.4,1.49421229
513,12,75,2.4,0.7,43.14528141
514,12,75,2.4,1.05,46.92091161
515,12,75,2.4,1.4,1.48225321
516,12,100,1.5,0.7,14.69444426
517,12,100,1.5,1.05,11.49054846
518,12,100,1.5,1.4,10.61172675
519,12,100,1.7,0.7,18.05369099
520,12,100,1.7,1.05,19.5094086
521,12,100,1.7,1.4,16.65803788
522,12,100,1.9,0.7,30.06304252
523,12,100,1.9,1.05,32.71835599
524,12,100,1.9,1.4,20.96172303
525,12,100,2.1,0.7,40.47378346
526,12,100,2.1,1.05,42.67655245
527,12,100,2.1,1.4,2.02024529
528,12,100,2.3,0.7,40.29737022
529,12,100,2.3,1.05,34.28081129
530,12,100,2.3,1.4,2.70949508
531,12,100,2.5,0.7,40.6362777
532,12,100,2.5,1.05,1.86482408
533,12,100,2.5,1.4,1.36719433
534,12,125,1.6,0.7,15.60811198
535,12,125,1.6,1.05,20.18824631
536,12,125,1.6,1.4,16.34644991
537,12,125,1.8,0.7,31.44584563
538,12,125,1.8,1.05,32.27993772
539,12,125,1.8,1.4,28.35393028
540,12,125,2.0,0.7,32.82589566
541,12,125,2.0,1.05,36.33068406
542,12,125,2.0,1.4,41.07478159
543,12,125,2.2,0.7,34.05089677
544,12,125,2.2,1.05,25.4602824
545,12,125,2.2,1.4,1.754954565
546,12,125,2.4,0.7,35.46253183
547,12,125,2.4,1.05,24.91308985
548,12,125,2.4,1.4,1.78455199
549,12,150,1.5,0.7,20.09582272
550,12,150,1.5,1.05,24.73057766
551,12,150,1.5,1.4,21.53784942
552,12,150,1.7,0.7,29.63537291
553,12,150,1.7,1.05,35.66341558
554,12,150,1.7,1.4,34.86198284
555,12,150,1.9,0.7,30.62289498
556,12,150,1.9,1.05,29.48954875
557,12,150,1.9,1.4,49.25078791
558,12,150,2.1,0.7,30.30987612
559,12,150,2.1,1.05,22.4073812
560,12,150,2.1,1.4,1.83697897
561,12,150,2.3,0.7,32.24994845
562,12,150,2.3,1.05,1.85980549
563,12,150,2.3,1.4,2.899684285
564,12,150,2.5,0.7,32.54542221
565,12,150,2.5,1.05,1.556686305
566,12,150,2.5,1.4,1.67768615
567,12,175,1.6,0.7,29.88577368
568,12,175,1.6,1.05,34.00182953
569,12,175,1.6,1.4,43.47975901
570,12,175,1.8,0.7,28.4906872
571,12,175,1.8,1.05,23.88152443
572,12,175,1.8,1.4,17.40448202
573,12,175,2.0,0.7,29.69113837
574,12,175,2.0,1.05,20.3410298
575,12,175,2.0,1.4,1.767964575
576,12,175,2.2,0.7,32.58077756
577,12,175,2.2,1.05,1.811359785
578,12,175,2.2,1.4,1.856395865
579,12,175,2.4,0.7,34.33571139
580,12,175,2.4,1.05,2.732696605
581,12,175,2.4,1.4,1.257684545
582,12,200,1.5,0.7,41.03767786
583,12,200,1.5,1.05,36.26267399
584,12,200,1.5,1.4,41.56020183
585,12,200,1.7,0.7,29.52654878
586,12,200,1.7,1.05,22.87250266
587,12,200,1.7,1.4,22.98706561
588,12,200,1.9,0.7,29.24994097
589,12,200,1.9,1.05,15.20724601
590,12,200,1.9,1.4,1.7438969
591,12,200,2.1,0.7,32.12768047
592,12,200,2.1,1.05,1.857889805
593,12,200,2.1,1.4,1.8860728
594,12,200,2.3,0.7,41.87429944
595,12,200,2.3,1.05,1.331659865
596,12,200,2.3,1.4,1.578600555
597,12,200,2.5,0.7,2.029597225
598,12,200,2.5,1.05,1.240041765
599,12,200,2.5,1.4,1.05594173
600,6,0,1.5,0.7,1.276972545
601,6,0,1.5,1.05,1.40763682
602,6,0,1.5,1.4,1.22198518
603,6,0,1.7,0.7,2.57058053
604,6,0,1.7,1.05,2.907952235
605,6,0,1.7,1.4,2.61173793
606,6,0,1.9,0.7,3.623287735
607,6,0,1.9,1.05,4.861726245
608,6,0,1.9,1.4,4.685755775
609,6,0,2.1,0.7,17.24322518
610,6,0,2.1,1.05,9.14252845
611,6,0,2.1,1.4,7.22210682
612,6,0,2.3,0.7,21.77185393
613,6,0,2.3,1.05,23.58202299
614,6,0,2.3,1.4,1.90549201
615,6,0,2.5,0.7,24.97148829
616,6,0,2.5,1.05,30.27901031
617,6,0,2.5,1.4,1.921319615
618,6,25,1.6,0.7,1.45386602
619,6,25,1.6,1.05,1.67985751
620,6,25,1.6,1.4,2.359961675
621,6,25,1.8,0.7,2.30229922
622,6,25,1.8,1.05,3.318807365
623,6,25,1.8,1.4,2.73639597
624,6,25,2.0,0.7,4.76432071
625,6,25,2.0,1.05,4.69724476
626,6,25,2.0,1.4,5.22735781
627,6,25,2.2,0.7,7.4399274
628,6,25,2.2,1.05,11.05566429
629,6,25,2.2,1.4,8.14951516
630,6,25,2.4,0.7,14.67360446
631,6,25,2.4,1.05,14.64715217
632,6,25,2.4,1.4,24.38383386
633,6,50,1.5,0.7,0.581434425
634,6,50,1.5,1.05,0.780913535
635,6,50,1.5,1.4,0.724918585
636,6,50,1.7,0.7,1.019549845
637,6,50,1.7,1.05,1.279980775
638,6,50,1.7,1.4,0.890335145
639,6,50,1.9,0.7,2.180233015
640,6,50,1.9,1.05,2.433453355
641,6,50,1.9,1.4,1.64671733
642,6,50,2.1,0.7,4.20246107
643,6,50,2.1,1.05,4.046561015
644,6,50,2.1,1.4,4.59804905
645,6,50,2.3,0.7,4.73968986
646,6,50,2.3,1.05,4.08230125
647,6,50,2.3,1.4,17.49258419
648,6,50,2.5,0.7,8.01391438
649,6,50,2.5,1.05,22.65485255
650,6,50,2.5,1.4,10.29284302
651,6,75,1.6,0.7,0.316275755
652,6,75,1.6,1.05,1.00228558
653,6,75,1.6,1.4,1.259409195
654,6,75,1.8,0.7,0.85857833
655,6,75,1.8,1.05,0.368262385
656,6,75,1.8,1.4,2.12653032
657,6,75,2.0,0.7,1.450135035
658,6,75,2.0,1.05,1.93924519
659,6,75,2.0,1.4,2.47596343
660,6,75,2.2,0.7,2.43745487
661,6,75,2.2,1.05,3.764273615
662,6,75,2.2,1.4,17.23894601
663,6,75,2.4,0.7,2.74980348
664,6,75,2.4,1.05,6.161012775
665,6,75,2.4,1.4,16.50240024
666,6,100,1.5,0.7,1.043984375
667,6,100,1.5,1.05,0.929859555
668,6,100,1.5,1.4,1.667230665
669,6,100,1.7,0.7,1.86839673
670,6,100,1.7,1.05,1.58847147
671,6,100,1.7,1.4,2.522915755
672,6,100,1.9,0.7,1.657600975
673,6,100,1.9,1.05,2.571962555
674,6,100,1.9,1.4,13.56843395
675,6,100,2.1,0.7,1.67980929
676,6,100,2.1,1.05,13.92808819
677,6,100,2.1,1.4,15.59499058
678,6,100,2.3,0.7,16.99064027
679,6,100,2.3,1.05,16.70905174
680,6,100,2.3,1.4,14.64180982
681,6,100,2.5,0.7,20.82913473
682,6,100,2.5,1.05,19.53450837
683,6,100,2.5,1.4,21.9617933
684,6,125,1.6,0.7,1.58774253
685,6,125,1.6,1.05,1.96536155
686,6,125,1.6,1.4,1.07172349
687,6,125,1.8,0.7,13.29645001
688,6,125,1.8,1.05,14.75259793
689,6,125,1.8,1.4,2.021798275
690,6,125,2.0,0.7,1.64178562
691,6,125,2.0,1.05,17.50446985
692,6,125,2.0,1.4,15.76786807
693,6,125,2.2,0.7,20.49097717
694,6,125,2.2,1.05,18.51707968
695,6,125,2.2,1.4,24.61952226
696,6,125,2.4,0.7,22.96424488
697,6,125,2.4,1.05,18.76875767
698,6,125,2.4,1.4,21.97821605
699,6,150,1.5,0.7,0.735884685
700,6,150,1.5,1.05,0.937172305
701,6,150,1.5,1.4,17.35790708
702,6,150,1.7,0.7,1.01669435
703,6,150,1.7,1.05,14.79832094
704,6,150,1.7,1.4,19.47943298
705,6,150,1.9,0.7,0.537630855
706,6,150,1.9,1.05,16.20815219
707,6,150,1.9,1.4,17.5141618
708,6,150,2.1,0.7,14.95439099
709,6,150,2.1,1.05,17.20666344
710,6,150,2.1,1.4,14.66813147
711,6,150,2.3,0.7,14.02922575
712,6,150,2.3,1.05,18.46880396
713,6,150,2.3,1.4,14.86324414
714,6,150,2.5,0.7,20.19911768
715,6,150,2.5,1.05,18.11758006
716,6,150,2.5,1.4,17.82099566
717,6,175,1.6,0.7,14.39788533
718,6,175,1.6,1.05,23.82705059
719,6,175,1.6,1.4,4.48566731
720,6,175,1.8,0.7,16.17696459
721,6,175,1.8,1.05,17.10172416
722,6,175,1.8,1.4,22.86955112
723,6,175,2.0,0.7,17.10096512
724,6,175,2.0,1.05,17.30324628
725,6,175,2.0,1.4,16.31177215
726,6,175,2.2,0.7,19.72507122
727,6,175,2.2,1.05,19.31625969
728,6,175,2.2,1.4,12.40292786
729,6,175,2.4,0.7,20.67206613
730,6,175,2.4,1.05,18.6453617
731,6,175,2.4,1.4,14.50308112
732,6,200,1.5,0.7,13.58270496
733,6,200,1.5,1.05,16.66536236
734,6,200,1.5,1.4,17.34488347
735,6,200,1.7,0.7,16.03773862
736,6,200,1.7,1.05,21.38700344
737,6,200,1.7,1.4,8.339999845
738,6,200,1.9,0.7,17.48027602
739,6,200,1.9,1.05,19.64039634
740,6,200,1.9,1.4,24.93052827
741,6,200,2.1,0.7,20.23693665
742,6,200,2.1,1.05,19.22200277
743,6,200,2.1,1.4,26.0766163
744,6,200,2.3,0.7,20.90731185
745,6,200,2.3,1.05,20.57744419
746,6,200,2.3,1.4,18.54291755
747,6,200,2.5,0.7,25.09903317
748,6,200,2.5,1.05,23.11410977
749,6,200,2.5,1.4,22.99321612
750,8,0,1.5,0.7,1.9446332
751,8,0,1.5,1.05,1.96282795
752,8,0,1.5,1.4,2.143893625
753,8,0,1.7,0.7,3.472810065
754,8,0,1.7,1.05,3.065404435
755,8,0,1.7,1.4,3.79572566
756,8,0,1.9,0.7,13.95284194
757,8,0,1.9,1.05,8.580193305
758,8,0,1.9,1.4,8.15384786
759,8,0,2.1,0.7,19.00737704
760,8,0,2.1,1.05,20.68608874
761,8,0,2.1,1.4,1.62434588
762,8,0,2.3,0.7,21.89507745
763,8,0,2.3,1.05,1.757085215
764,8,0,2.3,1.4,1.424017165
765,8,0,2.5,0.7,24.46751917
766,8,0,2.5,1.05,1.540877455
767,8,0,2.5,1.4,1.341181375
768,8,25,1.6,0.7,5.38905503
769,8,25,1.6,1.05,5.90264023
770,8,25,1.6,1.4,6.89180886
771,8,25,1.8,0.7,7.618696405
772,8,25,1.8,1.05,9.41505298
773,8,25,1.8,1.4,11.90886521
774,8,25,2.0,0.7,11.78357118
775,8,25,2.0,1.05,15.01512353
776,8,25,2.0,1.4,14.75295729
777,8,25,2.2,0.7,17.04183149
778,8,25,2.2,1.05,28.66445513
779,8,25,2.2,1.4,33.7412304
780,8,25,2.4,0.7,21.58190069
781,8,25,2.4,1.05,36.84660789
782,8,25,2.4,1.4,1.95455938
783,8,50,1.5,0.7,0.92954519
784,8,50,1.5,1.05,0.89535553
785,8,50,1.5,1.4,1.045444615
786,8,50,1.7,0.7,1.215050635
787,8,50,1.7,1.05,2.046947545
788,8,50,1.7,1.4,2.29423402
789,8,50,1.9,0.7,2.313059155
790,8,50,1.9,1.05,3.07566036
791,8,50,1.9,1.4,2.679152695
792,8,50,2.1,0.7,4.166636315
793,8,50,2.1,1.05,6.51946287
794,8,50,2.1,1.4,4.755243245
795,8,50,2.3,0.7,6.201702715
796,8,50,2.3,1.05,6.793946615
797,8,50,2.3,1.4,9.51737332
798,8,50,2.5,0.7,10.71189652
799,8,50,2.5,1.05,23.17921309
800,8,50,2.5,1.4,1.798908325
801,8,75,1.6,0.7,2.23340016
802,8,75,1.6,1.05,2.47774116
803,8,75,1.6,1.4,2.787914895
804,8,75,1.8,0.7,2.421117005
805,8,75,1.8,1.05,3.688520175
806,8,75,1.8,1.4,4.7896747
807,8,75,2.0,0.7,6.35860395
808,8,75,2.0,1.05,12.73013662
809,8,75,2.0,1.4,21.27402599
810,8,75,2.2,0.7,22.07383703
811,8,75,2.2,1.05,21.3394019
812,8,75,2.2,1.4,27.6013942
813,8,75,2.4,0.7,25.10776541
814,8,75,2.4,1.05,25.70566987
815,8,75,2.4,1.4,31.37445519
816,8,100,1.5,0.7,1.019029305
817,8,100,1.5,1.05,1.58020915
818,8,100,1.5,1.4,14.01092007
819,8,100,1.7,0.7,1.51086271
820,8,100,1.7,1.05,15.57963557
821,8,100,1.7,1.4,4.074202785
822,8,100,1.9,0.7,17.47108114
823,8,100,1.9,1.05,21.43939518
824,8,100,1.9,1.4,13.46396952
825,8,100,2.1,0.7,22.6591346
826,8,100,2.1,1.05,25.09494934
827,8,100,2.1,1.4,23.42045223
828,8,100,2.3,0.7,22.02141722
829,8,100,2.3,1.05,33.8393769
830,8,100,2.3,1.4,27.58580287
831,8,100,2.5,0.7,28.09455674
832,8,100,2.5,1.05,25.92875706
833,8,100,2.5,1.4,38.61747719
834,8,125,1.6,0.7,1.608277095
835,8,125,1.6,1.05,1.88662548
836,8,125,1.6,1.4,1.96556581
837,8,125,1.8,0.7,18.90941071
838,8,125,1.8,1.05,18.66237893
839,8,125,1.8,1.4,16.2365994
840,8,125,2.0,0.7,19.83811912
841,8,125,2.0,1.05,19.35939402
842,8,125,2.0,1.4,16.98806743
843,8,125,2.2,0.7,23.72583282
844,8,125,2.2,1.05,23.69980874
845,8,125,2.2,1.4,20.10351489
846,8,125,2.4,0.7,27.62149392
847,8,125,2.4,1.05,23.11138859
848,8,125,2.4,1.4,22.00852282
849,8,150,1.5,0.7,14.14813405
850,8,150,1.5,1.05,15.97590274
851,8,150,1.5,1.4,14.02973265
852,8,150,1.7,0.7,17.66117801
853,8,150,1.7,1.05,17.9145985
854,8,150,1.7,1.4,24.64793279
855,8,150,1.9,0.7,21.19465207
856,8,150,1.9,1.05,25.43435805
857,8,150,1.9,1.4,22.91095971
858,8,150,2.1,0.7,24.56941835
859,8,150,2.1,1.05,29.67098499
860,8,150,2.1,1.4,31.45434378
861,8,150,2.3,0.7,29.14769093
862,8,150,2.3,1.05,24.9799802
863,8,150,2.3,1.4,22.79001114
864,8,150,2.5,0.7,30.2694805
865,8,150,2.5,1.05,26.02590333
866,8,150,2.5,1.4,22.09771915
867,8,175,1.6,0.7,14.86447757
868,8,175,1.6,1.05,15.34889878
869,8,175,1.6,1.4,17.15394636
870,8,175,1.8,0.7,19.22644436
871,8,175,1.8,1.05,22.3220811
872,8,175,1.8,1.4,21.84879449
873,8,175,2.0,0.7,20.54196691
874,8,175,2.0,1.05,26.72247017
875,8,175,2.0,1.4,23.21122474
876,8,175,2.2,0.7,23.2372288
877,8,175,2.2,1.05,26.01821757
878,8,175,2.2,1.4,19.7140267
879,8,175,2.4,0.7,25.64329154
880,8,175,2.4,1.05,26.50821912
881,8,175,2.4,1.4,19.13097189
882,8,200,1.5,0.7,19.46653587
883,8,200,1.5,1.05,17.70714249
884,8,200,1.5,1.4,20.48806195
885,8,200,1.7,0.7,22.59783182
886,8,200,1.7,1.05,17.83604297
887,8,200,1.7,1.4,26.83157947
888,8,200,1.9,0.7,21.81119228
889,8,200,1.9,1.05,22.75433722
890,8,200,1.9,1.4,37.84739581
891,8,200,2.1,0.7,24.42026279
892,8,200,2.1,1.05,22.7586222
893,8,200,2.1,1.4,20.4701461
894,8,200,2.3,0.7,28.6733806
895,8,200,2.3,1.05,21.90408288
896,8,200,2.3,1.4,19.88240753
897,8,200,2.5,0.7,30.67888973
898,8,200,2.5,1.05,20.91814908
899,8,200,2.5,1.4,18.91718213
900,10,0,1.5,0.7,2.68874185
901,10,0,1.5,1.05,3.23580922
902,10,0,1.5,1.4,2.32434983
903,10,0,1.7,0.7,5.065268035
904,10,0,1.7,1.05,2.000912255
905,10,0,1.7,1.4,2.13757049
906,10,0,1.9,0.7,18.42932606
907,10,0,1.9,1.05,1.76896569
908,10,0,1.9,1.4,2.00238821
909,10,0,2.1,0.7,25.38932774
910,10,0,2.1,1.05,2.0328948
911,10,0,2.1,1.4,1.49585066
912,10,0,2.3,0.7,2.030986995
913,10,0,2.3,1.05,1.57286967
914,10,0,2.3,1.4,1.239645215
915,10,0,2.5,0.7,32.49767929
916,10,0,2.5,1.05,1.264971665
917,10,0,2.5,1.4,1.258602205
918,10,25,1.6,0.7,3.56665632
919,10,25,1.6,1.05,4.98293583
920,10,25,1.6,1.4,5.78953103
921,10,25,1.8,0.7,7.640590115
922,10,25,1.8,1.05,8.75533431
923,10,25,1.8,1.4,7.42388148
924,10,25,2.0,0.7,9.690962805
925,10,25,2.0,1.05,15.07411102
926,10,25,2.0,1.4,14.00846764
927,10,25,2.2,0.7,26.9895793
928,10,25,2.2,1.05,29.47288901
929,10,25,2.2,1.4,27.82813159
930,10,25,2.4,0.7,40.29677286
931,10,25,2.4,1.05,36.86394767
932,10,25,2.4,1.4,1.48491208
933,10,50,1.5,0.7,1.666033325
934,10,50,1.5,1.05,1.660144715
935,10,50,1.5,1.4,1.77223072
936,10,50,1.7,0.7,2.326829455
937,10,50,1.7,1.05,2.93331449
938,10,50,1.7,1.4,2.91813294
939,10,50,1.9,0.7,4.012846955
940,10,50,1.9,1.05,6.327796025
941,10,50,1.9,1.4,4.465437585
942,10,50,2.1,0.7,7.8446652
943,10,50,2.1,1.05,18.12854522
944,10,50,2.1,1.4,9.52971548
945,10,50,2.3,0.7,25.46623344
946,10,50,2.3,1.05,21.92936174
947,10,50,2.3,1.4,1.722331425
948,10,50,2.5,0.7,29.85900814
949,10,50,2.5,1.05,1.90834218
950,10,50,2.5,1.4,1.37573093
951,10,75,1.6,0.7,2.801982435
952,10,75,1.6,1.05,3.65339209
953,10,75,1.6,1.4,4.31146103
954,10,75,1.8,0.7,14.47847228
955,10,75,1.8,1.05,13.93280176
956,10,75,1.8,1.4,17.12357983
957,10,75,2.0,0.7,19.8059104
958,10,75,2.0,1.05,20.7149298
959,10,75,2.0,1.4,22.5752033
960,10,75,2.2,0.7,19.28107221
961,10,75,2.2,1.05,28.25179018
962,10,75,2.2,1.4,29.73223526
963,10,75,2.4,0.7,25.08406986
964,10,75,2.4,1.05,35.97420333
965,10,75,2.4,1.4,30.4392378
966,10,100,1.5,0.7,2.171097245
967,10,100,1.5,1.05,2.7742289
968,10,100,1.5,1.4,15.19785445
969,10,100,1.7,0.7,16.76034382
970,10,100,1.7,1.05,20.03022914
971,10,100,1.7,1.4,15.07295208
972,10,100,1.9,0.7,21.81975966
973,10,100,1.9,1.05,20.94379548
974,10,100,1.9,1.4,23.9046485
975,10,100,2.1,0.7,30.52418574
976,10,100,2.1,1.05,33.63718715
977,10,100,2.1,1.4,24.92273536
978,10,100,2.3,0.7,33.96098349
979,10,100,2.3,1.05,27.17386938
980,10,100,2.3,1.4,2.3203321
981,10,100,2.5,0.7,29.37255341
982,10,100,2.5,1.05,29.32923957
983,10,100,2.5,1.4,1.91606742
984,10,125,1.6,0.7,11.40262133
985,10,125,1.6,1.05,13.71296025
986,10,125,1.6,1.4,12.35039804
987,10,125,1.8,0.7,18.51946331
988,10,125,1.8,1.05,18.00891086
989,10,125,1.8,1.4,15.23491936
990,10,125,2.0,0.7,28.77338471
991,10,125,2.0,1.05,27.54808572
992,10,125,2.0,1.4,30.95862624
993,10,125,2.2,0.7,31.19857197
994,10,125,2.2,1.05,29.24878965
995,10,125,2.2,1.4,39.43245728
996,10,125,2.4,0.7,32.36148769
997,10,125,2.4,1.05,28.29307961
998,10,125,2.4,1.4,25.60873108
999,10,150,1.5,0.7,14.93511849
1000,10,150,1.5,1.05,12.49228115
1001,10,150,1.5,1.4,8.683937425
1002,10,150,1.7,0.7,19.55310702
1003,10,150,1.7,1.05,13.64818818
1004,10,150,1.7,1.4,13.60503087
1005,10,150,1.9,0.7,26.96239796
1006,10,150,1.9,1.05,30.80929899
1007,10,150,1.9,1.4,36.36662791
1008,10,150,2.1,0.7,26.78225577
1009,10,150,2.1,1.05,28.73448449
1010,10,150,2.1,1.4,22.4649818
1011,10,150,2.3,0.7,31.86511689
1012,10,150,2.3,1.05,28.47801169
1013,10,150,2.3,1.4,19.52456477
1014,10,150,2.5,0.7,29.73290818
1015,10,150,2.5,1.05,20.76501874
1016,10,150,2.5,1.4,17.71773594
1017,10,175,1.6,0.7,19.03429115
1018,10,175,1.6,1.05,18.94115364
1019,10,175,1.6,1.4,22.66918814
1020,10,175,1.8,0.7,24.55388137
1021,10,175,1.8,1.05,27.76586321
1022,10,175,1.8,1.4,24.01394741
1023,10,175,2.0,0.7,24.69360456
1024,10,175,2.0,1.05,25.18533206
1025,10,175,2.0,1.4,21.50663856
1026,10,175,2.2,0.7,26.37707803
1027,10,175,2.2,1.05,20.34512214
1028,10,175,2.2,1.4,17.46738938
1029,10,175,2.4,0.7,28.4968647
1030,10,175,2.4,1.05,23.20004315
1031,10,175,2.4,1.4,1.8880219
1032,10,200,1.5,0.7,25.09012174
1033,10,200,1.5,1.05,30.34804809
1034,10,200,1.5,1.4,29.60248144
1035,10,200,1.7,0.7,24.87442237
1036,10,200,1.7,1.05,24.17798621
1037,10,200,1.7,1.4,47.68481323
1038,10,200,1.9,0.7,26.53648934
1039,10,200,1.9,1.05,20.68534785
1040,10,200,1.9,1.4,20.81778208
1041,10,200,2.1,0.7,28.88119233
1042,10,200,2.1,1.05,19.93064439
1043,10,200,2.1,1.4,15.51392334
1044,10,200,2.3,0.7,31.56649514
1045,10,200,2.3,1.05,18.30526454
1046,10,200,2.3,1.4,11.63060955
1047,10,200,2.5,0.7,34.57712647
1048,10,200,2.5,1.05,23.0289247
1049,10,200,2.5,1.4,1.861004645
1050,12,0,1.5,0.7,2.217989635
1051,12,0,1.5,1.05,2.57400154
1052,12,0,1.5,1.4,2.22740741
1053,12,0,1.7,0.7,2.798259365
1054,12,0,1.7,1.05,1.95356353
1055,12,0,1.7,1.4,1.71814353
1056,12,0,1.9,0.7,6.996048425
1057,12,0,1.9,1.05,1.638178305
1058,12,0,1.9,1.4,1.502285125
1059,12,0,2.1,0.7,8.205917015
1060,12,0,2.1,1.05,1.403615165
1061,12,0,2.1,1.4,1.28903732
1062,12,0,2.3,0.7,1.80559346
1063,12,0,2.3,1.05,1.353783275
1064,12,0,2.3,1.4,1.158633795
1065,12,0,2.5,0.7,1.51381865
1066,12,0,2.5,1.05,1.28789654
1067,12,0,2.5,1.4,1.18235387
1068,12,25,1.6,0.7,2.81568514
1069,12,25,1.6,1.05,2.39229897
1070,12,25,1.6,1.4,2.66575283
1071,12,25,1.8,0.7,10.96776871
1072,12,25,1.8,1.05,4.806190225
1073,12,25,1.8,1.4,3.765164815
1074,12,25,2.0,0.7,8.574036075
1075,12,25,2.0,1.05,9.426500365
1076,12,25,2.0,1.4,1.81290671
1077,12,25,2.2,0.7,33.4553499
1078,12,25,2.2,1.05,1.462283295
1079,12,25,2.2,1.4,1.90966783
1080,12,25,2.4,0.7,32.15487672
1081,12,25,2.4,1.05,1.6005787
1082,12,25,2.4,1.4,1.22288414
1083,12,50,1.5,0.7,3.05250575
1084,12,50,1.5,1.05,1.391692875
1085,12,50,1.5,1.4,1.58716356
1086,12,50,1.7,0.7,3.26030678
1087,12,50,1.7,1.05,6.01849178
1088,12,50,1.7,1.4,3.17396336
1089,12,50,1.9,0.7,5.90276535
1090,12,50,1.9,1.05,5.72380911
1091,12,50,1.9,1.4,15.62069471
1092,12,50,2.1,0.7,9.29026404
1093,12,50,2.1,1.05,10.60761289
1094,12,50,2.1,1.4,22.63830231
1095,12,50,2.3,0.7,17.4591797
1096,12,50,2.3,1.05,18.90567656
1097,12,50,2.3,1.4,1.74107211
1098,12,50,2.5,0.7,33.0137716
1099,12,50,2.5,1.05,2.0703271
1100,12,50,2.5,1.4,1.302218465
1101,12,75,1.6,0.7,2.43280957
1102,12,75,1.6,1.05,15.31898925
1103,12,75,1.6,1.4,2.38991713
1104,12,75,1.8,0.7,16.34781985
1105,12,75,1.8,1.05,5.086568105
1106,12,75,1.8,1.4,17.76506143
1107,12,75,2.0,0.7,17.19897909
1108,12,75,2.0,1.05,32.17184556
1109,12,75,2.0,1.4,17.65870961
1110,12,75,2.2,0.7,19.73401949
1111,12,75,2.2,1.05,27.71886967
1112,12,75,2.2,1.4,2.75804036
1113,12,75,2.4,0.7,45.48213759
1114,12,75,2.4,1.05,40.6079649
1115,12,75,2.4,1.4,1.60176982
1116,12,100,1.5,0.7,8.892414655
1117,12,100,1.5,1.05,8.88408156
1118,12,100,1.5,1.4,9.853825685
1119,12,100,1.7,0.7,11.29506672
1120,12,100,1.7,1.05,13.35318585
1121,12,100,1.7,1.4,12.72629473
1122,12,100,1.9,0.7,18.6692565
1123,12,100,1.9,1.05,20.39089823
1124,12,100,1.9,1.4,21.70844968
1125,12,100,2.1,0.7,26.18295304
1126,12,100,2.1,1.05,29.36967361
1127,12,100,2.1,1.4,39.31829259
1128,12,100,2.3,0.7,34.90977982
1129,12,100,2.3,1.05,40.4790107
1130,12,100,2.3,1.4,1.843159445
1131,12,100,2.5,0.7,37.66667776
1132,12,100,2.5,1.05,37.06981261
1133,12,100,2.5,1.4,1.70377423
1134,12,125,1.6,0.7,13.71977862
1135,12,125,1.6,1.05,14.92099437
1136,12,125,1.6,1.4,12.07112258
1137,12,125,1.8,0.7,29.34213915
1138,12,125,1.8,1.05,22.95483198
1139,12,125,1.8,1.4,21.35987436
1140,12,125,2.0,0.7,33.82786567
1141,12,125,2.0,1.05,37.20733246
1142,12,125,2.0,1.4,38.36510421
1143,12,125,2.2,0.7,32.78833207
1144,12,125,2.2,1.05,33.16625308
1145,12,125,2.2,1.4,23.75170673
1146,12,125,2.4,0.7,35.76095873
1147,12,125,2.4,1.05,24.95509839
1148,12,125,2.4,1.4,2.37460567
1149,12,150,1.5,0.7,20.43303825
1150,12,150,1.5,1.05,18.19801116
1151,12,150,1.5,1.4,16.36990424
1152,12,150,1.7,0.7,27.56463097
1153,12,150,1.7,1.05,28.86626493
1154,12,150,1.7,1.4,21.9534511
1155,12,150,1.9,0.7,27.43718607
1156,12,150,1.9,1.05,43.81693055
1157,12,150,1.9,1.4,41.89631514
1158,12,150,2.1,0.7,30.01685387
1159,12,150,2.1,1.05,26.98313765
1160,12,150,2.1,1.4,15.82714667
1161,12,150,2.3,0.7,30.81267184
1162,12,150,2.3,1.05,20.01687814
1163,12,150,2.3,1.4,2.280350995
1164,12,150,2.5,0.7,33.55520108
1165,12,150,2.5,1.05,15.7435385
1166,12,150,2.5,1.4,1.573343915
1167,12,175,1.6,0.7,24.70855653
1168,12,175,1.6,1.05,28.30756993
1169,12,175,1.6,1.4,38.70371517
1170,12,175,1.8,0.7,30.44194607
1171,12,175,1.8,1.05,46.28138168
1172,12,175,1.8,1.4,46.04167205
1173,12,175,2.0,0.7,30.24429189
1174,12,175,2.0,1.05,20.9950382
1175,12,175,2.0,1.4,14.31680707
1176,12,175,2.2,0.7,31.34408471
1177,12,175,2.2,1.05,17.33874133
1178,12,175,2.2,1.4,1.629345795
1179,12,175,2.4,0.7,36.03900898
1180,12,175,2.4,1.05,10.59665846
1181,12,175,2.4,1.4,2.74636211
1182,12,200,1.5,0.7,32.69642057
1183,12,200,1.5,1.05,32.67447181
1184,12,200,1.5,1.4,39.71127057
1185,12,200,1.7,0.7,30.81942151
1186,12,200,1.7,1.05,20.98843555
1187,12,200,1.7,1.4,51.54260273
1188,12,200,1.9,0.7,29.9102573
1189,12,200,1.9,1.05,17.01436909
1190,12,200,1.9,1.4,8.28854607
1191,12,200,2.1,0.7,33.25790557
1192,12,200,2.1,1.05,11.36837164
1193,12,200,2.1,1.4,1.570382565
1194,12,200,2.3,0.7,34.8912318
1195,12,200,2.3,1.05,11.63569601
1196,12,200,2.3,1.4,1.216757475
1197,12,200,2.5,0.7,36.73641685
1198,12,200,2.5,1.05,1.52683429
1199,12,200,2.5,1.4,1.887555225
1200,6,0,1.5,0.7,0.984718805
1201,6,0,1.5,1.05,1.204278305
1202,6,0,1.5,1.4,1.66416987
1203,6,0,1.7,0.7,3.09425671
1204,6,0,1.7,1.05,2.933434265
1205,6,0,1.7,1.4,2.328659075
1206,6,0,1.9,0.7,3.576849065
1207,6,0,1.9,1.05,2.966058095
1208,6,0,1.9,1.4,6.652394795
1209,6,0,2.1,0.7,17.42102897
1210,6,0,2.1,1.05,6.771103375
1211,6,0,2.1,1.4,7.735849185
1212,6,0,2.3,0.7,5.017847775
1213,6,0,2.3,1.05,32.23955734
1214,6,0,2.3,1.4,2.02903116
1215,6,0,2.5,0.7,30.26843881
1216,6,0,2.5,1.05,11.31234055
1217,6,0,2.5,1.4,36.25217858
1218,6,25,1.6,0.7,2.09663152
1219,6,25,1.6,1.05,1.83385039
1220,6,25,1.6,1.4,1.696675845
1221,6,25,1.8,0.7,1.504651125
1222,6,25,1.8,1.05,4.24364418
1223,6,25,1.8,1.4,2.45040998
1224,6,25,2.0,0.7,3.88626849
1225,6,25,2.0,1.05,2.940354025
1226,6,25,2.0,1.4,6.44899864
1227,6,25,2.2,0.7,12.36841071
1228,6,25,2.2,1.05,7.9235667
1229,6,25,2.2,1.4,4.150184395
1230,6,25,2.4,0.7,18.73687729
1231,6,25,2.4,1.05,11.42302692
1232,6,25,2.4,1.4,2.25998876
1233,6,50,1.5,0.7,0.503617945
1234,6,50,1.5,1.05,0.77442139
1235,6,50,1.5,1.4,0.615132955
1236,6,50,1.7,0.7,0.857033345
1237,6,50,1.7,1.05,1.78397391
1238,6,50,1.7,1.4,1.47492584
1239,6,50,1.9,0.7,1.31915937
1240,6,50,1.9,1.05,1.898873585
1241,6,50,1.9,1.4,2.720035715
1242,6,50,2.1,0.7,3.17734853
1243,6,50,2.1,1.05,2.592669905
1244,6,50,2.1,1.4,3.74722125
1245,6,50,2.3,0.7,6.059289655
1246,6,50,2.3,1.05,8.212267235
1247,6,50,2.3,1.4,5.749600085
1248,6,50,2.5,0.7,6.19458219
1249,6,50,2.5,1.05,24.14959018
1250,6,50,2.5,1.4,21.12649344
1251,6,75,1.6,0.7,0.421248255
1252,6,75,1.6,1.05,0.74635778
1253,6,75,1.6,1.4,1.690187665
1254,6,75,1.8,0.7,0.874340925
1255,6,75,1.8,1.05,0.737498875
1256,6,75,1.8,1.4,0.764132035
1257,6,75,2.0,0.7,1.16090386
1258,6,75,2.0,1.05,2.33812806
1259,6,75,2.0,1.4,4.505327385
1260,6,75,2.2,0.7,3.738256045
1261,6,75,2.2,1.05,4.35728777
1262,6,75,2.2,1.4,11.99178691
1263,6,75,2.4,0.7,3.55753965
1264,6,75,2.4,1.05,19.44473814
1265,6,75,2.4,1.4,18.85629444
1266,6,100,1.5,0.7,1.297602915
1267,6,100,1.5,1.05,1.766962485
1268,6,100,1.5,1.4,1.55379982
1269,6,100,1.7,0.7,2.458336485
1270,6,100,1.7,1.05,2.608886545
1271,6,100,1.7,1.4,9.27425569
1272,6,100,1.9,0.7,1.230991015
1273,6,100,1.9,1.05,12.41231281
1274,6,100,1.9,1.4,13.77882286
1275,6,100,2.1,0.7,13.02767408
1276,6,100,2.1,1.05,14.89652844
1277,6,100,2.1,1.4,17.55796323
1278,6,100,2.3,0.7,17.90994853
1279,6,100,2.3,1.05,14.43700693
1280,6,100,2.3,1.4,16.11451264
1281,6,100,2.5,0.7,22.08445189
1282,6,100,2.5,1.05,20.04377174
1283,6,100,2.5,1.4,19.59464177
1284,6,125,1.6,0.7,1.085871695
1285,6,125,1.6,1.05,13.05591221
1286,6,125,1.6,1.4,13.9894676
1287,6,125,1.8,0.7,0.71230218
1288,6,125,1.8,1.05,13.82702867
1289,6,125,1.8,1.4,13.68365648
1290,6,125,2.0,0.7,1.39624755
1291,6,125,2.0,1.05,18.96923443
1292,6,125,2.0,1.4,16.97832826
1293,6,125,2.2,0.7,20.71585045
1294,6,125,2.2,1.05,18.72782356
1295,6,125,2.2,1.4,19.21279802
1296,6,125,2.4,0.7,21.46815411
1297,6,125,2.4,1.05,17.71837793
1298,6,125,2.4,1.4,20.38441493
1299,6,150,1.5,0.7,0.720294875
1300,6,150,1.5,1.05,0.91101892
1301,6,150,1.5,1.4,18.74742944
1302,6,150,1.7,0.7,0.88429715
1303,6,150,1.7,1.05,15.54963513
1304,6,150,1.7,1.4,19.01081895
1305,6,150,1.9,0.7,0.862449755
1306,6,150,1.9,1.05,15.59957872
1307,6,150,1.9,1.4,16.0481957
1308,6,150,2.1,0.7,14.10560919
1309,6,150,2.1,1.05,16.99550773
1310,6,150,2.1,1.4,16.09093879
1311,6,150,2.3,0.7,17.37752817
1312,6,150,2.3,1.05,17.35029167
1313,6,150,2.3,1.4,15.50390773
1314,6,150,2.5,0.7,17.94230795
1315,6,150,2.5,1.05,20.4220484
1316,6,150,2.5,1.4,16.39896448
1317,6,175,1.6,0.7,15.46033752
1318,6,175,1.6,1.05,19.34627319
1319,6,175,1.6,1.4,18.26674629
1320,6,175,1.8,0.7,15.6975907
1321,6,175,1.8,1.05,17.38876143
1322,6,175,1.8,1.4,28.19387442
1323,6,175,2.0,0.7,18.57465277
1324,6,175,2.0,1.05,17.13837747
1325,6,175,2.0,1.4,20.57800408
1326,6,175,2.2,0.7,19.21437316
1327,6,175,2.2,1.05,17.07134424
1328,6,175,2.2,1.4,16.37818041
1329,6,175,2.4,0.7,22.75940737
1330,6,175,2.4,1.05,17.88724908
1331,6,175,2.4,1.4,18.2698049
1332,6,200,1.5,0.7,15.7409393
1333,6,200,1.5,1.05,15.63951464
1334,6,200,1.5,1.4,20.37627403
1335,6,200,1.7,0.7,16.27981063
1336,6,200,1.7,1.05,26.36648259
1337,6,200,1.7,1.4,22.27744967
1338,6,200,1.9,0.7,13.79168408
1339,6,200,1.9,1.05,19.49920548
1340,6,200,1.9,1.4,22.75615377
1341,6,200,2.1,0.7,20.23517058
1342,6,200,2.1,1.05,20.51055968
1343,6,200,2.1,1.4,7.20144772
1344,6,200,2.3,0.7,23.40856053
1345,6,200,2.3,1.05,21.32481878
1346,6,200,2.3,1.4,24.85532039
1347,6,200,2.5,0.7,25.13038982
1348,6,200,2.5,1.05,22.80520974
1349,6,200,2.5,1.4,18.87405486
1350,8,0,1.5,0.7,1.79906466
1351,8,0,1.5,1.05,1.584290705
1352,8,0,1.5,1.4,1.660902335
1353,8,0,1.7,0.7,3.66459729
1354,8,0,1.7,1.05,2.09191768
1355,8,0,1.7,1.4,4.383226565
1356,8,0,1.9,0.7,5.202961875
1357,8,0,1.9,1.05,7.4669773
1358,8,0,1.9,1.4,4.02889168
1359,8,0,2.1,0.7,20.42346871
1360,8,0,2.1,1.05,19.61008402
1361,8,0,2.1,1.4,1.70359334
1362,8,0,2.3,0.7,4.988631565
1363,8,0,2.3,1.05,1.61534906
1364,8,0,2.3,1.4,1.9665795
1365,8,0,2.5,0.7,35.57965442
1366,8,0,2.5,1.05,2.239210555
1367,8,0,2.5,1.4,1.310974495
1368,8,25,1.6,0.7,3.92030164
1369,8,25,1.6,1.05,6.31753358
1370,8,25,1.6,1.4,2.70571583
1371,8,25,1.8,0.7,9.68552392
1372,8,25,1.8,1.05,6.70508105
1373,8,25,1.8,1.4,10.12589473
1374,8,25,2.0,0.7,6.35420248
1375,8,25,2.0,1.05,13.3530951
1376,8,25,2.0,1.4,10.95345267
1377,8,25,2.2,0.7,10.01264335
1378,8,25,2.2,1.05,29.72036515
1379,8,25,2.2,1.4,18.59106074
1380,8,25,2.4,0.7,13.43877417
1381,8,25,2.4,1.05,36.1300039
1382,8,25,2.4,1.4,34.9592874
1383,8,50,1.5,0.7,0.580645385
1384,8,50,1.5,1.05,0.2835024
1385,8,50,1.5,1.4,0.610162855
1386,8,50,1.7,0.7,1.068200195
1387,8,50,1.7,1.05,0.530468075
1388,8,50,1.7,1.4,2.57808866
1389,8,50,1.9,0.7,1.7688226
1390,8,50,1.9,1.05,0.99036637
1391,8,50,1.9,1.4,4.16800253
1392,8,50,2.1,0.7,2.552720965
1393,8,50,2.1,1.05,6.37566581
1394,8,50,2.1,1.4,4.02354012
1395,8,50,2.3,0.7,3.08157811
1396,8,50,2.3,1.05,19.8553271
1397,8,50,2.3,1.4,10.78723802
1398,8,50,2.5,0.7,4.478213675
1399,8,50,2.5,1.05,21.22377998
1400,8,50,2.5,1.4,2.090443795
1401,8,75,1.6,0.7,0.997970035
1402,8,75,1.6,1.05,0.5029841
1403,8,75,1.6,1.4,1.202600565
1404,8,75,1.8,0.7,1.923480915
1405,8,75,1.8,1.05,13.76810579
1406,8,75,1.8,1.4,0.98540034
1407,8,75,2.0,0.7,17.16436162
1408,8,75,2.0,1.05,1.427589615
1409,8,75,2.0,1.4,4.00071953
1410,8,75,2.2,0.7,17.61099159
1411,8,75,2.2,1.05,4.977815625
1412,8,75,2.2,1.4,28.39669297
1413,8,75,2.4,0.7,4.023762455
1414,8,75,2.4,1.05,21.54221829
1415,8,75,2.4,1.4,16.98524062
1416,8,100,1.5,0.7,1.752622255
1417,8,100,1.5,1.05,0.98552759
1418,8,100,1.5,1.4,0.381889405
1419,8,100,1.7,0.7,1.401898735
1420,8,100,1.7,1.05,16.41218992
1421,8,100,1.7,1.4,0.58207294
1422,8,100,1.9,0.7,15.761628
1423,8,100,1.9,1.05,21.01485876
1424,8,100,1.9,1.4,1.09751429
1425,8,100,2.1,0.7,18.09078329
1426,8,100,2.1,1.05,27.92352784
1427,8,100,2.1,1.4,2.174995185
1428,8,100,2.3,0.7,20.89136195
1429,8,100,2.3,1.05,30.80100966
1430,8,100,2.3,1.4,15.90063296
1431,8,100,2.5,0.7,3.691875515
1432,8,100,2.5,1.05,29.25635883
1433,8,100,2.5,1.4,37.2935421
1434,8,125,1.6,0.7,0.555669225
1435,8,125,1.6,1.05,1.54022802
1436,8,125,1.6,1.4,1.772851885
1437,8,125,1.8,0.7,17.40060132
1438,8,125,1.8,1.05,1.15879333
1439,8,125,1.8,1.4,1.74030975
1440,8,125,2.0,0.7,1.26034766
1441,8,125,2.0,1.05,16.96168832
1442,8,125,2.0,1.4,17.09009911
1443,8,125,2.2,0.7,21.53762106
1444,8,125,2.2,1.05,23.23672095
1445,8,125,2.2,1.4,17.31953869
1446,8,125,2.4,0.7,22.84953928
1447,8,125,2.4,1.05,24.81064122
1448,8,125,2.4,1.4,24.46094024
1449,8,150,1.5,0.7,15.37844109
1450,8,150,1.5,1.05,16.36829634
1451,8,150,1.5,1.4,1.90937273
1452,8,150,1.7,0.7,13.29449274
1453,8,150,1.7,1.05,18.11751563
1454,8,150,1.7,1.4,24.27369623
1455,8,150,1.9,0.7,21.12950211
1456,8,150,1.9,1.05,2.87239936
1457,8,150,1.9,1.4,18.21817377
1458,8,150,2.1,0.7,23.11471414
1459,8,150,2.1,1.05,25.97304787
1460,8,150,2.1,1.4,11.0882812
1461,8,150,2.3,0.7,25.69999832
1462,8,150,2.3,1.05,24.84117849
1463,8,150,2.3,1.4,21.82711212
1464,8,150,2.5,0.7,20.32642785
1465,8,150,2.5,1.05,28.80428434
1466,8,150,2.5,1.4,23.14973202
1467,8,175,1.6,0.7,9.44977179
1468,8,175,1.6,1.05,13.35499867
1469,8,175,1.6,1.4,12.54898462
1470,8,175,1.8,0.7,9.934021545
1471,8,175,1.8,1.05,22.54772138
1472,8,175,1.8,1.4,19.39221531
1473,8,175,2.0,0.7,19.87380413
1474,8,175,2.0,1.05,30.09047112
1475,8,175,2.0,1.4,35.5636307
1476,8,175,2.2,0.7,21.70413423
1477,8,175,2.2,1.05,26.32360299
1478,8,175,2.2,1.4,21.14495698
1479,8,175,2.4,0.7,25.05996553
1480,8,175,2.4,1.05,26.33490468
1481,8,175,2.4,1.4,26.17297952
1482,8,200,1.5,0.7,19.75280611
1483,8,200,1.5,1.05,13.41499684
1484,8,200,1.5,1.4,15.70872909
1485,8,200,1.7,0.7,21.33334446
1486,8,200,1.7,1.05,13.53689275
1487,8,200,1.7,1.4,12.99023395
1488,8,200,1.9,0.7,21.89667604
1489,8,200,1.9,1.05,22.53879111
1490,8,200,1.9,1.4,21.90320458
1491,8,200,2.1,0.7,25.87711604
1492,8,200,2.1,1.05,22.34457401
1493,8,200,2.1,1.4,20.82277737
1494,8,200,2.3,0.7,25.5377981
1495,8,200,2.3,1.05,23.16218558
1496,8,200,2.3,1.4,21.21698051
1497,8,200,2.5,0.7,31.19337179
1498,8,200,2.5,1.05,23.35022337
1499,8,200,2.5,1.4,22.21883225
1500,10,0,1.5,0.7,2.484941625
1501,10,0,1.5,1.05,1.995446115
1502,10,0,1.5,1.4,1.59246101
1503,10,0,1.7,0.7,3.93400999
1504,10,0,1.7,1.05,4.202121115
1505,10,0,1.7,1.4,2.09316675
1506,10,0,1.9,0.7,6.404926035
1507,10,0,1.9,1.05,2.301721065
1508,10,0,1.9,1.4,2.207163845
1509,10,0,2.1,0.7,19.13454141
1510,10,0,2.1,1.05,1.59126824
1511,10,0,2.1,1.4,1.47175539
1512,10,0,2.3,0.7,8.552942635
1513,10,0,2.3,1.05,1.48189301
1514,10,0,2.3,1.4,1.22052988
1515,10,0,2.5,0.7,2.17018344
1516,10,0,2.5,1.05,1.78869854
1517,10,0,2.5,1.4,1.23106499
1518,10,25,1.6,0.7,3.236290435
1519,10,25,1.6,1.05,4.48764365
1520,10,25,1.6,1.4,5.52352907
1521,10,25,1.8,0.7,4.301986835
1522,10,25,1.8,1.05,7.23375999
1523,10,25,1.8,1.4,6.765780615
1524,10,25,2.0,0.7,9.176301185
1525,10,25,2.0,1.05,11.53404773
1526,10,25,2.0,1.4,8.83892428
1527,10,25,2.2,0.7,23.76283092
1528,10,25,2.2,1.05,8.484391765
1529,10,25,2.2,1.4,1.75988664
1530,10,25,2.4,0.7,31.26961212
1531,10,25,2.4,1.05,32.82540015
1532,10,25,2.4,1.4,12.38719482
1533,10,50,1.5,0.7,0.39829036
1534,10,50,1.5,1.05,1.309078795
1535,10,50,1.5,1.4,1.787142455
1536,10,50,1.7,0.7,2.04446714
1537,10,50,1.7,1.05,0.80325155
1538,10,50,1.7,1.4,2.6504243
1539,10,50,1.9,0.7,4.3821171
1540,10,50,1.9,1.05,1.884693735
1541,10,50,1.9,1.4,5.6230742
1542,10,50,2.1,0.7,8.18131518
1543,10,50,2.1,1.05,18.25382211
1544,10,50,2.1,1.4,8.43650171
1545,10,50,2.3,0.7,18.80038505
1546,10,50,2.3,1.05,23.0185344
1547,10,50,2.3,1.4,18.32694408
1548,10,50,2.5,0.7,17.63498946
1549,10,50,2.5,1.05,8.159024855
1550,10,50,2.5,1.4,1.883642545
1551,10,75,1.6,0.7,2.55179376
1552,10,75,1.6,1.05,3.982026465
1553,10,75,1.6,1.4,0.91748268
1554,10,75,1.8,0.7,3.71797517
1555,10,75,1.8,1.05,13.02729787
1556,10,75,1.8,1.4,15.57363845
1557,10,75,2.0,0.7,7.923393555
1558,10,75,2.0,1.05,19.17797565
1559,10,75,2.0,1.4,21.90600339
1560,10,75,2.2,0.7,22.52605105
1561,10,75,2.2,1.05,25.9285469
1562,10,75,2.2,1.4,30.17208591
1563,10,75,2.4,0.7,18.19590629
1564,10,75,2.4,1.05,31.50348043
1565,10,75,2.4,1.4,33.23522319
1566,10,100,1.5,0.7,2.03703113
1567,10,100,1.5,1.05,16.70525583
1568,10,100,1.5,1.4,14.96158266
1569,10,100,1.7,0.7,16.76906101
1570,10,100,1.7,1.05,19.32535098
1571,10,100,1.7,1.4,18.86877373
1572,10,100,1.9,0.7,20.10515772
1573,10,100,1.9,1.05,22.11283985
1574,10,100,1.9,1.4,22.68859384
1575,10,100,2.1,0.7,23.38482757
1576,10,100,2.1,1.05,26.33086888
1577,10,100,2.1,1.4,23.24464829
1578,10,100,2.3,0.7,27.22173275
1579,10,100,2.3,1.05,31.89632291
1580,10,100,2.3,1.4,2.769482045
1581,10,100,2.5,0.7,32.82694581
1582,10,100,2.5,1.05,29.88330736
1583,10,100,2.5,1.4,2.558668295
1584,10,125,1.6,0.7,11.46484409
1585,10,125,1.6,1.05,14.31538651
1586,10,125,1.6,1.4,12.51399667
1587,10,125,1.8,0.7,18.52669987
1588,10,125,1.8,1.05,18.84357803
1589,10,125,1.8,1.4,16.15506253
1590,10,125,2.0,0.7,22.17191514
1591,10,125,2.0,1.05,25.99219371
1592,10,125,2.0,1.4,28.12012429
1593,10,125,2.2,0.7,31.32995625
1594,10,125,2.2,1.05,31.12102655
1595,10,125,2.2,1.4,36.94337918
1596,10,125,2.4,0.7,32.85563771
1597,10,125,2.4,1.05,27.64733324
1598,10,125,2.4,1.4,24.46426331
1599,10,150,1.5,0.7,17.50682348
1600,10,150,1.5,1.05,11.86753321
1601,10,150,1.5,1.4,9.39198196
1602,10,150,1.7,0.7,22.64905122
1603,10,150,1.7,1.05,27.76133619
1604,10,150,1.7,1.4,30.75323761
1605,10,150,1.9,0.7,25.18258923
1606,10,150,1.9,1.05,32.25932257
1607,10,150,1.9,1.4,36.26241233
1608,10,150,2.1,0.7,26.25669384
1609,10,150,2.1,1.05,27.06739447
1610,10,150,2.1,1.4,21.90865338
1611,10,150,2.3,0.7,31.35316374
1612,10,150,2.3,1.05,26.99388042
1613,10,150,2.3,1.4,18.95177967
1614,10,150,2.5,0.7,34.61506059
1615,10,150,2.5,1.05,25.0872446
1616,10,150,2.5,1.4,2.04505332
1617,10,175,1.6,0.7,23.03021044
1618,10,175,1.6,1.05,26.78930236
1619,10,175,1.6,1.4,24.08115478
1620,10,175,1.8,0.7,24.72800972
1621,10,175,1.8,1.05,32.54962845
1622,10,175,1.8,1.4,41.38951944
1623,10,175,2.0,0.7,24.41042384
1624,10,175,2.0,1.05,24.18133668
1625,10,175,2.0,1.4,34.30511905
1626,10,175,2.2,0.7,26.09665248
1627,10,175,2.2,1.05,22.71365938
1628,10,175,2.2,1.4,24.91481805
1629,10,175,2.4,0.7,28.60261435
1630,10,175,2.4,1.05,21.88111405
1631,10,175,2.4,1.4,16.87573066
1632,10,200,1.5,0.7,24.87143932
1633,10,200,1.5,1.05,23.6502444
1634,10,200,1.5,1.4,30.34241852
1635,10,200,1.7,0.7,22.84413083
1636,10,200,1.7,1.05,25.15946955
1637,10,200,1.7,1.4,23.55279285
1638,10,200,1.9,0.7,24.82666369
1639,10,200,1.9,1.05,20.82860256
1640,10,200,1.9,1.4,19.70498165
1641,10,200,2.1,0.7,27.94340729
1642,10,200,2.1,1.05,19.37243051
1643,10,200,2.1,1.4,16.46835299
1644,10,200,2.3,0.7,32.16715351
1645,10,200,2.3,1.05,18.66841468
1646,10,200,2.3,1.4,19.93479405
1647,10,200,2.5,0.7,36.31708483
1648,10,200,2.5,1.05,2.874153325
1649,10,200,2.5,1.4,2.48323922
1650,12,0,1.5,0.7,2.817184975
1651,12,0,1.5,1.05,2.8202735
1652,12,0,1.5,1.4,1.94721929
1653,12,0,1.7,0.7,2.837285865
1654,12,0,1.7,1.05,1.65020764
1655,12,0,1.7,1.4,1.79740427
1656,12,0,1.9,0.7,7.80562971
1657,12,0,1.9,1.05,1.83451679
1658,12,0,1.9,1.4,1.573231545
1659,12,0,2.1,0.7,2.102801175
1660,12,0,2.1,1.05,8.535636925
1661,12,0,2.1,1.4,1.41095575
1662,12,0,2.3,0.7,21.10118362
1663,12,0,2.3,1.05,1.371921215
1664,12,0,2.3,1.4,1.305498525
1665,12,0,2.5,0.7,32.83765951
1666,12,0,2.5,1.05,1.307638845
1667,12,0,2.5,1.4,1.138089705
1668,12,25,1.6,0.7,1.904929865
1669,12,25,1.6,1.05,3.52213153
1670,12,25,1.6,1.4,1.38790277
1671,12,25,1.8,0.7,5.997701515
1672,12,25,1.8,1.05,4.88818575
1673,12,25,1.8,1.4,7.573931395
1674,12,25,2.0,0.7,12.52197107
1675,12,25,2.0,1.05,11.66128167
1676,12,25,2.0,1.4,13.06205261
1677,12,25,2.2,0.7,37.68724288
1678,12,25,2.2,1.05,33.68153487
1679,12,25,2.2,1.4,1.891449785
1680,12,25,2.4,0.7,50.83130521
1681,12,25,2.4,1.05,10.10799107
1682,12,25,2.4,1.4,1.300664185
1683,12,50,1.5,0.7,1.16333293
1684,12,50,1.5,1.05,3.115892155
1685,12,50,1.5,1.4,2.65670081
1686,12,50,1.7,0.7,4.555843875
1687,12,50,1.7,1.05,2.579712
1688,12,50,1.7,1.4,4.76844995
1689,12,50,1.9,0.7,9.916262775
1690,12,50,1.9,1.05,16.58984522
1691,12,50,1.9,1.4,8.952703645
1692,12,50,2.1,0.7,8.43442134
1693,12,50,2.1,1.05,23.66746768
1694,12,50,2.1,1.4,1.57108567
1695,12,50,2.3,0.7,11.1407421
1696,12,50,2.3,1.05,37.08072058
1697,12,50,2.3,1.4,25.79438494
1698,12,50,2.5,0.7,35.87166052
1699,12,50,2.5,1.05,1.44766338
1700,12,50,2.5,1.4,1.492311205
1701,12,75,1.6,0.7,2.117595435
1702,12,75,1.6,1.05,3.363703575
1703,12,75,1.6,1.4,14.92657584
1704,12,75,1.8,0.7,4.903521785
1705,12,75,1.8,1.05,16.55792988
1706,12,75,1.8,1.4,14.25681865
1707,12,75,2.0,0.7,24.55175934
1708,12,75,2.0,1.05,25.44355022
1709,12,75,2.0,1.4,15.99058804
1710,12,75,2.2,0.7,33.17701842
1711,12,75,2.2,1.05,36.28859878
1712,12,75,2.2,1.4,1.790871605
1713,12,75,2.4,0.7,41.35446994
1714,12,75,2.4,1.05,47.30570731
1715,12,75,2.4,1.4,2.155238865
1716,12,100,1.5,0.7,9.29353788
1717,12,100,1.5,1.05,12.11958914
1718,12,100,1.5,1.4,11.8038592
1719,12,100,1.7,0.7,19.0194704
1720,12,100,1.7,1.05,17.53314818
1721,12,100,1.7,1.4,14.66705747
1722,12,100,1.9,0.7,18.74793491
1723,12,100,1.9,1.05,27.97689242
1724,12,100,1.9,1.4,26.2044042
1725,12,100,2.1,0.7,37.41047273
1726,12,100,2.1,1.05,37.35179195
1727,12,100,2.1,1.4,24.43435657
1728,12,100,2.3,0.7,38.84055602
1729,12,100,2.3,1.05,39.8601446
1730,12,100,2.3,1.4,34.17278767
1731,12,100,2.5,0.7,39.42386505
1732,12,100,2.5,1.05,30.72339312
1733,12,100,2.5,1.4,1.581840945
1734,12,125,1.6,0.7,11.04265774
1735,12,125,1.6,1.05,30.20966198
1736,12,125,1.6,1.4,12.90936504
1737,12,125,1.8,0.7,19.76653614
1738,12,125,1.8,1.05,32.28743284
1739,12,125,1.8,1.4,31.66129959
1740,12,125,2.0,0.7,31.47662584
1741,12,125,2.0,1.05,36.25284256
1742,12,125,2.0,1.4,44.04477933
1743,12,125,2.2,0.7,32.43359398
1744,12,125,2.2,1.05,29.59553908
1745,12,125,2.2,1.4,23.16476721
1746,12,125,2.4,0.7,37.54951294
1747,12,125,2.4,1.05,1.878474045
1748,12,125,2.4,1.4,22.13553289
1749,12,150,1.5,0.7,18.33169252
1750,12,150,1.5,1.05,21.98816719
1751,12,150,1.5,1.4,17.58409244
1752,12,150,1.7,0.7,28.19673461
1753,12,150,1.7,1.05,32.67804959
1754,12,150,1.7,1.4,25.15656951
1755,12,150,1.9,0.7,27.97876193
1756,12,150,1.9,1.05,27.66069837
1757,12,150,1.9,1.4,48.98711188
1758,12,150,2.1,0.7,28.81046509
1759,12,150,2.1,1.05,22.31453663
1760,12,150,2.1,1.4,2.12203775
1761,12,150,2.3,0.7,33.72884771
1762,12,150,2.3,1.05,20.08719368
1763,12,150,2.3,1.4,18.99845952
1764,12,150,2.5,0.7,32.94164965
1765,12,150,2.5,1.05,20.7900743
1766,12,150,2.5,1.4,1.22973419
1767,12,175,1.6,0.7,30.49768339
1768,12,175,1.6,1.05,39.07880007
1769,12,175,1.6,1.4,37.85625565
1770,12,175,1.8,0.7,30.55014033
1771,12,175,1.8,1.05,21.71498025
1772,12,175,1.8,1.4,48.00469508
1773,12,175,2.0,0.7,29.49511193
1774,12,175,2.0,1.05,23.87025342
1775,12,175,2.0,1.4,1.72323757
1776,12,175,2.2,0.7,31.41051358
1777,12,175,2.2,1.05,16.71189843
1778,12,175,2.2,1.4,14.47445507
1779,12,175,2.4,0.7,34.65747253
1780,12,175,2.4,1.05,14.92602464
1781,12,175,2.4,1.4,1.1411741
1782,12,200,1.5,0.7,25.91147249
1783,12,200,1.5,1.05,36.65199221
1784,12,200,1.5,1.4,43.44795774
1785,12,200,1.7,0.7,29.4756594
1786,12,200,1.7,1.05,19.96334537
1787,12,200,1.7,1.4,20.06653041
1788,12,200,1.9,0.7,30.4019694
1789,12,200,1.9,1.05,17.529669
1790,12,200,1.9,1.4,2.84463563
1791,12,200,2.1,0.7,32.08265752
1792,12,200,2.1,1.05,14.89627256
1793,12,200,2.1,1.4,1.731124215
1794,12,200,2.3,0.7,32.63826111
1795,12,200,2.3,1.05,1.35897464
1796,12,200,2.3,1.4,3.196306215
1797,12,200,2.5,0.7,36.1041867
1798,12,200,2.5,1.05,1.31348703
1799,12,200,2.5,1.4,1.069728395
