,ni_load,fe_load,co_load,mn_load,ce_load,la_load,target
0,0.0,0.0,0.0,0.0,0.0,1.0,0.49233925
1,0.0,0.0,0.0,0.0,0.1,0.9,0.52304075
2,0.0,0.0,0.0,0.0,0.2,0.8,0.48038375
3,0.0,0.0,0.0,0.0,0.3,0.7,0.54382525
4,0.0,0.0,0.0,0.0,0.4,0.6,0.49692499999999995
5,0.0,0.0,0.0,0.0,0.5,0.5,0.48580575
6,0.0,0.0,0.0,0.0,0.6,0.4,0.47456725
7,0.0,0.0,0.0,0.0,0.7,0.3,0.4534545
8,0.0,0.0,0.0,0.0,0.8,0.2,0.46333399999999997
9,0.0,0.0,0.0,0.0,0.9,0.1,0.47685125
10,0.0,0.0,0.0,0.0,1.0,0.0,0.54617
11,0.0,0.0,0.0,0.1,0.0,0.9,0.48926175000000005
12,0.0,0.0,0.0,0.1,0.1,0.8,0.50383975
13,0.0,0.0,0.0,0.1,0.2,0.7,0.49097625
14,0.0,0.0,0.0,0.1,0.3,0.6,0.5388437500000001
15,0.0,0.0,0.0,0.1,0.4,0.5,0.4934385
16,0.0,0.0,0.0,0.1,0.5,0.4,0.51354475
17,0.0,0.0,0.0,0.1,0.6,0.3,0.5006845
18,0.0,0.0,0.0,0.1,0.7,0.2,0.48645375
19,0.0,0.0,0.0,0.1,0.8,0.1,0.49857724999999997
20,0.0,0.0,0.0,0.1,0.9,0.0,0.49964299999999995
21,0.0,0.0,0.0,0.2,0.0,0.8,0.51358025
22,0.0,0.0,0.0,0.2,0.1,0.7,0.498895
23,0.0,0.0,0.0,0.2,0.2,0.6,0.5230152499999999
24,0.0,0.0,0.0,0.2,0.3,0.5,0.566874
25,0.0,0.0,0.0,0.2,0.4,0.4,0.53004275
26,0.0,0.0,0.0,0.2,0.5,0.3,0.546438
27,0.0,0.0,0.0,0.2,0.6,0.2,0.49324524999999997
28,0.0,0.0,0.0,0.2,0.7,0.1,0.500621
29,0.0,0.0,0.0,0.2,0.8,0.0,0.49543099999999995
30,0.0,0.0,0.0,0.3,0.0,0.7,0.59524875
31,0.0,0.0,0.0,0.3,0.1,0.6,0.545962
32,0.0,0.0,0.0,0.3,0.2,0.5,0.5597617500000001
33,0.0,0.0,0.0,0.3,0.3,0.4,0.5340087499999999
34,0.0,0.0,0.0,0.3,0.4,0.3,0.537258
35,0.0,0.0,0.0,0.3,0.5,0.2,0.51657175
36,0.0,0.0,0.0,0.3,0.6,0.1,0.5128705
37,0.0,0.0,0.0,0.3,0.7,0.0,0.51337575
38,0.0,0.0,0.0,0.4,0.0,0.6,0.54963825
39,0.0,0.0,0.0,0.4,0.1,0.5,0.5807052500000001
40,0.0,0.0,0.0,0.4,0.2,0.4,0.5640182499999999
41,0.0,0.0,0.0,0.4,0.3,0.3,0.51913
42,0.0,0.0,0.0,0.4,0.4,0.2,0.5152795
43,0.0,0.0,0.0,0.4,0.5,0.1,0.52285575
44,0.0,0.0,0.0,0.4,0.6,0.0,0.5303375
45,0.0,0.0,0.0,0.5,0.0,0.5,0.550011
46,0.0,0.0,0.0,0.5,0.1,0.4,0.54842875
47,0.0,0.0,0.0,0.5,0.2,0.3,0.54105075
48,0.0,0.0,0.0,0.5,0.3,0.2,0.5407814999999999
49,0.0,0.0,0.0,0.5,0.4,0.1,0.50748975
50,0.0,0.0,0.0,0.5,0.5,0.0,0.492791
51,0.0,0.0,0.0,0.6,0.0,0.4,0.5594435
52,0.0,0.0,0.0,0.6,0.1,0.3,0.52240475
53,0.0,0.0,0.0,0.6,0.2,0.2,0.5116974999999999
54,0.0,0.0,0.0,0.6,0.3,0.1,0.53748125
55,0.0,0.0,0.0,0.6,0.4,0.0,0.50142825
56,0.0,0.0,0.0,0.7,0.0,0.3,0.51434375
57,0.0,0.0,0.0,0.7,0.1,0.2,0.5164675
58,0.0,0.0,0.0,0.7,0.2,0.1,0.5284982500000001
59,0.0,0.0,0.0,0.7,0.3,0.0,0.506195
60,0.0,0.0,0.0,0.8,0.0,0.2,0.58321225
61,0.0,0.0,0.0,0.8,0.1,0.1,0.54483525
62,0.0,0.0,0.0,0.8,0.2,0.0,0.49555975
63,0.0,0.0,0.0,0.9,0.0,0.1,0.5589825
64,0.0,0.0,0.0,0.9,0.1,0.0,0.5240374999999999
65,0.0,0.0,0.0,1.0,0.0,0.0,0.5182765
66,0.0,0.0,0.1,0.0,0.0,0.9,0.4632905
67,0.0,0.0,0.1,0.0,0.1,0.8,0.5048492499999999
68,0.0,0.0,0.1,0.0,0.2,0.7,0.50321225
69,0.0,0.0,0.1,0.0,0.3,0.6,0.48364475
70,0.0,0.0,0.1,0.0,0.4,0.5,0.4691605
71,0.0,0.0,0.1,0.0,0.5,0.4,0.45176724999999995
72,0.0,0.0,0.1,0.0,0.6,0.3,0.44995324999999997
73,0.0,0.0,0.1,0.0,0.7,0.2,0.42368675
74,0.0,0.0,0.1,0.0,0.8,0.1,0.423618
75,0.0,0.0,0.1,0.0,0.9,0.0,0.43838425
76,0.0,0.0,0.1,0.1,0.0,0.8,0.48679100000000003
77,0.0,0.0,0.1,0.1,0.1,0.7,0.46957774999999996
78,0.0,0.0,0.1,0.1,0.2,0.6,0.49675074999999996
79,0.0,0.0,0.1,0.1,0.3,0.5,0.4857464999999999
80,0.0,0.0,0.1,0.1,0.4,0.4,0.46958725
81,0.0,0.0,0.1,0.1,0.5,0.3,0.46178725
82,0.0,0.0,0.1,0.1,0.6,0.2,0.4501755
83,0.0,0.0,0.1,0.1,0.7,0.1,0.45398974999999997
84,0.0,0.0,0.1,0.1,0.8,0.0,0.45935075000000003
85,0.0,0.0,0.1,0.2,0.0,0.7,0.48424825
86,0.0,0.0,0.1,0.2,0.1,0.6,0.486903
87,0.0,0.0,0.1,0.2,0.2,0.5,0.48207825
88,0.0,0.0,0.1,0.2,0.3,0.4,0.47986375000000003
89,0.0,0.0,0.1,0.2,0.4,0.3,0.47077174999999993
90,0.0,0.0,0.1,0.2,0.5,0.2,0.47046924999999995
91,0.0,0.0,0.1,0.2,0.6,0.1,0.46073099999999995
92,0.0,0.0,0.1,0.2,0.7,0.0,0.4577475
93,0.0,0.0,0.1,0.3,0.0,0.6,0.48848375
94,0.0,0.0,0.1,0.3,0.1,0.5,0.48535949999999994
95,0.0,0.0,0.1,0.3,0.2,0.4,0.48110674999999997
96,0.0,0.0,0.1,0.3,0.3,0.3,0.475024
97,0.0,0.0,0.1,0.3,0.4,0.2,0.4889485
98,0.0,0.0,0.1,0.3,0.5,0.1,0.47252425
99,0.0,0.0,0.1,0.3,0.6,0.0,0.46414675
100,0.0,0.0,0.1,0.4,0.0,0.5,0.47233624999999996
101,0.0,0.0,0.1,0.4,0.1,0.4,0.47576575
102,0.0,0.0,0.1,0.4,0.2,0.3,0.4728617499999999
103,0.0,0.0,0.1,0.4,0.3,0.2,0.484043
104,0.0,0.0,0.1,0.4,0.4,0.1,0.4794625
105,0.0,0.0,0.1,0.4,0.5,0.0,0.47003849999999997
106,0.0,0.0,0.1,0.5,0.0,0.4,0.478409
107,0.0,0.0,0.1,0.5,0.1,0.3,0.46447974999999997
108,0.0,0.0,0.1,0.5,0.2,0.2,0.46353425
109,0.0,0.0,0.1,0.5,0.3,0.1,0.47163449999999996
110,0.0,0.0,0.1,0.5,0.4,0.0,0.465423
111,0.0,0.0,0.1,0.6,0.0,0.3,0.47100050000000004
112,0.0,0.0,0.1,0.6,0.1,0.2,0.46877475
113,0.0,0.0,0.1,0.6,0.2,0.1,0.46633775
114,0.0,0.0,0.1,0.6,0.3,0.0,0.43744449999999996
115,0.0,0.0,0.1,0.7,0.0,0.2,0.48010200000000003
116,0.0,0.0,0.1,0.7,0.1,0.1,0.46759074999999994
117,0.0,0.0,0.1,0.7,0.2,0.0,0.451131
118,0.0,0.0,0.1,0.8,0.0,0.1,0.47340275000000004
119,0.0,0.0,0.1,0.8,0.1,0.0,0.4529345
120,0.0,0.0,0.1,0.9,0.0,0.0,0.44631475
121,0.0,0.0,0.2,0.0,0.0,0.8,0.4773145
122,0.0,0.0,0.2,0.0,0.1,0.7,0.46880825000000004
123,0.0,0.0,0.2,0.0,0.2,0.6,0.47019725
124,0.0,0.0,0.2,0.0,0.3,0.5,0.47362925
125,0.0,0.0,0.2,0.0,0.4,0.4,0.44864974999999996
126,0.0,0.0,0.2,0.0,0.5,0.3,0.43287575
127,0.0,0.0,0.2,0.0,0.6,0.2,0.42049149999999996
128,0.0,0.0,0.2,0.0,0.7,0.1,0.41573024999999997
129,0.0,0.0,0.2,0.0,0.8,0.0,0.42736874999999996
130,0.0,0.0,0.2,0.1,0.0,0.7,0.47125925
131,0.0,0.0,0.2,0.1,0.1,0.6,0.46659075
132,0.0,0.0,0.2,0.1,0.2,0.5,0.45093449999999996
133,0.0,0.0,0.2,0.1,0.3,0.4,0.46376375
134,0.0,0.0,0.2,0.1,0.4,0.3,0.44669775
135,0.0,0.0,0.2,0.1,0.5,0.2,0.443001
136,0.0,0.0,0.2,0.1,0.6,0.1,0.42665575
137,0.0,0.0,0.2,0.1,0.7,0.0,0.4345605
138,0.0,0.0,0.2,0.2,0.0,0.6,0.46365449999999997
139,0.0,0.0,0.2,0.2,0.1,0.5,0.4763145
140,0.0,0.0,0.2,0.2,0.2,0.4,0.4755864999999999
141,0.0,0.0,0.2,0.2,0.3,0.3,0.46526699999999993
142,0.0,0.0,0.2,0.2,0.4,0.2,0.4604175
143,0.0,0.0,0.2,0.2,0.5,0.1,0.43194625
144,0.0,0.0,0.2,0.2,0.6,0.0,0.44833975000000004
145,0.0,0.0,0.2,0.3,0.0,0.5,0.47248049999999997
146,0.0,0.0,0.2,0.3,0.1,0.4,0.47350024999999996
147,0.0,0.0,0.2,0.3,0.2,0.3,0.4736545
148,0.0,0.0,0.2,0.3,0.3,0.2,0.45863525
149,0.0,0.0,0.2,0.3,0.4,0.1,0.4618875
150,0.0,0.0,0.2,0.3,0.5,0.0,0.4482025
151,0.0,0.0,0.2,0.4,0.0,0.4,0.47392724999999997
152,0.0,0.0,0.2,0.4,0.1,0.3,0.47150974999999995
153,0.0,0.0,0.2,0.4,0.2,0.2,0.4666105
154,0.0,0.0,0.2,0.4,0.3,0.1,0.46134725
155,0.0,0.0,0.2,0.4,0.4,0.0,0.44245025
156,0.0,0.0,0.2,0.5,0.0,0.3,0.46882475
157,0.0,0.0,0.2,0.5,0.1,0.2,0.46525174999999996
158,0.0,0.0,0.2,0.5,0.2,0.1,0.443615
159,0.0,0.0,0.2,0.5,0.3,0.0,0.4398915
160,0.0,0.0,0.2,0.6,0.0,0.2,0.46201925
161,0.0,0.0,0.2,0.6,0.1,0.1,0.45355674999999995
162,0.0,0.0,0.2,0.6,0.2,0.0,0.45151925
163,0.0,0.0,0.2,0.7,0.0,0.1,0.4508855
164,0.0,0.0,0.2,0.7,0.1,0.0,0.45326975
165,0.0,0.0,0.2,0.8,0.0,0.0,0.45808375
166,0.0,0.0,0.3,0.0,0.0,0.7,0.44972349999999994
167,0.0,0.0,0.3,0.0,0.1,0.6,0.46138674999999996
168,0.0,0.0,0.3,0.0,0.2,0.5,0.45051825
169,0.0,0.0,0.3,0.0,0.3,0.4,0.45697750000000004
170,0.0,0.0,0.3,0.0,0.4,0.3,0.44487025
171,0.0,0.0,0.3,0.0,0.5,0.2,0.42268475
172,0.0,0.0,0.3,0.0,0.6,0.1,0.40789975
173,0.0,0.0,0.3,0.0,0.7,0.0,0.42282774999999995
174,0.0,0.0,0.3,0.1,0.0,0.6,0.46404199999999995
175,0.0,0.0,0.3,0.1,0.1,0.5,0.4650072499999999
176,0.0,0.0,0.3,0.1,0.2,0.4,0.46229600000000004
177,0.0,0.0,0.3,0.1,0.3,0.3,0.450971
178,0.0,0.0,0.3,0.1,0.4,0.2,0.44069875000000003
179,0.0,0.0,0.3,0.1,0.5,0.1,0.43594324999999995
180,0.0,0.0,0.3,0.1,0.6,0.0,0.42918175
181,0.0,0.0,0.3,0.2,0.0,0.5,0.47019349999999993
182,0.0,0.0,0.3,0.2,0.1,0.4,0.4639074999999999
183,0.0,0.0,0.3,0.2,0.2,0.3,0.456292
184,0.0,0.0,0.3,0.2,0.3,0.2,0.45424549999999997
185,0.0,0.0,0.3,0.2,0.4,0.1,0.44322124999999996
186,0.0,0.0,0.3,0.2,0.5,0.0,0.44150425
187,0.0,0.0,0.3,0.3,0.0,0.4,0.472386
188,0.0,0.0,0.3,0.3,0.1,0.3,0.45867475
189,0.0,0.0,0.3,0.3,0.2,0.2,0.45803725
190,0.0,0.0,0.3,0.3,0.3,0.1,0.44697149999999997
191,0.0,0.0,0.3,0.3,0.4,0.0,0.43826975
192,0.0,0.0,0.3,0.4,0.0,0.3,0.464812
193,0.0,0.0,0.3,0.4,0.1,0.2,0.46599949999999996
194,0.0,0.0,0.3,0.4,0.2,0.1,0.44600249999999997
195,0.0,0.0,0.3,0.4,0.3,0.0,0.44049099999999997
196,0.0,0.0,0.3,0.5,0.0,0.2,0.45320525
197,0.0,0.0,0.3,0.5,0.1,0.1,0.44798849999999996
198,0.0,0.0,0.3,0.5,0.2,0.0,0.44047525
199,0.0,0.0,0.3,0.6,0.0,0.1,0.4370649999999999
200,0.0,0.0,0.3,0.6,0.1,0.0,0.44999075
201,0.0,0.0,0.3,0.7,0.0,0.0,0.45406199999999997
202,0.0,0.0,0.4,0.0,0.0,0.6,0.43809049999999994
203,0.0,0.0,0.4,0.0,0.1,0.5,0.43675699999999995
204,0.0,0.0,0.4,0.0,0.2,0.4,0.4417985
205,0.0,0.0,0.4,0.0,0.3,0.3,0.440052
206,0.0,0.0,0.4,0.0,0.4,0.2,0.4193715
207,0.0,0.0,0.4,0.0,0.5,0.1,0.414873
208,0.0,0.0,0.4,0.0,0.6,0.0,0.41908424999999994
209,0.0,0.0,0.4,0.1,0.0,0.5,0.45559574999999997
210,0.0,0.0,0.4,0.1,0.1,0.4,0.446799
211,0.0,0.0,0.4,0.1,0.2,0.3,0.44430775
212,0.0,0.0,0.4,0.1,0.3,0.2,0.43835749999999996
213,0.0,0.0,0.4,0.1,0.4,0.1,0.428492
214,0.0,0.0,0.4,0.1,0.5,0.0,0.42783125
215,0.0,0.0,0.4,0.2,0.0,0.4,0.47189475
216,0.0,0.0,0.4,0.2,0.1,0.3,0.45195575
217,0.0,0.0,0.4,0.2,0.2,0.2,0.4477305
218,0.0,0.0,0.4,0.2,0.3,0.1,0.4443505
219,0.0,0.0,0.4,0.2,0.4,0.0,0.4425975
220,0.0,0.0,0.4,0.3,0.0,0.3,0.45047099999999995
221,0.0,0.0,0.4,0.3,0.1,0.2,0.45031025
222,0.0,0.0,0.4,0.3,0.2,0.1,0.44583624999999993
223,0.0,0.0,0.4,0.3,0.3,0.0,0.43880050000000004
224,0.0,0.0,0.4,0.4,0.0,0.2,0.45074974999999995
225,0.0,0.0,0.4,0.4,0.1,0.1,0.4521805
226,0.0,0.0,0.4,0.4,0.2,0.0,0.436996
227,0.0,0.0,0.4,0.5,0.0,0.1,0.44556799999999996
228,0.0,0.0,0.4,0.5,0.1,0.0,0.44495474999999995
229,0.0,0.0,0.4,0.6,0.0,0.0,0.44728666666666667
230,0.0,0.0,0.5,0.0,0.0,0.5,0.440536
231,0.0,0.0,0.5,0.0,0.1,0.4,0.44346699999999994
232,0.0,0.0,0.5,0.0,0.2,0.3,0.43559625
233,0.0,0.0,0.5,0.0,0.3,0.2,0.42027549999999997
234,0.0,0.0,0.5,0.0,0.4,0.1,0.41510925
235,0.0,0.0,0.5,0.0,0.5,0.0,0.41977349999999997
236,0.0,0.0,0.5,0.1,0.0,0.4,0.44302274999999997
237,0.0,0.0,0.5,0.1,0.1,0.3,0.44195249999999997
238,0.0,0.0,0.5,0.1,0.2,0.2,0.42952749999999995
239,0.0,0.0,0.5,0.1,0.3,0.1,0.42715449999999994
240,0.0,0.0,0.5,0.1,0.4,0.0,0.42963549999999995
241,0.0,0.0,0.5,0.2,0.0,0.3,0.45051074999999996
242,0.0,0.0,0.5,0.2,0.1,0.2,0.4440165
243,0.0,0.0,0.5,0.2,0.2,0.1,0.43545999999999996
244,0.0,0.0,0.5,0.2,0.3,0.0,0.43893574999999996
245,0.0,0.0,0.5,0.3,0.0,0.2,0.452994
246,0.0,0.0,0.5,0.3,0.1,0.1,0.45320974999999997
247,0.0,0.0,0.5,0.3,0.2,0.0,0.44014475
248,0.0,0.0,0.5,0.4,0.0,0.1,0.449124
249,0.0,0.0,0.5,0.4,0.1,0.0,0.44524725
250,0.0,0.0,0.5,0.5,0.0,0.0,0.4341075
251,0.0,0.0,0.6,0.0,0.0,0.4,0.44588599999999995
252,0.0,0.0,0.6,0.0,0.1,0.3,0.43126074999999997
253,0.0,0.0,0.6,0.0,0.2,0.2,0.432891
254,0.0,0.0,0.6,0.0,0.3,0.1,0.41574774999999997
255,0.0,0.0,0.6,0.0,0.4,0.0,0.42239475000000004
256,0.0,0.0,0.6,0.1,0.0,0.3,0.4447335
257,0.0,0.0,0.6,0.1,0.1,0.2,0.42989999999999995
258,0.0,0.0,0.6,0.1,0.2,0.1,0.42740724999999996
259,0.0,0.0,0.6,0.1,0.3,0.0,0.43208224999999995
260,0.0,0.0,0.6,0.2,0.0,0.2,0.4499645
261,0.0,0.0,0.6,0.2,0.1,0.1,0.44143999999999994
262,0.0,0.0,0.6,0.2,0.2,0.0,0.4295825
263,0.0,0.0,0.6,0.3,0.0,0.1,0.44325325
264,0.0,0.0,0.6,0.3,0.1,0.0,0.43927775
265,0.0,0.0,0.6,0.4,0.0,0.0,0.44475549999999997
266,0.0,0.0,0.7,0.0,0.0,0.3,0.42909575
267,0.0,0.0,0.7,0.0,0.1,0.2,0.427345
268,0.0,0.0,0.7,0.0,0.2,0.1,0.41664199999999996
269,0.0,0.0,0.7,0.0,0.3,0.0,0.41713975
270,0.0,0.0,0.7,0.1,0.0,0.2,0.43958899999999995
271,0.0,0.0,0.7,0.1,0.1,0.1,0.42610875000000004
272,0.0,0.0,0.7,0.1,0.2,0.0,0.43693424999999997
273,0.0,0.0,0.7,0.2,0.0,0.1,0.43766825
274,0.0,0.0,0.7,0.2,0.1,0.0,0.44113925
275,0.0,0.0,0.7,0.3,0.0,0.0,0.44339524999999996
276,0.0,0.0,0.8,0.0,0.0,0.2,0.4340895
277,0.0,0.0,0.8,0.0,0.1,0.1,0.428962
278,0.0,0.0,0.8,0.0,0.2,0.0,0.430775
279,0.0,0.0,0.8,0.1,0.0,0.1,0.42905774999999996
280,0.0,0.0,0.8,0.1,0.1,0.0,0.44088399999999994
281,0.0,0.0,0.8,0.2,0.0,0.0,0.44323175
282,0.0,0.0,0.9,0.0,0.0,0.1,0.4277795
283,0.0,0.0,0.9,0.0,0.1,0.0,0.431469
284,0.0,0.0,0.9,0.1,0.0,0.0,0.43848875
285,0.0,0.0,1.0,0.0,0.0,0.0,0.43449249999999995
286,0.0,0.1,0.0,0.0,0.0,0.9,0.46539275
287,0.0,0.1,0.0,0.0,0.1,0.8,0.494882
288,0.0,0.1,0.0,0.0,0.2,0.7,0.48124999999999996
289,0.0,0.1,0.0,0.0,0.3,0.6,0.51068925
290,0.0,0.1,0.0,0.0,0.4,0.5,0.47459425
291,0.0,0.1,0.0,0.0,0.5,0.4,0.4770295
292,0.0,0.1,0.0,0.0,0.6,0.3,0.446872
293,0.0,0.1,0.0,0.0,0.7,0.2,0.44782374999999996
294,0.0,0.1,0.0,0.0,0.8,0.1,0.45004124999999995
295,0.0,0.1,0.0,0.0,0.9,0.0,0.49533675
296,0.0,0.1,0.0,0.1,0.0,0.8,0.485227
297,0.0,0.1,0.0,0.1,0.1,0.7,0.49579275
298,0.0,0.1,0.0,0.1,0.2,0.6,0.49719925
299,0.0,0.1,0.0,0.1,0.3,0.5,0.505705
300,0.0,0.1,0.0,0.1,0.4,0.4,0.5024497499999999
301,0.0,0.1,0.0,0.1,0.5,0.3,0.495127
302,0.0,0.1,0.0,0.1,0.6,0.2,0.48970525
303,0.0,0.1,0.0,0.1,0.7,0.1,0.47349275
304,0.0,0.1,0.0,0.1,0.8,0.0,0.48596725
305,0.0,0.1,0.0,0.2,0.0,0.7,0.49191125
306,0.0,0.1,0.0,0.2,0.1,0.6,0.52778775
307,0.0,0.1,0.0,0.2,0.2,0.5,0.51246475
308,0.0,0.1,0.0,0.2,0.3,0.4,0.50975775
309,0.0,0.1,0.0,0.2,0.4,0.3,0.5082705000000001
310,0.0,0.1,0.0,0.2,0.5,0.2,0.4885845
311,0.0,0.1,0.0,0.2,0.6,0.1,0.47256124999999993
312,0.0,0.1,0.0,0.2,0.7,0.0,0.49063
313,0.0,0.1,0.0,0.3,0.0,0.6,0.5442702500000001
314,0.0,0.1,0.0,0.3,0.1,0.5,0.52201825
315,0.0,0.1,0.0,0.3,0.2,0.4,0.50503125
316,0.0,0.1,0.0,0.3,0.3,0.3,0.5246372499999999
317,0.0,0.1,0.0,0.3,0.4,0.2,0.524644
318,0.0,0.1,0.0,0.3,0.5,0.1,0.5244409999999999
319,0.0,0.1,0.0,0.3,0.6,0.0,0.5022344999999999
320,0.0,0.1,0.0,0.4,0.0,0.5,0.517378
321,0.0,0.1,0.0,0.4,0.1,0.4,0.554118
322,0.0,0.1,0.0,0.4,0.2,0.3,0.52741975
323,0.0,0.1,0.0,0.4,0.3,0.2,0.5391025
324,0.0,0.1,0.0,0.4,0.4,0.1,0.52441775
325,0.0,0.1,0.0,0.4,0.5,0.0,0.4941965
326,0.0,0.1,0.0,0.5,0.0,0.4,0.51615325
327,0.0,0.1,0.0,0.5,0.1,0.3,0.516531
328,0.0,0.1,0.0,0.5,0.2,0.2,0.54507375
329,0.0,0.1,0.0,0.5,0.3,0.1,0.51083
330,0.0,0.1,0.0,0.5,0.4,0.0,0.523708
331,0.0,0.1,0.0,0.6,0.0,0.3,0.526473
332,0.0,0.1,0.0,0.6,0.1,0.2,0.52802125
333,0.0,0.1,0.0,0.6,0.2,0.1,0.503429
334,0.0,0.1,0.0,0.6,0.3,0.0,0.525968
335,0.0,0.1,0.0,0.7,0.0,0.2,0.53111375
336,0.0,0.1,0.0,0.7,0.1,0.1,0.531372
337,0.0,0.1,0.0,0.7,0.2,0.0,0.51702725
338,0.0,0.1,0.0,0.8,0.0,0.1,0.51499675
339,0.0,0.1,0.0,0.8,0.1,0.0,0.54395875
340,0.0,0.1,0.0,0.9,0.0,0.0,0.53916025
341,0.0,0.1,0.1,0.0,0.0,0.8,0.454908
342,0.0,0.1,0.1,0.0,0.1,0.7,0.46145549999999996
343,0.0,0.1,0.1,0.0,0.2,0.6,0.47086125
344,0.0,0.1,0.1,0.0,0.3,0.5,0.47188649999999993
345,0.0,0.1,0.1,0.0,0.4,0.4,0.4618655
346,0.0,0.1,0.1,0.0,0.5,0.3,0.42984424999999993
347,0.0,0.1,0.1,0.0,0.6,0.2,0.41891999999999996
348,0.0,0.1,0.1,0.0,0.7,0.1,0.41617
349,0.0,0.1,0.1,0.0,0.8,0.0,0.447522
350,0.0,0.1,0.1,0.1,0.0,0.7,0.47977224999999996
351,0.0,0.1,0.1,0.1,0.7,0.0,0.45122375
352,0.0,0.1,0.1,0.2,0.0,0.6,0.48307374999999997
353,0.0,0.1,0.1,0.2,0.6,0.0,0.45989525
354,0.0,0.1,0.1,0.3,0.0,0.5,0.47671149999999995
355,0.0,0.1,0.1,0.3,0.5,0.0,0.463999
356,0.0,0.1,0.1,0.4,0.0,0.4,0.47215324999999997
357,0.0,0.1,0.1,0.4,0.4,0.0,0.45420225
358,0.0,0.1,0.1,0.5,0.0,0.3,0.46672
359,0.0,0.1,0.1,0.5,0.3,0.0,0.46741174999999996
360,0.0,0.1,0.1,0.6,0.0,0.2,0.4831235
361,0.0,0.1,0.1,0.6,0.2,0.0,0.453609
362,0.0,0.1,0.1,0.7,0.0,0.1,0.455615
363,0.0,0.1,0.1,0.7,0.1,0.0,0.44558424999999996
364,0.0,0.1,0.1,0.8,0.0,0.0,0.46155825
365,0.0,0.1,0.2,0.0,0.0,0.7,0.4504475
366,0.0,0.1,0.2,0.0,0.1,0.6,0.45651025
367,0.0,0.1,0.2,0.0,0.2,0.5,0.46938749999999996
368,0.0,0.1,0.2,0.0,0.3,0.4,0.4511485
369,0.0,0.1,0.2,0.0,0.4,0.3,0.42901124999999996
370,0.0,0.1,0.2,0.0,0.5,0.2,0.40821925
371,0.0,0.1,0.2,0.0,0.6,0.1,0.408366
372,0.0,0.1,0.2,0.0,0.7,0.0,0.41547724999999996
373,0.0,0.1,0.2,0.1,0.0,0.6,0.463731
374,0.0,0.1,0.2,0.1,0.6,0.0,0.43393299999999996
375,0.0,0.1,0.2,0.2,0.0,0.5,0.47321799999999997
376,0.0,0.1,0.2,0.2,0.5,0.0,0.44361825
377,0.0,0.1,0.2,0.3,0.0,0.4,0.47679199999999994
378,0.0,0.1,0.2,0.3,0.4,0.0,0.449673
379,0.0,0.1,0.2,0.4,0.0,0.3,0.46226924999999996
380,0.0,0.1,0.2,0.4,0.3,0.0,0.44373375
381,0.0,0.1,0.2,0.5,0.0,0.2,0.469591
382,0.0,0.1,0.2,0.5,0.2,0.0,0.45197475
383,0.0,0.1,0.2,0.6,0.0,0.1,0.44695375
384,0.0,0.1,0.2,0.6,0.1,0.0,0.4468155
385,0.0,0.1,0.2,0.7,0.0,0.0,0.44602075
386,0.0,0.1,0.3,0.0,0.0,0.6,0.43839174999999997
387,0.0,0.1,0.3,0.0,0.1,0.5,0.4518485
388,0.0,0.1,0.3,0.0,0.2,0.4,0.44915099999999997
389,0.0,0.1,0.3,0.0,0.3,0.3,0.43231224999999995
390,0.0,0.1,0.3,0.0,0.4,0.2,0.41799525
391,0.0,0.1,0.3,0.0,0.5,0.1,0.40354199999999996
392,0.0,0.1,0.3,0.0,0.6,0.0,0.4134245
393,0.0,0.1,0.3,0.1,0.0,0.5,0.45987049999999996
394,0.0,0.1,0.3,0.1,0.5,0.0,0.43601524999999997
395,0.0,0.1,0.3,0.2,0.0,0.4,0.46404475
396,0.0,0.1,0.3,0.2,0.4,0.0,0.44372274999999994
397,0.0,0.1,0.3,0.3,0.0,0.3,0.46251875
398,0.0,0.1,0.3,0.3,0.3,0.0,0.4403735
399,0.0,0.1,0.3,0.4,0.0,0.2,0.4620835
400,0.0,0.1,0.3,0.4,0.2,0.0,0.44254849999999996
401,0.0,0.1,0.3,0.5,0.0,0.1,0.4541172499999999
402,0.0,0.1,0.3,0.5,0.1,0.0,0.43424324999999997
403,0.0,0.1,0.3,0.6,0.0,0.0,0.4407415
404,0.0,0.1,0.4,0.0,0.0,0.5,0.43337
405,0.0,0.1,0.4,0.0,0.1,0.4,0.44017999999999996
406,0.0,0.1,0.4,0.0,0.2,0.3,0.435098
407,0.0,0.1,0.4,0.0,0.3,0.2,0.413601
408,0.0,0.1,0.4,0.0,0.4,0.1,0.41937074999999996
409,0.0,0.1,0.4,0.0,0.5,0.0,0.41661899999999996
410,0.0,0.1,0.4,0.1,0.0,0.4,0.45277275
411,0.0,0.1,0.4,0.1,0.4,0.0,0.42630875
412,0.0,0.1,0.4,0.2,0.0,0.3,0.45208275
413,0.0,0.1,0.4,0.2,0.3,0.0,0.43956524999999996
414,0.0,0.1,0.4,0.3,0.0,0.2,0.45680899999999997
415,0.0,0.1,0.4,0.3,0.2,0.0,0.44294100000000003
416,0.0,0.1,0.4,0.4,0.0,0.1,0.44078599999999996
417,0.0,0.1,0.4,0.4,0.1,0.0,0.43667875
418,0.0,0.1,0.4,0.5,0.0,0.0,0.43330375
419,0.0,0.1,0.5,0.0,0.0,0.4,0.4330705
420,0.0,0.1,0.5,0.0,0.1,0.3,0.4298765
421,0.0,0.1,0.5,0.0,0.2,0.2,0.423967
422,0.0,0.1,0.5,0.0,0.3,0.1,0.413606
423,0.0,0.1,0.5,0.0,0.4,0.0,0.41533099999999995
424,0.0,0.1,0.5,0.1,0.0,0.3,0.44269674999999997
425,0.0,0.1,0.5,0.1,0.3,0.0,0.43272574999999996
426,0.0,0.1,0.5,0.2,0.0,0.2,0.44913299999999995
427,0.0,0.1,0.5,0.2,0.2,0.0,0.443635
428,0.0,0.1,0.5,0.3,0.0,0.1,0.43841675
429,0.0,0.1,0.5,0.3,0.1,0.0,0.44019674999999997
430,0.0,0.1,0.5,0.4,0.0,0.0,0.438841
431,0.0,0.1,0.6,0.0,0.0,0.3,0.43163074999999995
432,0.0,0.1,0.6,0.0,0.1,0.2,0.42826375
433,0.0,0.1,0.6,0.0,0.2,0.1,0.4181835
434,0.0,0.1,0.6,0.0,0.3,0.0,0.41434025
435,0.0,0.1,0.6,0.1,0.0,0.2,0.430023
436,0.0,0.1,0.6,0.1,0.2,0.0,0.43190649999999997
437,0.0,0.1,0.6,0.2,0.0,0.1,0.43693925
438,0.0,0.1,0.6,0.2,0.1,0.0,0.429546
439,0.0,0.1,0.6,0.3,0.0,0.0,0.43229724999999997
440,0.0,0.1,0.7,0.0,0.0,0.2,0.43422249999999996
441,0.0,0.1,0.7,0.0,0.1,0.1,0.41739099999999996
442,0.0,0.1,0.7,0.0,0.2,0.0,0.423041
443,0.0,0.1,0.7,0.1,0.0,0.1,0.425699
444,0.0,0.1,0.7,0.1,0.1,0.0,0.43276174999999995
445,0.0,0.1,0.7,0.2,0.0,0.0,0.4336605
446,0.0,0.1,0.8,0.0,0.0,0.1,0.42091875
447,0.0,0.1,0.8,0.0,0.1,0.0,0.43094449999999995
448,0.0,0.1,0.8,0.1,0.0,0.0,0.43482624999999997
449,0.0,0.1,0.9,0.0,0.0,0.0,0.42583224999999997
450,0.0,0.2,0.0,0.0,0.0,0.8,0.456915
451,0.0,0.2,0.0,0.0,0.1,0.7,0.47566549999999996
452,0.0,0.2,0.0,0.0,0.2,0.6,0.47531699999999993
453,0.0,0.2,0.0,0.0,0.3,0.5,0.45433025
454,0.0,0.2,0.0,0.0,0.4,0.4,0.46590774999999995
455,0.0,0.2,0.0,0.0,0.5,0.3,0.464526
456,0.0,0.2,0.0,0.0,0.6,0.2,0.4391715
457,0.0,0.2,0.0,0.0,0.7,0.1,0.45053199999999993
458,0.0,0.2,0.0,0.0,0.8,0.0,0.44862525
459,0.0,0.2,0.0,0.1,0.0,0.7,0.47727749999999997
460,0.0,0.2,0.0,0.1,0.1,0.6,0.477981
461,0.0,0.2,0.0,0.1,0.2,0.5,0.49974399999999997
462,0.0,0.2,0.0,0.1,0.3,0.4,0.49370274999999997
463,0.0,0.2,0.0,0.1,0.4,0.3,0.47201675
464,0.0,0.2,0.0,0.1,0.5,0.2,0.48374249999999996
465,0.0,0.2,0.0,0.1,0.6,0.1,0.49087875000000003
466,0.0,0.2,0.0,0.1,0.7,0.0,0.47931749999999995
467,0.0,0.2,0.0,0.2,0.0,0.6,0.48664874999999996
468,0.0,0.2,0.0,0.2,0.1,0.5,0.49924650000000004
469,0.0,0.2,0.0,0.2,0.2,0.4,0.49767425
470,0.0,0.2,0.0,0.2,0.3,0.3,0.5124424999999999
471,0.0,0.2,0.0,0.2,0.4,0.2,0.49511649999999996
472,0.0,0.2,0.0,0.2,0.5,0.1,0.49912325
473,0.0,0.2,0.0,0.2,0.6,0.0,0.48343624999999996
474,0.0,0.2,0.0,0.3,0.0,0.5,0.5185172499999999
475,0.0,0.2,0.0,0.3,0.1,0.4,0.5078525
476,0.0,0.2,0.0,0.3,0.2,0.3,0.511944
477,0.0,0.2,0.0,0.3,0.3,0.2,0.4952795
478,0.0,0.2,0.0,0.3,0.4,0.1,0.48378049999999995
479,0.0,0.2,0.0,0.3,0.5,0.0,0.5235255
480,0.0,0.2,0.0,0.4,0.0,0.4,0.51025225
481,0.0,0.2,0.0,0.4,0.1,0.3,0.5130535
482,0.0,0.2,0.0,0.4,0.2,0.2,0.5085232500000001
483,0.0,0.2,0.0,0.4,0.3,0.1,0.5056284999999999
484,0.0,0.2,0.0,0.4,0.4,0.0,0.49977825
485,0.0,0.2,0.0,0.5,0.0,0.3,0.49821150000000003
486,0.0,0.2,0.0,0.5,0.1,0.2,0.49793524999999994
487,0.0,0.2,0.0,0.5,0.2,0.1,0.5107165
488,0.0,0.2,0.0,0.5,0.3,0.0,0.5379419999999999
489,0.0,0.2,0.0,0.6,0.0,0.2,0.51777175
490,0.0,0.2,0.0,0.6,0.1,0.1,0.5032455
491,0.0,0.2,0.0,0.6,0.2,0.0,0.5179485
492,0.0,0.2,0.0,0.7,0.0,0.1,0.52565225
493,0.0,0.2,0.0,0.7,0.1,0.0,0.515465
494,0.0,0.2,0.0,0.8,0.0,0.0,0.5330349999999999
495,0.0,0.2,0.1,0.0,0.0,0.7,0.45604849999999997
496,0.0,0.2,0.1,0.0,0.1,0.6,0.4572095
497,0.0,0.2,0.1,0.0,0.2,0.5,0.4433754999999999
498,0.0,0.2,0.1,0.0,0.3,0.4,0.44161374999999997
499,0.0,0.2,0.1,0.0,0.4,0.3,0.42440500000000003
500,0.0,0.2,0.1,0.0,0.5,0.2,0.416831
501,0.0,0.2,0.1,0.0,0.6,0.1,0.4251495
502,0.0,0.2,0.1,0.0,0.7,0.0,0.428593
503,0.0,0.2,0.1,0.1,0.0,0.6,0.4730415
504,0.0,0.2,0.1,0.1,0.6,0.0,0.44747599999999993
505,0.0,0.2,0.1,0.2,0.0,0.5,0.468761
506,0.0,0.2,0.1,0.2,0.5,0.0,0.4535265
507,0.0,0.2,0.1,0.3,0.0,0.4,0.48127699999999995
508,0.0,0.2,0.1,0.3,0.4,0.0,0.45838975
509,0.0,0.2,0.1,0.4,0.0,0.3,0.47060499999999994
510,0.0,0.2,0.1,0.4,0.3,0.0,0.456099
511,0.0,0.2,0.1,0.5,0.0,0.2,0.47383175
512,0.0,0.2,0.1,0.5,0.2,0.0,0.46490875
513,0.0,0.2,0.1,0.6,0.0,0.1,0.45624600000000004
514,0.0,0.2,0.1,0.6,0.1,0.0,0.46588374999999993
515,0.0,0.2,0.1,0.7,0.0,0.0,0.47200025
516,0.0,0.2,0.2,0.0,0.0,0.6,0.44659475
517,0.0,0.2,0.2,0.0,0.1,0.5,0.44624525
518,0.0,0.2,0.2,0.0,0.2,0.4,0.44312825
519,0.0,0.2,0.2,0.0,0.3,0.3,0.42252175
520,0.0,0.2,0.2,0.0,0.4,0.2,0.4085735
521,0.0,0.2,0.2,0.0,0.5,0.1,0.40410025
522,0.0,0.2,0.2,0.0,0.6,0.0,0.43098525
523,0.0,0.2,0.2,0.1,0.0,0.5,0.46349450000000003
524,0.0,0.2,0.2,0.1,0.5,0.0,0.44052399999999997
525,0.0,0.2,0.2,0.2,0.0,0.4,0.45931174999999996
526,0.0,0.2,0.2,0.2,0.4,0.0,0.43722275
527,0.0,0.2,0.2,0.3,0.0,0.3,0.46045824999999996
528,0.0,0.2,0.2,0.3,0.3,0.0,0.4560935
529,0.0,0.2,0.2,0.4,0.0,0.2,0.46281324999999995
530,0.0,0.2,0.2,0.4,0.2,0.0,0.45807899999999996
531,0.0,0.2,0.2,0.5,0.0,0.1,0.4498495
532,0.0,0.2,0.2,0.5,0.1,0.0,0.45352675
533,0.0,0.2,0.2,0.6,0.0,0.0,0.46422624999999995
534,0.0,0.2,0.3,0.0,0.0,0.5,0.44237175
535,0.0,0.2,0.3,0.0,0.1,0.4,0.44180699999999995
536,0.0,0.2,0.3,0.0,0.2,0.3,0.43416075
537,0.0,0.2,0.3,0.0,0.3,0.2,0.41398199999999996
538,0.0,0.2,0.3,0.0,0.4,0.1,0.4082825
539,0.0,0.2,0.3,0.0,0.5,0.0,0.41949725
540,0.0,0.2,0.3,0.1,0.0,0.4,0.44320475
541,0.0,0.2,0.3,0.1,0.4,0.0,0.42998825
542,0.0,0.2,0.3,0.2,0.0,0.3,0.4597815
543,0.0,0.2,0.3,0.2,0.3,0.0,0.43503274999999997
544,0.0,0.2,0.3,0.3,0.0,0.2,0.45478274999999996
545,0.0,0.2,0.3,0.3,0.2,0.0,0.43989349999999994
546,0.0,0.2,0.3,0.4,0.0,0.1,0.45176625
547,0.0,0.2,0.3,0.4,0.1,0.0,0.43846425
548,0.0,0.2,0.3,0.5,0.0,0.0,0.44327675
549,0.0,0.2,0.4,0.0,0.0,0.4,0.42387424999999995
550,0.0,0.2,0.4,0.0,0.1,0.3,0.434654
551,0.0,0.2,0.4,0.0,0.2,0.2,0.421998
552,0.0,0.2,0.4,0.0,0.3,0.1,0.4053385
553,0.0,0.2,0.4,0.0,0.4,0.0,0.41735174999999997
554,0.0,0.2,0.4,0.1,0.0,0.3,0.43826125
555,0.0,0.2,0.4,0.1,0.3,0.0,0.4392432499999999
556,0.0,0.2,0.4,0.2,0.0,0.2,0.4478895
557,0.0,0.2,0.4,0.2,0.2,0.0,0.4394864999999999
558,0.0,0.2,0.4,0.3,0.0,0.1,0.4435525
559,0.0,0.2,0.4,0.3,0.1,0.0,0.44027849999999996
560,0.0,0.2,0.4,0.4,0.0,0.0,0.44625974999999996
561,0.0,0.2,0.5,0.0,0.0,0.3,0.42333449999999995
562,0.0,0.2,0.5,0.0,0.1,0.2,0.41978275
563,0.0,0.2,0.5,0.0,0.2,0.1,0.4115985
564,0.0,0.2,0.5,0.0,0.3,0.0,0.4200405
565,0.0,0.2,0.5,0.1,0.0,0.2,0.42907474999999995
566,0.0,0.2,0.5,0.1,0.2,0.0,0.43565349999999997
567,0.0,0.2,0.5,0.2,0.0,0.1,0.44021875
568,0.0,0.2,0.5,0.2,0.1,0.0,0.439126
569,0.0,0.2,0.5,0.3,0.0,0.0,0.4395089999999999
570,0.0,0.2,0.6,0.0,0.0,0.2,0.42013424999999993
571,0.0,0.2,0.6,0.0,0.1,0.1,0.41599824999999996
572,0.0,0.2,0.6,0.0,0.2,0.0,0.42040774999999997
573,0.0,0.2,0.6,0.1,0.0,0.1,0.42735475
574,0.0,0.2,0.6,0.1,0.1,0.0,0.43507525
575,0.0,0.2,0.6,0.2,0.0,0.0,0.43832150000000003
576,0.0,0.2,0.7,0.0,0.0,0.1,0.41041175
577,0.0,0.2,0.7,0.0,0.1,0.0,0.419548
578,0.0,0.2,0.7,0.1,0.0,0.0,0.43575624999999996
579,0.0,0.2,0.8,0.0,0.0,0.0,0.4316425
580,0.0,0.3,0.0,0.0,0.0,0.7,0.46444199999999997
581,0.0,0.3,0.0,0.0,0.1,0.6,0.45180575
582,0.0,0.3,0.0,0.0,0.2,0.5,0.45988799999999996
583,0.0,0.3,0.0,0.0,0.3,0.4,0.45311424999999994
584,0.0,0.3,0.0,0.0,0.4,0.3,0.45233599999999996
585,0.0,0.3,0.0,0.0,0.5,0.2,0.447144
586,0.0,0.3,0.0,0.0,0.6,0.1,0.45822999999999997
587,0.0,0.3,0.0,0.0,0.7,0.0,0.46065424999999993
588,0.0,0.3,0.0,0.1,0.0,0.6,0.4867335
589,0.0,0.3,0.0,0.1,0.1,0.5,0.48038949999999997
590,0.0,0.3,0.0,0.1,0.2,0.4,0.483907
591,0.0,0.3,0.0,0.1,0.3,0.3,0.47475274999999995
592,0.0,0.3,0.0,0.1,0.4,0.2,0.4769015
593,0.0,0.3,0.0,0.1,0.5,0.1,0.47054124999999997
594,0.0,0.3,0.0,0.1,0.6,0.0,0.47048749999999995
595,0.0,0.3,0.0,0.2,0.0,0.5,0.48930724999999997
596,0.0,0.3,0.0,0.2,0.1,0.4,0.50132375
597,0.0,0.3,0.0,0.2,0.2,0.3,0.48700575
598,0.0,0.3,0.0,0.2,0.3,0.2,0.47775575000000003
599,0.0,0.3,0.0,0.2,0.4,0.1,0.49402825
600,0.0,0.3,0.0,0.2,0.5,0.0,0.48804299999999995
601,0.0,0.3,0.0,0.3,0.0,0.4,0.50127575
602,0.0,0.3,0.0,0.3,0.1,0.3,0.508945
603,0.0,0.3,0.0,0.3,0.2,0.2,0.49496575
604,0.0,0.3,0.0,0.3,0.3,0.1,0.505566
605,0.0,0.3,0.0,0.3,0.4,0.0,0.50301575
606,0.0,0.3,0.0,0.4,0.0,0.3,0.4995055
607,0.0,0.3,0.0,0.4,0.1,0.2,0.5246325
608,0.0,0.3,0.0,0.4,0.2,0.1,0.49925549999999996
609,0.0,0.3,0.0,0.4,0.3,0.0,0.5110297500000001
610,0.0,0.3,0.0,0.5,0.0,0.2,0.508974
611,0.0,0.3,0.0,0.5,0.1,0.1,0.5311905
612,0.0,0.3,0.0,0.5,0.2,0.0,0.523927
613,0.0,0.3,0.0,0.6,0.0,0.1,0.54017525
614,0.0,0.3,0.0,0.6,0.1,0.0,0.52685125
615,0.0,0.3,0.0,0.7,0.0,0.0,0.55331975
616,0.0,0.3,0.1,0.0,0.0,0.6,0.45765075
617,0.0,0.3,0.1,0.0,0.1,0.5,0.445845
618,0.0,0.3,0.1,0.0,0.2,0.4,0.44726024999999997
619,0.0,0.3,0.1,0.0,0.3,0.3,0.42234725
620,0.0,0.3,0.1,0.0,0.4,0.2,0.42145925
621,0.0,0.3,0.1,0.0,0.5,0.1,0.425002
622,0.0,0.3,0.1,0.0,0.6,0.0,0.43203749999999996
623,0.0,0.3,0.1,0.1,0.0,0.5,0.4661915
624,0.0,0.3,0.1,0.1,0.5,0.0,0.4598345
625,0.0,0.3,0.1,0.2,0.0,0.4,0.4716935
626,0.0,0.3,0.1,0.2,0.4,0.0,0.46286524999999995
627,0.0,0.3,0.1,0.3,0.0,0.3,0.4742055
628,0.0,0.3,0.1,0.3,0.3,0.0,0.47238699999999995
629,0.0,0.3,0.1,0.4,0.0,0.2,0.4702815
630,0.0,0.3,0.1,0.4,0.2,0.0,0.47924775
631,0.0,0.3,0.1,0.5,0.0,0.1,0.4610905
632,0.0,0.3,0.1,0.5,0.1,0.0,0.45950575
633,0.0,0.3,0.1,0.6,0.0,0.0,0.46271474999999995
634,0.0,0.3,0.2,0.0,0.0,0.5,0.4461689999999999
635,0.0,0.3,0.2,0.0,0.1,0.4,0.43167075
636,0.0,0.3,0.2,0.0,0.2,0.3,0.4267445
637,0.0,0.3,0.2,0.0,0.3,0.2,0.41414199999999995
638,0.0,0.3,0.2,0.0,0.4,0.1,0.41302674999999994
639,0.0,0.3,0.2,0.0,0.5,0.0,0.42083099999999996
640,0.0,0.3,0.2,0.1,0.0,0.4,0.45167499999999994
641,0.0,0.3,0.2,0.1,0.4,0.0,0.43790124999999996
642,0.0,0.3,0.2,0.2,0.0,0.3,0.45174875
643,0.0,0.3,0.2,0.2,0.3,0.0,0.4410685
644,0.0,0.3,0.2,0.3,0.0,0.2,0.44896525
645,0.0,0.3,0.2,0.3,0.2,0.0,0.44419749999999997
646,0.0,0.3,0.2,0.4,0.0,0.1,0.456236
647,0.0,0.3,0.2,0.4,0.1,0.0,0.45827724999999997
648,0.0,0.3,0.2,0.5,0.0,0.0,0.4558965
649,0.0,0.3,0.3,0.0,0.0,0.4,0.42965249999999994
650,0.0,0.3,0.3,0.0,0.1,0.3,0.4245155
651,0.0,0.3,0.3,0.0,0.2,0.2,0.41670474999999996
652,0.0,0.3,0.3,0.0,0.3,0.1,0.41155200000000003
653,0.0,0.3,0.3,0.0,0.4,0.0,0.4275072499999999
654,0.0,0.3,0.3,0.1,0.0,0.3,0.4432897499999999
655,0.0,0.3,0.3,0.1,0.3,0.0,0.4318975
656,0.0,0.3,0.3,0.2,0.0,0.2,0.44774299999999995
657,0.0,0.3,0.3,0.2,0.2,0.0,0.43275349999999996
658,0.0,0.3,0.3,0.3,0.0,0.1,0.439317
659,0.0,0.3,0.3,0.3,0.1,0.0,0.44307325
660,0.0,0.3,0.3,0.4,0.0,0.0,0.44960449999999996
661,0.0,0.3,0.4,0.0,0.0,0.3,0.42226474999999997
662,0.0,0.3,0.4,0.0,0.1,0.2,0.41590325
663,0.0,0.3,0.4,0.0,0.2,0.1,0.42169425
664,0.0,0.3,0.4,0.0,0.3,0.0,0.4233575
665,0.0,0.3,0.4,0.1,0.0,0.2,0.435744
666,0.0,0.3,0.4,0.1,0.2,0.0,0.4371105
667,0.0,0.3,0.4,0.2,0.0,0.1,0.43481074999999997
668,0.0,0.3,0.4,0.2,0.1,0.0,0.44570524999999994
669,0.0,0.3,0.4,0.3,0.0,0.0,0.4369955
670,0.0,0.3,0.5,0.0,0.0,0.2,0.41872624999999997
671,0.0,0.3,0.5,0.0,0.1,0.1,0.41917825
672,0.0,0.3,0.5,0.0,0.2,0.0,0.41312375
673,0.0,0.3,0.5,0.1,0.0,0.1,0.43072975
674,0.0,0.3,0.5,0.1,0.1,0.0,0.42579925
675,0.0,0.3,0.5,0.2,0.0,0.0,0.44312149999999995
676,0.0,0.3,0.6,0.0,0.0,0.1,0.41289999999999993
677,0.0,0.3,0.6,0.0,0.1,0.0,0.4296155
678,0.0,0.3,0.6,0.1,0.0,0.0,0.43205725
679,0.0,0.3,0.7,0.0,0.0,0.0,0.4228455
680,0.0,0.4,0.0,0.0,0.0,0.6,0.453774
681,0.0,0.4,0.0,0.0,0.1,0.5,0.46872549999999996
682,0.0,0.4,0.0,0.0,0.2,0.4,0.47066674999999997
683,0.0,0.4,0.0,0.0,0.3,0.3,0.46238025
684,0.0,0.4,0.0,0.0,0.4,0.2,0.46069799999999994
685,0.0,0.4,0.0,0.0,0.5,0.1,0.44631375
686,0.0,0.4,0.0,0.0,0.6,0.0,0.44407175
687,0.0,0.4,0.0,0.1,0.0,0.5,0.4709682499999999
688,0.0,0.4,0.0,0.1,0.1,0.4,0.4748385
689,0.0,0.4,0.0,0.1,0.2,0.3,0.46947825
690,0.0,0.4,0.0,0.1,0.3,0.2,0.46237524999999996
691,0.0,0.4,0.0,0.1,0.4,0.1,0.4746145
692,0.0,0.4,0.0,0.1,0.5,0.0,0.471273
693,0.0,0.4,0.0,0.2,0.0,0.4,0.49522875
694,0.0,0.4,0.0,0.2,0.1,0.3,0.48040649999999996
695,0.0,0.4,0.0,0.2,0.2,0.2,0.47961025
696,0.0,0.4,0.0,0.2,0.3,0.1,0.5009935
697,0.0,0.4,0.0,0.2,0.4,0.0,0.47536075
698,0.0,0.4,0.0,0.3,0.0,0.3,0.4763885
699,0.0,0.4,0.0,0.3,0.1,0.2,0.49355974999999996
700,0.0,0.4,0.0,0.3,0.2,0.1,0.49043975
701,0.0,0.4,0.0,0.3,0.3,0.0,0.49015149999999996
702,0.0,0.4,0.0,0.4,0.0,0.2,0.500715
703,0.0,0.4,0.0,0.4,0.1,0.1,0.489715
704,0.0,0.4,0.0,0.4,0.2,0.0,0.5179082500000001
705,0.0,0.4,0.0,0.5,0.0,0.1,0.4901945
706,0.0,0.4,0.0,0.5,0.1,0.0,0.503174
707,0.0,0.4,0.0,0.6,0.0,0.0,0.49088049999999994
708,0.0,0.4,0.1,0.0,0.0,0.5,0.44806824999999995
709,0.0,0.4,0.1,0.0,0.1,0.4,0.439384
710,0.0,0.4,0.1,0.0,0.2,0.3,0.42492824999999995
711,0.0,0.4,0.1,0.0,0.3,0.2,0.4266575
712,0.0,0.4,0.1,0.0,0.4,0.1,0.42201575
713,0.0,0.4,0.1,0.0,0.5,0.0,0.43108
714,0.0,0.4,0.1,0.1,0.0,0.4,0.463712
715,0.0,0.4,0.1,0.1,0.4,0.0,0.44766525
716,0.0,0.4,0.1,0.2,0.0,0.3,0.46324224999999997
717,0.0,0.4,0.1,0.2,0.3,0.0,0.4633265
718,0.0,0.4,0.1,0.3,0.0,0.2,0.45658774999999996
719,0.0,0.4,0.1,0.3,0.2,0.0,0.467912
720,0.0,0.4,0.1,0.4,0.0,0.1,0.45711999999999997
721,0.0,0.4,0.1,0.4,0.1,0.0,0.47183675
722,0.0,0.4,0.1,0.5,0.0,0.0,0.47720925
723,0.0,0.4,0.2,0.0,0.0,0.4,0.44510049999999995
724,0.0,0.4,0.2,0.0,0.1,0.3,0.43501599999999996
725,0.0,0.4,0.2,0.0,0.2,0.2,0.47415925000000003
726,0.0,0.4,0.2,0.0,0.3,0.1,0.4100585
727,0.0,0.4,0.2,0.0,0.4,0.0,0.42214574999999993
728,0.0,0.4,0.2,0.1,0.0,0.3,0.44476075
729,0.0,0.4,0.2,0.1,0.3,0.0,0.43936875
730,0.0,0.4,0.2,0.2,0.0,0.2,0.450154
731,0.0,0.4,0.2,0.2,0.2,0.0,0.4450212499999999
732,0.0,0.4,0.2,0.3,0.0,0.1,0.45107149999999996
733,0.0,0.4,0.2,0.3,0.1,0.0,0.44893275
734,0.0,0.4,0.2,0.4,0.0,0.0,0.46082275
735,0.0,0.4,0.3,0.0,0.0,0.3,0.44086424999999996
736,0.0,0.4,0.3,0.0,0.1,0.2,0.42017224999999997
737,0.0,0.4,0.3,0.0,0.2,0.1,0.4130695
738,0.0,0.4,0.3,0.0,0.3,0.0,0.42186199999999996
739,0.0,0.4,0.3,0.1,0.0,0.2,0.44049499999999997
740,0.0,0.4,0.3,0.1,0.2,0.0,0.4343885
741,0.0,0.4,0.3,0.2,0.0,0.1,0.4433425
742,0.0,0.4,0.3,0.2,0.1,0.0,0.4342185
743,0.0,0.4,0.3,0.3,0.0,0.0,0.44646725
744,0.0,0.4,0.4,0.0,0.0,0.2,0.433068
745,0.0,0.4,0.4,0.0,0.1,0.1,0.42522575
746,0.0,0.4,0.4,0.0,0.2,0.0,0.42766874999999993
747,0.0,0.4,0.4,0.1,0.0,0.1,0.433353
748,0.0,0.4,0.4,0.1,0.1,0.0,0.4333915
749,0.0,0.4,0.4,0.2,0.0,0.0,0.44317175
750,0.0,0.4,0.5,0.0,0.0,0.1,0.4181465
751,0.0,0.4,0.5,0.0,0.1,0.0,0.4253065
752,0.0,0.4,0.5,0.1,0.0,0.0,0.433645
753,0.0,0.4,0.6,0.0,0.0,0.0,0.42391049999999997
754,0.0,0.5,0.0,0.0,0.0,0.5,0.4569875
755,0.0,0.5,0.0,0.0,0.1,0.4,0.4493424999999999
756,0.0,0.5,0.0,0.0,0.2,0.3,0.46140125
757,0.0,0.5,0.0,0.0,0.3,0.2,0.44360225
758,0.0,0.5,0.0,0.0,0.4,0.1,0.44786525
759,0.0,0.5,0.0,0.0,0.5,0.0,0.46134725
760,0.0,0.5,0.0,0.1,0.0,0.4,0.47168575
761,0.0,0.5,0.0,0.1,0.1,0.3,0.470265
762,0.0,0.5,0.0,0.1,0.2,0.2,0.46969175
763,0.0,0.5,0.0,0.1,0.3,0.1,0.486592
764,0.0,0.5,0.0,0.1,0.4,0.0,0.4788485
765,0.0,0.5,0.0,0.2,0.0,0.3,0.47953975
766,0.0,0.5,0.0,0.2,0.1,0.2,0.492838
767,0.0,0.5,0.0,0.2,0.2,0.1,0.48095875
768,0.0,0.5,0.0,0.2,0.3,0.0,0.49736925
769,0.0,0.5,0.0,0.3,0.0,0.2,0.48138824999999996
770,0.0,0.5,0.0,0.3,0.1,0.1,0.48813550000000006
771,0.0,0.5,0.0,0.3,0.2,0.0,0.4839995
772,0.0,0.5,0.0,0.4,0.0,0.1,0.48560424999999996
773,0.0,0.5,0.0,0.4,0.1,0.0,0.48835825
774,0.0,0.5,0.0,0.5,0.0,0.0,0.5170035000000001
775,0.0,0.5,0.1,0.0,0.0,0.4,0.441809
776,0.0,0.5,0.1,0.0,0.1,0.3,0.42971174999999995
777,0.0,0.5,0.1,0.0,0.2,0.2,0.43117924999999996
778,0.0,0.5,0.1,0.0,0.3,0.1,0.4248605
779,0.0,0.5,0.1,0.0,0.4,0.0,0.43656925
780,0.0,0.5,0.1,0.1,0.0,0.3,0.44859225
781,0.0,0.5,0.1,0.1,0.3,0.0,0.45085175
782,0.0,0.5,0.1,0.2,0.0,0.2,0.4582115
783,0.0,0.5,0.1,0.2,0.2,0.0,0.45704375
784,0.0,0.5,0.1,0.3,0.0,0.1,0.460949
785,0.0,0.5,0.1,0.3,0.1,0.0,0.450127
786,0.0,0.5,0.1,0.4,0.0,0.0,0.46608724999999995
787,0.0,0.5,0.2,0.0,0.0,0.3,0.43705399999999994
788,0.0,0.5,0.2,0.0,0.1,0.2,0.42361249999999995
789,0.0,0.5,0.2,0.0,0.2,0.1,0.42025524999999997
790,0.0,0.5,0.2,0.0,0.3,0.0,0.42242599999999997
791,0.0,0.5,0.2,0.1,0.0,0.2,0.43920799999999993
792,0.0,0.5,0.2,0.1,0.2,0.0,0.42810375
793,0.0,0.5,0.2,0.2,0.0,0.1,0.435856
794,0.0,0.5,0.2,0.2,0.1,0.0,0.44364574999999995
795,0.0,0.5,0.2,0.3,0.0,0.0,0.45218575
796,0.0,0.5,0.3,0.0,0.0,0.2,0.43122024999999997
797,0.0,0.5,0.3,0.0,0.1,0.1,0.4296065
798,0.0,0.5,0.3,0.0,0.2,0.0,0.42016875
799,0.0,0.5,0.3,0.1,0.0,0.1,0.432094
800,0.0,0.5,0.3,0.1,0.1,0.0,0.43140175000000003
801,0.0,0.5,0.3,0.2,0.0,0.0,0.4423835
802,0.0,0.5,0.4,0.0,0.0,0.1,0.42933849999999996
803,0.0,0.5,0.4,0.0,0.1,0.0,0.42193125
804,0.0,0.5,0.4,0.1,0.0,0.0,0.441889
805,0.0,0.5,0.5,0.0,0.0,0.0,0.4374895
806,0.0,0.6,0.0,0.0,0.0,0.4,0.4613075
807,0.0,0.6,0.0,0.0,0.1,0.3,0.4399315
808,0.0,0.6,0.0,0.0,0.2,0.2,0.45131399999999994
809,0.0,0.6,0.0,0.0,0.3,0.1,0.45122049999999997
810,0.0,0.6,0.0,0.0,0.4,0.0,0.4560035
811,0.0,0.6,0.0,0.1,0.0,0.3,0.4684202499999999
812,0.0,0.6,0.0,0.1,0.1,0.2,0.46221124999999996
813,0.0,0.6,0.0,0.1,0.2,0.1,0.47589925
814,0.0,0.6,0.0,0.1,0.3,0.0,0.47192449999999997
815,0.0,0.6,0.0,0.2,0.0,0.2,0.49128775
816,0.0,0.6,0.0,0.2,0.1,0.1,0.464082
817,0.0,0.6,0.0,0.2,0.2,0.0,0.48765224999999995
818,0.0,0.6,0.0,0.3,0.0,0.1,0.49698924999999994
819,0.0,0.6,0.0,0.3,0.1,0.0,0.46664725
820,0.0,0.6,0.0,0.4,0.0,0.0,0.49474925000000003
821,0.0,0.6,0.1,0.0,0.0,0.3,0.44294325
822,0.0,0.6,0.1,0.0,0.1,0.2,0.43455625
823,0.0,0.6,0.1,0.0,0.2,0.1,0.4276085
824,0.0,0.6,0.1,0.0,0.3,0.0,0.43324675
825,0.0,0.6,0.1,0.1,0.0,0.2,0.44384925
826,0.0,0.6,0.1,0.1,0.2,0.0,0.44371275
827,0.0,0.6,0.1,0.2,0.0,0.1,0.45233175
828,0.0,0.6,0.1,0.2,0.1,0.0,0.443254
829,0.0,0.6,0.1,0.3,0.0,0.0,0.4586715
830,0.0,0.6,0.2,0.0,0.0,0.2,0.44459699999999996
831,0.0,0.6,0.2,0.0,0.1,0.1,0.428264
832,0.0,0.6,0.2,0.0,0.2,0.0,0.427482
833,0.0,0.6,0.2,0.1,0.0,0.1,0.43987125
834,0.0,0.6,0.2,0.1,0.1,0.0,0.42518724999999996
835,0.0,0.6,0.2,0.2,0.0,0.0,0.44795799999999997
836,0.0,0.6,0.3,0.0,0.0,0.1,0.43468225
837,0.0,0.6,0.3,0.0,0.1,0.0,0.4241395
838,0.0,0.6,0.3,0.1,0.0,0.0,0.43806049999999996
839,0.0,0.6,0.4,0.0,0.0,0.0,0.43985124999999997
840,0.0,0.7,0.0,0.0,0.0,0.3,0.44731275
841,0.0,0.7,0.0,0.0,0.1,0.2,0.44530725
842,0.0,0.7,0.0,0.0,0.2,0.1,0.459789
843,0.0,0.7,0.0,0.0,0.3,0.0,0.45926274999999994
844,0.0,0.7,0.0,0.1,0.0,0.2,0.45904625
845,0.0,0.7,0.0,0.1,0.1,0.1,0.46744274999999996
846,0.0,0.7,0.0,0.1,0.2,0.0,0.4667395
847,0.0,0.7,0.0,0.2,0.0,0.1,0.4669265
848,0.0,0.7,0.0,0.2,0.1,0.0,0.46597799999999995
849,0.0,0.7,0.0,0.3,0.0,0.0,0.49244674999999993
850,0.0,0.7,0.1,0.0,0.0,0.2,0.44210124999999995
851,0.0,0.7,0.1,0.0,0.1,0.1,0.42065875
852,0.0,0.7,0.1,0.0,0.2,0.0,0.43786725
853,0.0,0.7,0.1,0.1,0.0,0.1,0.44501925
854,0.0,0.7,0.1,0.1,0.1,0.0,0.44396475
855,0.0,0.7,0.1,0.2,0.0,0.0,0.45744125
856,0.0,0.7,0.2,0.0,0.0,0.1,0.4407025
857,0.0,0.7,0.2,0.0,0.1,0.0,0.4170674999999999
858,0.0,0.7,0.2,0.1,0.0,0.0,0.45156274999999996
859,0.0,0.7,0.3,0.0,0.0,0.0,0.4415675
860,0.0,0.8,0.0,0.0,0.0,0.2,0.46031849999999996
861,0.0,0.8,0.0,0.0,0.1,0.1,0.46479875000000004
862,0.0,0.8,0.0,0.0,0.2,0.0,0.47737375
863,0.0,0.8,0.0,0.1,0.0,0.1,0.45519375
864,0.0,0.8,0.0,0.1,0.1,0.0,0.48274025
865,0.0,0.8,0.0,0.2,0.0,0.0,0.500408
866,0.0,0.8,0.1,0.0,0.0,0.1,0.45526975000000003
867,0.0,0.8,0.1,0.0,0.1,0.0,0.43702025
868,0.0,0.8,0.1,0.1,0.0,0.0,0.44895799999999997
869,0.0,0.8,0.2,0.0,0.0,0.0,0.45387299999999997
870,0.0,0.9,0.0,0.0,0.0,0.1,0.46805575
871,0.0,0.9,0.0,0.0,0.1,0.0,0.45375125
872,0.0,0.9,0.0,0.1,0.0,0.0,0.4967915
873,0.0,0.9,0.1,0.0,0.0,0.0,0.44429275
874,0.0,1.0,0.0,0.0,0.0,0.0,0.4723705
875,0.1,0.0,0.0,0.0,0.0,0.9,0.48299749999999997
876,0.1,0.0,0.0,0.0,0.1,0.8,0.495625
877,0.1,0.0,0.0,0.0,0.2,0.7,0.51081625
878,0.1,0.0,0.0,0.0,0.3,0.6,0.501589
879,0.1,0.0,0.0,0.0,0.4,0.5,0.50424175
880,0.1,0.0,0.0,0.0,0.5,0.4,0.47222625
881,0.1,0.0,0.0,0.0,0.6,0.3,0.45731825
882,0.1,0.0,0.0,0.0,0.7,0.2,0.46293775
883,0.1,0.0,0.0,0.0,0.8,0.1,0.44244649999999996
884,0.1,0.0,0.0,0.0,0.9,0.0,0.47348100000000004
885,0.1,0.0,0.0,0.1,0.0,0.8,0.4915525
886,0.1,0.0,0.0,0.1,0.1,0.7,0.519362
887,0.1,0.0,0.0,0.1,0.2,0.6,0.5499959999999999
888,0.1,0.0,0.0,0.1,0.3,0.5,0.51890225
889,0.1,0.0,0.0,0.1,0.4,0.4,0.51452725
890,0.1,0.0,0.0,0.1,0.5,0.3,0.474337
891,0.1,0.0,0.0,0.1,0.6,0.2,0.48268275
892,0.1,0.0,0.0,0.1,0.7,0.1,0.46496574999999996
893,0.1,0.0,0.0,0.1,0.8,0.0,0.4674515
894,0.1,0.0,0.0,0.2,0.0,0.7,0.5446712499999999
895,0.1,0.0,0.0,0.2,0.1,0.6,0.5219685000000001
896,0.1,0.0,0.0,0.2,0.2,0.5,0.51549075
897,0.1,0.0,0.0,0.2,0.3,0.4,0.512018
898,0.1,0.0,0.0,0.2,0.4,0.3,0.5066995
899,0.1,0.0,0.0,0.2,0.5,0.2,0.49122299999999997
900,0.1,0.0,0.0,0.2,0.6,0.1,0.4874375
901,0.1,0.0,0.0,0.2,0.7,0.0,0.494513
902,0.1,0.0,0.0,0.3,0.0,0.6,0.5358505
903,0.1,0.0,0.0,0.3,0.1,0.5,0.538491
904,0.1,0.0,0.0,0.3,0.2,0.4,0.5547215
905,0.1,0.0,0.0,0.3,0.3,0.3,0.543877
906,0.1,0.0,0.0,0.3,0.4,0.2,0.507243
907,0.1,0.0,0.0,0.3,0.5,0.1,0.4787475
908,0.1,0.0,0.0,0.3,0.6,0.0,0.50696575
909,0.1,0.0,0.0,0.4,0.0,0.5,0.52703725
910,0.1,0.0,0.0,0.4,0.1,0.4,0.503639
911,0.1,0.0,0.0,0.4,0.2,0.3,0.536107
912,0.1,0.0,0.0,0.4,0.3,0.2,0.52868775
913,0.1,0.0,0.0,0.4,0.4,0.1,0.53867325
914,0.1,0.0,0.0,0.4,0.5,0.0,0.5142025
915,0.1,0.0,0.0,0.5,0.0,0.4,0.5095529999999999
916,0.1,0.0,0.0,0.5,0.1,0.3,0.50039725
917,0.1,0.0,0.0,0.5,0.2,0.2,0.489274
918,0.1,0.0,0.0,0.5,0.3,0.1,0.47719999999999996
919,0.1,0.0,0.0,0.5,0.4,0.0,0.50874075
920,0.1,0.0,0.0,0.6,0.0,0.3,0.54445575
921,0.1,0.0,0.0,0.6,0.1,0.2,0.47794775
922,0.1,0.0,0.0,0.6,0.2,0.1,0.48620674999999997
923,0.1,0.0,0.0,0.6,0.3,0.0,0.47382274999999996
924,0.1,0.0,0.0,0.7,0.0,0.2,0.5036349999999999
925,0.1,0.0,0.0,0.7,0.1,0.1,0.49799875000000005
926,0.1,0.0,0.0,0.7,0.2,0.0,0.47329
927,0.1,0.0,0.0,0.8,0.0,0.1,0.4996507499999999
928,0.1,0.0,0.0,0.8,0.1,0.0,0.506849
929,0.1,0.0,0.0,0.9,0.0,0.0,0.51033475
930,0.1,0.0,0.1,0.0,0.0,0.8,0.4797585
931,0.1,0.0,0.1,0.0,0.1,0.7,0.48041249999999996
932,0.1,0.0,0.1,0.0,0.2,0.6,0.47568025
933,0.1,0.0,0.1,0.0,0.3,0.5,0.4689965
934,0.1,0.0,0.1,0.0,0.4,0.4,0.45443249999999996
935,0.1,0.0,0.1,0.0,0.5,0.3,0.43615925
936,0.1,0.0,0.1,0.0,0.6,0.2,0.4242715
937,0.1,0.0,0.1,0.0,0.7,0.1,0.4291055
938,0.1,0.0,0.1,0.0,0.8,0.0,0.43181349999999996
939,0.1,0.0,0.1,0.1,0.0,0.7,0.47923675
940,0.1,0.0,0.1,0.1,0.7,0.0,0.44355825
941,0.1,0.0,0.1,0.2,0.0,0.6,0.4869485
942,0.1,0.0,0.1,0.2,0.6,0.0,0.4528585
943,0.1,0.0,0.1,0.3,0.0,0.5,0.48041075
944,0.1,0.0,0.1,0.3,0.5,0.0,0.46060824999999994
945,0.1,0.0,0.1,0.4,0.0,0.4,0.48577649999999994
946,0.1,0.0,0.1,0.4,0.4,0.0,0.4635085
947,0.1,0.0,0.1,0.5,0.0,0.3,0.46307775
948,0.1,0.0,0.1,0.5,0.3,0.0,0.44381075
949,0.1,0.0,0.1,0.6,0.0,0.2,0.4698885
950,0.1,0.0,0.1,0.6,0.2,0.0,0.43854125
951,0.1,0.0,0.1,0.7,0.0,0.1,0.45936075
952,0.1,0.0,0.1,0.7,0.1,0.0,0.438118
953,0.1,0.0,0.1,0.8,0.0,0.0,0.4516012499999999
954,0.1,0.0,0.2,0.0,0.0,0.7,0.4545739999999999
955,0.1,0.0,0.2,0.0,0.1,0.6,0.45644599999999996
956,0.1,0.0,0.2,0.0,0.2,0.5,0.45869599999999994
957,0.1,0.0,0.2,0.0,0.3,0.4,0.438797
958,0.1,0.0,0.2,0.0,0.4,0.3,0.42127749999999997
959,0.1,0.0,0.2,0.0,0.5,0.2,0.40327875
960,0.1,0.0,0.2,0.0,0.6,0.1,0.40664625
961,0.1,0.0,0.2,0.0,0.7,0.0,0.42878799999999995
962,0.1,0.0,0.2,0.1,0.0,0.6,0.48954175
963,0.1,0.0,0.2,0.1,0.6,0.0,0.4288895
964,0.1,0.0,0.2,0.2,0.0,0.5,0.4583005
965,0.1,0.0,0.2,0.2,0.5,0.0,0.4349115
966,0.1,0.0,0.2,0.3,0.0,0.4,0.46445149999999996
967,0.1,0.0,0.2,0.3,0.4,0.0,0.43681249999999994
968,0.1,0.0,0.2,0.4,0.0,0.3,0.46951725
969,0.1,0.0,0.2,0.4,0.3,0.0,0.44759625000000003
970,0.1,0.0,0.2,0.5,0.0,0.2,0.45429974999999995
971,0.1,0.0,0.2,0.5,0.2,0.0,0.43308025
972,0.1,0.0,0.2,0.6,0.0,0.1,0.45584749999999996
973,0.1,0.0,0.2,0.6,0.1,0.0,0.43234249999999996
974,0.1,0.0,0.2,0.7,0.0,0.0,0.44295475
975,0.1,0.0,0.3,0.0,0.0,0.6,0.44759275
976,0.1,0.0,0.3,0.0,0.1,0.5,0.4497425
977,0.1,0.0,0.3,0.0,0.2,0.4,0.44188724999999995
978,0.1,0.0,0.3,0.0,0.3,0.3,0.43158274999999996
979,0.1,0.0,0.3,0.0,0.4,0.2,0.41411549999999997
980,0.1,0.0,0.3,0.0,0.5,0.1,0.4092775
981,0.1,0.0,0.3,0.0,0.6,0.0,0.414576
982,0.1,0.0,0.3,0.1,0.0,0.5,0.461847
983,0.1,0.0,0.3,0.1,0.5,0.0,0.42429174999999997
984,0.1,0.0,0.3,0.2,0.0,0.4,0.46787524999999996
985,0.1,0.0,0.3,0.2,0.4,0.0,0.42882275
986,0.1,0.0,0.3,0.3,0.0,0.3,0.46215875
987,0.1,0.0,0.3,0.3,0.3,0.0,0.43170225
988,0.1,0.0,0.3,0.4,0.0,0.2,0.4623355
989,0.1,0.0,0.3,0.4,0.2,0.0,0.430807
990,0.1,0.0,0.3,0.5,0.0,0.1,0.44509825000000003
991,0.1,0.0,0.3,0.5,0.1,0.0,0.43847875
992,0.1,0.0,0.3,0.6,0.0,0.0,0.453373
993,0.1,0.0,0.4,0.0,0.0,0.5,0.44623499999999994
994,0.1,0.0,0.4,0.0,0.1,0.4,0.44680099999999995
995,0.1,0.0,0.4,0.0,0.2,0.3,0.44441825
996,0.1,0.0,0.4,0.0,0.3,0.2,0.422046
997,0.1,0.0,0.4,0.0,0.4,0.1,0.40795224999999996
998,0.1,0.0,0.4,0.0,0.5,0.0,0.42933075
999,0.1,0.0,0.4,0.1,0.0,0.4,0.454635
1000,0.1,0.0,0.4,0.1,0.4,0.0,0.42926225
1001,0.1,0.0,0.4,0.2,0.0,0.3,0.46215
1002,0.1,0.0,0.4,0.2,0.3,0.0,0.42362174999999996
1003,0.1,0.0,0.4,0.3,0.0,0.2,0.4572035
1004,0.1,0.0,0.4,0.3,0.2,0.0,0.4242235
1005,0.1,0.0,0.4,0.4,0.0,0.1,0.45564699999999997
1006,0.1,0.0,0.4,0.4,0.1,0.0,0.43793925
1007,0.1,0.0,0.4,0.5,0.0,0.0,0.4398255
1008,0.1,0.0,0.5,0.0,0.0,0.4,0.449455
1009,0.1,0.0,0.5,0.0,0.1,0.3,0.4396055
1010,0.1,0.0,0.5,0.0,0.2,0.2,0.42027225
1011,0.1,0.0,0.5,0.0,0.3,0.1,0.4147495
1012,0.1,0.0,0.5,0.0,0.4,0.0,0.41913799999999996
1013,0.1,0.0,0.5,0.1,0.0,0.3,0.44382174999999996
1014,0.1,0.0,0.5,0.1,0.3,0.0,0.422357
1015,0.1,0.0,0.5,0.2,0.0,0.2,0.44661475
1016,0.1,0.0,0.5,0.2,0.2,0.0,0.42450024999999997
1017,0.1,0.0,0.5,0.3,0.0,0.1,0.4474719999999999
1018,0.1,0.0,0.5,0.3,0.1,0.0,0.43522324999999995
1019,0.1,0.0,0.5,0.4,0.0,0.0,0.44307375
1020,0.1,0.0,0.6,0.0,0.0,0.3,0.4398194999999999
1021,0.1,0.0,0.6,0.0,0.1,0.2,0.42465374999999994
1022,0.1,0.0,0.6,0.0,0.2,0.1,0.41594475000000003
1023,0.1,0.0,0.6,0.0,0.3,0.0,0.42866899999999997
1024,0.1,0.0,0.6,0.1,0.0,0.2,0.44294975
1025,0.1,0.0,0.6,0.1,0.2,0.0,0.4332875
1026,0.1,0.0,0.6,0.2,0.0,0.1,0.44338299999999997
1027,0.1,0.0,0.6,0.2,0.1,0.0,0.43027825
1028,0.1,0.0,0.6,0.3,0.0,0.0,0.43464975
1029,0.1,0.0,0.7,0.0,0.0,0.2,0.43115424999999996
1030,0.1,0.0,0.7,0.0,0.1,0.1,0.42242325000000003
1031,0.1,0.0,0.7,0.0,0.2,0.0,0.4348455
1032,0.1,0.0,0.7,0.1,0.0,0.1,0.43741925
1033,0.1,0.0,0.7,0.1,0.1,0.0,0.4320905
1034,0.1,0.0,0.7,0.2,0.0,0.0,0.43515925
1035,0.1,0.0,0.8,0.0,0.0,0.1,0.42837424999999996
1036,0.1,0.0,0.8,0.0,0.1,0.0,0.4380285
1037,0.1,0.0,0.8,0.1,0.0,0.0,0.43618075
1038,0.1,0.0,0.9,0.0,0.0,0.0,0.4475995
1039,0.1,0.1,0.0,0.0,0.0,0.8,0.4656455
1040,0.1,0.1,0.0,0.0,0.1,0.7,0.47225575
1041,0.1,0.1,0.0,0.0,0.2,0.6,0.46472225
1042,0.1,0.1,0.0,0.0,0.3,0.5,0.46819875
1043,0.1,0.1,0.0,0.0,0.4,0.4,0.47024475
1044,0.1,0.1,0.0,0.0,0.5,0.3,0.44515275
1045,0.1,0.1,0.0,0.0,0.6,0.2,0.45120825
1046,0.1,0.1,0.0,0.0,0.7,0.1,0.45502675
1047,0.1,0.1,0.0,0.0,0.8,0.0,0.4577605
1048,0.1,0.1,0.0,0.1,0.0,0.7,0.49291874999999996
1049,0.1,0.1,0.0,0.1,0.7,0.0,0.46743975
1050,0.1,0.1,0.0,0.2,0.0,0.6,0.5102475
1051,0.1,0.1,0.0,0.2,0.6,0.0,0.485997
1052,0.1,0.1,0.0,0.3,0.0,0.5,0.5121994999999999
1053,0.1,0.1,0.0,0.3,0.5,0.0,0.469841
1054,0.1,0.1,0.0,0.4,0.0,0.4,0.50692675
1055,0.1,0.1,0.0,0.4,0.4,0.0,0.46932524999999997
1056,0.1,0.1,0.0,0.5,0.0,0.3,0.500615
1057,0.1,0.1,0.0,0.5,0.3,0.0,0.47628875
1058,0.1,0.1,0.0,0.6,0.0,0.2,0.5040884999999999
1059,0.1,0.1,0.0,0.6,0.2,0.0,0.4831185
1060,0.1,0.1,0.0,0.7,0.0,0.1,0.49871049999999995
1061,0.1,0.1,0.0,0.7,0.1,0.0,0.49205350000000003
1062,0.1,0.1,0.0,0.8,0.0,0.0,0.49615599999999993
1063,0.1,0.1,0.1,0.0,0.0,0.7,0.44946825
1064,0.1,0.1,0.1,0.0,0.7,0.0,0.43198699999999995
1065,0.1,0.1,0.1,0.7,0.0,0.0,0.4401775
1066,0.1,0.1,0.2,0.0,0.0,0.6,0.45814724999999995
1067,0.1,0.1,0.2,0.0,0.6,0.0,0.41434525
1068,0.1,0.1,0.2,0.6,0.0,0.0,0.43445174999999997
1069,0.1,0.1,0.3,0.0,0.0,0.5,0.44746674999999997
1070,0.1,0.1,0.3,0.0,0.5,0.0,0.41449099999999994
1071,0.1,0.1,0.3,0.5,0.0,0.0,0.4323645
1072,0.1,0.1,0.4,0.0,0.0,0.4,0.43245574999999997
1073,0.1,0.1,0.4,0.0,0.4,0.0,0.422794
1074,0.1,0.1,0.4,0.4,0.0,0.0,0.42981549999999996
1075,0.1,0.1,0.5,0.0,0.0,0.3,0.43030225
1076,0.1,0.1,0.5,0.0,0.3,0.0,0.412291
1077,0.1,0.1,0.5,0.3,0.0,0.0,0.43157474999999995
1078,0.1,0.1,0.6,0.0,0.0,0.2,0.43205774999999996
1079,0.1,0.1,0.6,0.0,0.2,0.0,0.4198815
1080,0.1,0.1,0.6,0.2,0.0,0.0,0.43336349999999996
1081,0.1,0.1,0.7,0.0,0.0,0.1,0.42127125
1082,0.1,0.1,0.7,0.0,0.1,0.0,0.4218245
1083,0.1,0.1,0.7,0.1,0.0,0.0,0.4292675
1084,0.1,0.1,0.8,0.0,0.0,0.0,0.42623575
1085,0.1,0.2,0.0,0.0,0.0,0.7,0.47194650000000005
1086,0.1,0.2,0.0,0.0,0.1,0.6,0.48229175
1087,0.1,0.2,0.0,0.0,0.2,0.5,0.46273675
1088,0.1,0.2,0.0,0.0,0.3,0.4,0.454492
1089,0.1,0.2,0.0,0.0,0.4,0.3,0.4413754999999999
1090,0.1,0.2,0.0,0.0,0.5,0.2,0.4621685
1091,0.1,0.2,0.0,0.0,0.6,0.1,0.44497899999999996
1092,0.1,0.2,0.0,0.0,0.7,0.0,0.4563085
1093,0.1,0.2,0.0,0.1,0.0,0.6,0.46611474999999997
1094,0.1,0.2,0.0,0.1,0.6,0.0,0.46851724999999994
1095,0.1,0.2,0.0,0.2,0.0,0.5,0.507586
1096,0.1,0.2,0.0,0.2,0.5,0.0,0.49485225
1097,0.1,0.2,0.0,0.3,0.0,0.4,0.49946575
1098,0.1,0.2,0.0,0.3,0.4,0.0,0.48667425
1099,0.1,0.2,0.0,0.4,0.0,0.3,0.50385175
1100,0.1,0.2,0.0,0.4,0.3,0.0,0.4801585
1101,0.1,0.2,0.0,0.5,0.0,0.2,0.47609499999999993
1102,0.1,0.2,0.0,0.5,0.2,0.0,0.4948075
1103,0.1,0.2,0.0,0.6,0.0,0.1,0.47444699999999995
1104,0.1,0.2,0.0,0.6,0.1,0.0,0.48335525
1105,0.1,0.2,0.0,0.7,0.0,0.0,0.4727247499999999
1106,0.1,0.2,0.1,0.0,0.0,0.6,0.4339037499999999
1107,0.1,0.2,0.1,0.0,0.6,0.0,0.424937
1108,0.1,0.2,0.1,0.6,0.0,0.0,0.44266825
1109,0.1,0.2,0.2,0.0,0.0,0.5,0.4356565
1110,0.1,0.2,0.2,0.0,0.5,0.0,0.41726375
1111,0.1,0.2,0.2,0.5,0.0,0.0,0.444949
1112,0.1,0.2,0.3,0.0,0.0,0.4,0.4244245
1113,0.1,0.2,0.3,0.0,0.4,0.0,0.41183274999999997
1114,0.1,0.2,0.3,0.4,0.0,0.0,0.42650075
1115,0.1,0.2,0.4,0.0,0.0,0.3,0.42426074999999996
1116,0.1,0.2,0.4,0.0,0.3,0.0,0.410498
1117,0.1,0.2,0.4,0.3,0.0,0.0,0.4317665
1118,0.1,0.2,0.5,0.0,0.0,0.2,0.42216
1119,0.1,0.2,0.5,0.0,0.2,0.0,0.41812099999999996
1120,0.1,0.2,0.5,0.2,0.0,0.0,0.4231912499999999
1121,0.1,0.2,0.6,0.0,0.0,0.1,0.4148035
1122,0.1,0.2,0.6,0.0,0.1,0.0,0.41268825
1123,0.1,0.2,0.6,0.1,0.0,0.0,0.41501449999999995
1124,0.1,0.2,0.7,0.0,0.0,0.0,0.42977374999999995
1125,0.1,0.3,0.0,0.0,0.0,0.6,0.449971
1126,0.1,0.3,0.0,0.0,0.1,0.5,0.46241
1127,0.1,0.3,0.0,0.0,0.2,0.4,0.447831
1128,0.1,0.3,0.0,0.0,0.3,0.3,0.464792
1129,0.1,0.3,0.0,0.0,0.4,0.2,0.44384999999999997
1130,0.1,0.3,0.0,0.0,0.5,0.1,0.4493385
1131,0.1,0.3,0.0,0.0,0.6,0.0,0.4423935
1132,0.1,0.3,0.0,0.1,0.0,0.5,0.47033525
1133,0.1,0.3,0.0,0.1,0.5,0.0,0.4591575
1134,0.1,0.3,0.0,0.2,0.0,0.4,0.47403675
1135,0.1,0.3,0.0,0.2,0.4,0.0,0.48712475
1136,0.1,0.3,0.0,0.3,0.0,0.3,0.47636175000000003
1137,0.1,0.3,0.0,0.3,0.3,0.0,0.48511175
1138,0.1,0.3,0.0,0.4,0.0,0.2,0.47743549999999996
1139,0.1,0.3,0.0,0.4,0.2,0.0,0.48780025
1140,0.1,0.3,0.0,0.5,0.0,0.1,0.45990325
1141,0.1,0.3,0.0,0.5,0.1,0.0,0.47514425000000005
1142,0.1,0.3,0.0,0.6,0.0,0.0,0.47548899999999994
1143,0.1,0.3,0.1,0.0,0.0,0.5,0.43699249999999995
1144,0.1,0.3,0.1,0.0,0.5,0.0,0.42848875
1145,0.1,0.3,0.1,0.5,0.0,0.0,0.4549032499999999
1146,0.1,0.3,0.2,0.0,0.0,0.4,0.44266574999999997
1147,0.1,0.3,0.2,0.0,0.4,0.0,0.41815175
1148,0.1,0.3,0.2,0.4,0.0,0.0,0.43257575
1149,0.1,0.3,0.3,0.0,0.0,0.3,0.4229224999999999
1150,0.1,0.3,0.3,0.0,0.3,0.0,0.42019675
1151,0.1,0.3,0.3,0.3,0.0,0.0,0.42026975
1152,0.1,0.3,0.4,0.0,0.0,0.2,0.413446
1153,0.1,0.3,0.4,0.0,0.2,0.0,0.41581899999999994
1154,0.1,0.3,0.4,0.2,0.0,0.0,0.425158
1155,0.1,0.3,0.5,0.0,0.0,0.1,0.4137954999999999
1156,0.1,0.3,0.5,0.0,0.1,0.0,0.41239299999999995
1157,0.1,0.3,0.5,0.1,0.0,0.0,0.414517
1158,0.1,0.3,0.6,0.0,0.0,0.0,0.41393824999999995
1159,0.1,0.4,0.0,0.0,0.0,0.5,0.4628535
1160,0.1,0.4,0.0,0.0,0.1,0.4,0.46778025
1161,0.1,0.4,0.0,0.0,0.2,0.3,0.47562925
1162,0.1,0.4,0.0,0.0,0.3,0.2,0.45918275
1163,0.1,0.4,0.0,0.0,0.4,0.1,0.44570449999999995
1164,0.1,0.4,0.0,0.0,0.5,0.0,0.4386035
1165,0.1,0.4,0.0,0.1,0.0,0.4,0.46555175
1166,0.1,0.4,0.0,0.1,0.4,0.0,0.47776975
1167,0.1,0.4,0.0,0.2,0.0,0.3,0.47711925
1168,0.1,0.4,0.0,0.2,0.3,0.0,0.4875445
1169,0.1,0.4,0.0,0.3,0.0,0.2,0.4640665
1170,0.1,0.4,0.0,0.3,0.2,0.0,0.487475
1171,0.1,0.4,0.0,0.4,0.0,0.1,0.49277800000000005
1172,0.1,0.4,0.0,0.4,0.1,0.0,0.49029975
1173,0.1,0.4,0.0,0.5,0.0,0.0,0.4668945
1174,0.1,0.4,0.1,0.0,0.0,0.4,0.4268435
1175,0.1,0.4,0.1,0.0,0.4,0.0,0.43084599999999995
1176,0.1,0.4,0.1,0.4,0.0,0.0,0.449389
1177,0.1,0.4,0.2,0.0,0.0,0.3,0.4310164999999999
1178,0.1,0.4,0.2,0.0,0.3,0.0,0.42453074999999996
1179,0.1,0.4,0.2,0.3,0.0,0.0,0.428244
1180,0.1,0.4,0.3,0.0,0.0,0.2,0.42544774999999996
1181,0.1,0.4,0.3,0.0,0.2,0.0,0.41366949999999997
1182,0.1,0.4,0.3,0.2,0.0,0.0,0.423111
1183,0.1,0.4,0.4,0.0,0.0,0.1,0.42544875
1184,0.1,0.4,0.4,0.0,0.1,0.0,0.42370474999999996
1185,0.1,0.4,0.4,0.1,0.0,0.0,0.43261999999999995
1186,0.1,0.4,0.5,0.0,0.0,0.0,0.42407375
1187,0.1,0.5,0.0,0.0,0.0,0.4,0.464007
1188,0.1,0.5,0.0,0.0,0.1,0.3,0.447847
1189,0.1,0.5,0.0,0.0,0.2,0.2,0.45199725
1190,0.1,0.5,0.0,0.0,0.3,0.1,0.44877924999999996
1191,0.1,0.5,0.0,0.0,0.4,0.0,0.4557985
1192,0.1,0.5,0.0,0.1,0.0,0.3,0.4654295
1193,0.1,0.5,0.0,0.1,0.3,0.0,0.455721
1194,0.1,0.5,0.0,0.2,0.0,0.2,0.47474049999999995
1195,0.1,0.5,0.0,0.2,0.2,0.0,0.47002225
1196,0.1,0.5,0.0,0.3,0.0,0.1,0.4803085
1197,0.1,0.5,0.0,0.3,0.1,0.0,0.45847724999999995
1198,0.1,0.5,0.0,0.4,0.0,0.0,0.49689149999999993
1199,0.1,0.5,0.1,0.0,0.0,0.3,0.42996599999999996
1200,0.1,0.5,0.1,0.0,0.3,0.0,0.4332755
1201,0.1,0.5,0.1,0.3,0.0,0.0,0.4378015
1202,0.1,0.5,0.2,0.0,0.0,0.2,0.428023
1203,0.1,0.5,0.2,0.0,0.2,0.0,0.41880324999999996
1204,0.1,0.5,0.2,0.2,0.0,0.0,0.43362775
1205,0.1,0.5,0.3,0.0,0.0,0.1,0.4206175
1206,0.1,0.5,0.3,0.0,0.1,0.0,0.42238849999999994
1207,0.1,0.5,0.3,0.1,0.0,0.0,0.4406502499999999
1208,0.1,0.5,0.4,0.0,0.0,0.0,0.42965074999999997
1209,0.1,0.6,0.0,0.0,0.0,0.3,0.45375849999999995
1210,0.1,0.6,0.0,0.0,0.1,0.2,0.460104
1211,0.1,0.6,0.0,0.0,0.2,0.1,0.44604425000000003
1212,0.1,0.6,0.0,0.0,0.3,0.0,0.46890475
1213,0.1,0.6,0.0,0.1,0.0,0.2,0.473098
1214,0.1,0.6,0.0,0.1,0.2,0.0,0.46983575
1215,0.1,0.6,0.0,0.2,0.0,0.1,0.45846824999999997
1216,0.1,0.6,0.0,0.2,0.1,0.0,0.4598075
1217,0.1,0.6,0.0,0.3,0.0,0.0,0.4822065
1218,0.1,0.6,0.1,0.0,0.0,0.2,0.42915349999999997
1219,0.1,0.6,0.1,0.0,0.2,0.0,0.433408
1220,0.1,0.6,0.1,0.2,0.0,0.0,0.44718825
1221,0.1,0.6,0.2,0.0,0.0,0.1,0.4243875
1222,0.1,0.6,0.2,0.0,0.1,0.0,0.41874425
1223,0.1,0.6,0.2,0.1,0.0,0.0,0.42807074999999994
1224,0.1,0.6,0.3,0.0,0.0,0.0,0.43434675
1225,0.1,0.7,0.0,0.0,0.0,0.2,0.4683955
1226,0.1,0.7,0.0,0.0,0.1,0.1,0.4601
1227,0.1,0.7,0.0,0.0,0.2,0.0,0.471165
1228,0.1,0.7,0.0,0.1,0.0,0.1,0.48254774999999994
1229,0.1,0.7,0.0,0.1,0.1,0.0,0.45970475
1230,0.1,0.7,0.0,0.2,0.0,0.0,0.47884000000000004
1231,0.1,0.7,0.1,0.0,0.0,0.1,0.423788
1232,0.1,0.7,0.1,0.0,0.1,0.0,0.42278625000000003
1233,0.1,0.7,0.1,0.1,0.0,0.0,0.44105925
1234,0.1,0.7,0.2,0.0,0.0,0.0,0.42514825
1235,0.1,0.8,0.0,0.0,0.0,0.1,0.46146475
1236,0.1,0.8,0.0,0.0,0.1,0.0,0.45794925
1237,0.1,0.8,0.0,0.1,0.0,0.0,0.46894024999999995
1238,0.1,0.8,0.1,0.0,0.0,0.0,0.43238425
1239,0.1,0.9,0.0,0.0,0.0,0.0,0.44941475
1240,0.2,0.0,0.0,0.0,0.0,0.8,0.48622925
1241,0.2,0.0,0.0,0.0,0.1,0.7,0.50522225
1242,0.2,0.0,0.0,0.0,0.2,0.6,0.4942585
1243,0.2,0.0,0.0,0.0,0.3,0.5,0.5181055
1244,0.2,0.0,0.0,0.0,0.4,0.4,0.4900045
1245,0.2,0.0,0.0,0.0,0.5,0.3,0.46619399999999994
1246,0.2,0.0,0.0,0.0,0.6,0.2,0.47706099999999996
1247,0.2,0.0,0.0,0.0,0.7,0.1,0.4494515
1248,0.2,0.0,0.0,0.0,0.8,0.0,0.45391024999999996
1249,0.2,0.0,0.0,0.1,0.0,0.7,0.52196925
1250,0.2,0.0,0.0,0.1,0.1,0.6,0.50852225
1251,0.2,0.0,0.0,0.1,0.2,0.5,0.534369
1252,0.2,0.0,0.0,0.1,0.3,0.4,0.51237725
1253,0.2,0.0,0.0,0.1,0.4,0.3,0.493128
1254,0.2,0.0,0.0,0.1,0.5,0.2,0.485059
1255,0.2,0.0,0.0,0.1,0.6,0.1,0.474373
1256,0.2,0.0,0.0,0.1,0.7,0.0,0.479263
1257,0.2,0.0,0.0,0.2,0.0,0.6,0.51372775
1258,0.2,0.0,0.0,0.2,0.1,0.5,0.542616
1259,0.2,0.0,0.0,0.2,0.2,0.4,0.53626925
1260,0.2,0.0,0.0,0.2,0.3,0.3,0.50321025
1261,0.2,0.0,0.0,0.2,0.4,0.2,0.49652749999999996
1262,0.2,0.0,0.0,0.2,0.5,0.1,0.48120050000000003
1263,0.2,0.0,0.0,0.2,0.6,0.0,0.50045125
1264,0.2,0.0,0.0,0.3,0.0,0.5,0.553899
1265,0.2,0.0,0.0,0.3,0.1,0.4,0.5346295
1266,0.2,0.0,0.0,0.3,0.2,0.3,0.52103875
1267,0.2,0.0,0.0,0.3,0.3,0.2,0.51706175
1268,0.2,0.0,0.0,0.3,0.4,0.1,0.47850175
1269,0.2,0.0,0.0,0.3,0.5,0.0,0.48700499999999997
1270,0.2,0.0,0.0,0.4,0.0,0.4,0.5077655
1271,0.2,0.0,0.0,0.4,0.1,0.3,0.5097039999999999
1272,0.2,0.0,0.0,0.4,0.2,0.2,0.5124357500000001
1273,0.2,0.0,0.0,0.4,0.3,0.1,0.49724399999999996
1274,0.2,0.0,0.0,0.4,0.4,0.0,0.48330324999999996
1275,0.2,0.0,0.0,0.5,0.0,0.3,0.489892
1276,0.2,0.0,0.0,0.5,0.1,0.2,0.5102249999999999
1277,0.2,0.0,0.0,0.5,0.2,0.1,0.47749474999999997
1278,0.2,0.0,0.0,0.5,0.3,0.0,0.4698615
1279,0.2,0.0,0.0,0.6,0.0,0.2,0.5093255
1280,0.2,0.0,0.0,0.6,0.1,0.1,0.50581725
1281,0.2,0.0,0.0,0.6,0.2,0.0,0.483603
1282,0.2,0.0,0.0,0.7,0.0,0.1,0.50686075
1283,0.2,0.0,0.0,0.7,0.1,0.0,0.49827175
1284,0.2,0.0,0.0,0.8,0.0,0.0,0.512445
1285,0.2,0.0,0.1,0.0,0.0,0.7,0.4790715
1286,0.2,0.0,0.1,0.0,0.1,0.6,0.465302
1287,0.2,0.0,0.1,0.0,0.2,0.5,0.464886
1288,0.2,0.0,0.1,0.0,0.3,0.4,0.439821
1289,0.2,0.0,0.1,0.0,0.4,0.3,0.43295124999999995
1290,0.2,0.0,0.1,0.0,0.5,0.2,0.4305605
1291,0.2,0.0,0.1,0.0,0.6,0.1,0.43249399999999993
1292,0.2,0.0,0.1,0.0,0.7,0.0,0.4361855
1293,0.2,0.0,0.1,0.1,0.0,0.6,0.455962
1294,0.2,0.0,0.1,0.1,0.6,0.0,0.4485365
1295,0.2,0.0,0.1,0.2,0.0,0.5,0.47665275
1296,0.2,0.0,0.1,0.2,0.5,0.0,0.4409605
1297,0.2,0.0,0.1,0.3,0.0,0.4,0.48844075
1298,0.2,0.0,0.1,0.3,0.4,0.0,0.43876624999999997
1299,0.2,0.0,0.1,0.4,0.0,0.3,0.47307425
1300,0.2,0.0,0.1,0.4,0.3,0.0,0.44099975
1301,0.2,0.0,0.1,0.5,0.0,0.2,0.46651275000000003
1302,0.2,0.0,0.1,0.5,0.2,0.0,0.4370955
1303,0.2,0.0,0.1,0.6,0.0,0.1,0.45926374999999997
1304,0.2,0.0,0.1,0.6,0.1,0.0,0.45339425
1305,0.2,0.0,0.1,0.7,0.0,0.0,0.47615675
1306,0.2,0.0,0.2,0.0,0.0,0.6,0.45240925
1307,0.2,0.0,0.2,0.0,0.1,0.5,0.4449849999999999
1308,0.2,0.0,0.2,0.0,0.2,0.4,0.45167374999999993
1309,0.2,0.0,0.2,0.0,0.3,0.3,0.425735
1310,0.2,0.0,0.2,0.0,0.4,0.2,0.41767624999999997
1311,0.2,0.0,0.2,0.0,0.5,0.1,0.41541975
1312,0.2,0.0,0.2,0.0,0.6,0.0,0.43090674999999995
1313,0.2,0.0,0.2,0.1,0.0,0.5,0.45499
1314,0.2,0.0,0.2,0.1,0.5,0.0,0.4244345
1315,0.2,0.0,0.2,0.2,0.0,0.4,0.47270049999999997
1316,0.2,0.0,0.2,0.2,0.4,0.0,0.433999
1317,0.2,0.0,0.2,0.3,0.0,0.3,0.470539
1318,0.2,0.0,0.2,0.3,0.3,0.0,0.429459
1319,0.2,0.0,0.2,0.4,0.0,0.2,0.4662865
1320,0.2,0.0,0.2,0.4,0.2,0.0,0.435577
1321,0.2,0.0,0.2,0.5,0.0,0.1,0.4485645
1322,0.2,0.0,0.2,0.5,0.1,0.0,0.45201399999999997
1323,0.2,0.0,0.2,0.6,0.0,0.0,0.45043374999999997
1324,0.2,0.0,0.3,0.0,0.0,0.5,0.4437295
1325,0.2,0.0,0.3,0.0,0.1,0.4,0.4379132499999999
1326,0.2,0.0,0.3,0.0,0.2,0.3,0.43024425
1327,0.2,0.0,0.3,0.0,0.3,0.2,0.412507
1328,0.2,0.0,0.3,0.0,0.4,0.1,0.41323424999999997
1329,0.2,0.0,0.3,0.0,0.5,0.0,0.41619924999999997
1330,0.2,0.0,0.3,0.1,0.0,0.4,0.4638865
1331,0.2,0.0,0.3,0.1,0.4,0.0,0.42027475
1332,0.2,0.0,0.3,0.2,0.0,0.3,0.46043599999999996
1333,0.2,0.0,0.3,0.2,0.3,0.0,0.4227525
1334,0.2,0.0,0.3,0.3,0.0,0.2,0.4474145
1335,0.2,0.0,0.3,0.3,0.2,0.0,0.42878724999999995
1336,0.2,0.0,0.3,0.4,0.0,0.1,0.44838374999999997
1337,0.2,0.0,0.3,0.4,0.1,0.0,0.4438486666666666
1338,0.2,0.0,0.3,0.5,0.0,0.0,0.435042
1339,0.2,0.0,0.4,0.0,0.0,0.4,0.43935674999999996
1340,0.2,0.0,0.4,0.0,0.1,0.3,0.43521449999999995
1341,0.2,0.0,0.4,0.0,0.2,0.2,0.41927749999999997
1342,0.2,0.0,0.4,0.0,0.3,0.1,0.41599875
1343,0.2,0.0,0.4,0.0,0.4,0.0,0.4252675
1344,0.2,0.0,0.4,0.1,0.0,0.3,0.4507445
1345,0.2,0.0,0.4,0.1,0.3,0.0,0.41053074999999994
1346,0.2,0.0,0.4,0.2,0.0,0.2,0.44769774999999995
1347,0.2,0.0,0.4,0.2,0.2,0.0,0.42441474999999995
1348,0.2,0.0,0.4,0.3,0.0,0.1,0.44439649999999997
1349,0.2,0.0,0.4,0.3,0.1,0.0,0.4298855
1350,0.2,0.0,0.4,0.4,0.0,0.0,0.43848425
1351,0.2,0.0,0.5,0.0,0.0,0.3,0.43911624999999993
1352,0.2,0.0,0.5,0.0,0.1,0.2,0.4241674999999999
1353,0.2,0.0,0.5,0.0,0.2,0.1,0.41438975
1354,0.2,0.0,0.5,0.0,0.3,0.0,0.42825275
1355,0.2,0.0,0.5,0.1,0.0,0.2,0.4396575
1356,0.2,0.0,0.5,0.1,0.2,0.0,0.41292175
1357,0.2,0.0,0.5,0.2,0.0,0.1,0.433392
1358,0.2,0.0,0.5,0.2,0.1,0.0,0.42406299999999997
1359,0.2,0.0,0.5,0.3,0.0,0.0,0.428109
1360,0.2,0.0,0.6,0.0,0.0,0.2,0.43443449999999995
1361,0.2,0.0,0.6,0.0,0.1,0.1,0.42126899999999995
1362,0.2,0.0,0.6,0.0,0.2,0.0,0.42822625
1363,0.2,0.0,0.6,0.1,0.0,0.1,0.436079
1364,0.2,0.0,0.6,0.1,0.1,0.0,0.4275115
1365,0.2,0.0,0.6,0.2,0.0,0.0,0.427881
1366,0.2,0.0,0.7,0.0,0.0,0.1,0.42975474999999996
1367,0.2,0.0,0.7,0.0,0.1,0.0,0.43359
1368,0.2,0.0,0.7,0.1,0.0,0.0,0.43121099999999996
1369,0.2,0.0,0.8,0.0,0.0,0.0,0.44044225
1370,0.2,0.1,0.0,0.0,0.0,0.7,0.45329125
1371,0.2,0.1,0.0,0.0,0.1,0.6,0.4798475
1372,0.2,0.1,0.0,0.0,0.2,0.5,0.48306125
1373,0.2,0.1,0.0,0.0,0.3,0.4,0.469125
1374,0.2,0.1,0.0,0.0,0.4,0.3,0.46181675
1375,0.2,0.1,0.0,0.0,0.5,0.2,0.44950149999999994
1376,0.2,0.1,0.0,0.0,0.6,0.1,0.448836
1377,0.2,0.1,0.0,0.0,0.7,0.0,0.46270025
1378,0.2,0.1,0.0,0.1,0.0,0.6,0.4970095
1379,0.2,0.1,0.0,0.1,0.6,0.0,0.472226
1380,0.2,0.1,0.0,0.2,0.0,0.5,0.5095594999999999
1381,0.2,0.1,0.0,0.2,0.5,0.0,0.46654075
1382,0.2,0.1,0.0,0.3,0.0,0.4,0.50632625
1383,0.2,0.1,0.0,0.3,0.4,0.0,0.47236799999999995
1384,0.2,0.1,0.0,0.4,0.0,0.3,0.51088
1385,0.2,0.1,0.0,0.4,0.3,0.0,0.46610674999999996
1386,0.2,0.1,0.0,0.5,0.0,0.2,0.49984375000000003
1387,0.2,0.1,0.0,0.5,0.2,0.0,0.46699749999999995
1388,0.2,0.1,0.0,0.6,0.0,0.1,0.49143424999999996
1389,0.2,0.1,0.0,0.6,0.1,0.0,0.46922624999999996
1390,0.2,0.1,0.0,0.7,0.0,0.0,0.48298775
1391,0.2,0.1,0.1,0.0,0.0,0.6,0.43779124999999997
1392,0.2,0.1,0.1,0.0,0.6,0.0,0.42923399999999995
1393,0.2,0.1,0.1,0.6,0.0,0.0,0.4538742499999999
1394,0.2,0.1,0.2,0.0,0.0,0.5,0.43027574999999996
1395,0.2,0.1,0.2,0.0,0.5,0.0,0.415773
1396,0.2,0.1,0.2,0.5,0.0,0.0,0.43852424999999995
1397,0.2,0.1,0.3,0.0,0.0,0.4,0.4264359999999999
1398,0.2,0.1,0.3,0.0,0.4,0.0,0.4145425
1399,0.2,0.1,0.3,0.4,0.0,0.0,0.42487949999999997
1400,0.2,0.1,0.4,0.0,0.0,0.3,0.42555224999999997
1401,0.2,0.1,0.4,0.0,0.3,0.0,0.41103649999999997
1402,0.2,0.1,0.4,0.3,0.0,0.0,0.4154905
1403,0.2,0.1,0.5,0.0,0.0,0.2,0.4154705
1404,0.2,0.1,0.5,0.0,0.2,0.0,0.41649499999999995
1405,0.2,0.1,0.5,0.2,0.0,0.0,0.41362599999999994
1406,0.2,0.1,0.6,0.0,0.0,0.1,0.4090725
1407,0.2,0.1,0.6,0.0,0.1,0.0,0.41863674999999995
1408,0.2,0.1,0.6,0.1,0.0,0.0,0.41245350000000003
1409,0.2,0.1,0.7,0.0,0.0,0.0,0.41844349999999997
1410,0.2,0.2,0.0,0.0,0.0,0.6,0.46131500000000003
1411,0.2,0.2,0.0,0.0,0.1,0.5,0.47408174999999997
1412,0.2,0.2,0.0,0.0,0.2,0.4,0.46506974999999995
1413,0.2,0.2,0.0,0.0,0.3,0.3,0.44459249999999995
1414,0.2,0.2,0.0,0.0,0.4,0.2,0.45641075
1415,0.2,0.2,0.0,0.0,0.5,0.1,0.46079749999999997
1416,0.2,0.2,0.0,0.0,0.6,0.0,0.46570599999999995
1417,0.2,0.2,0.0,0.1,0.0,0.5,0.4903145
1418,0.2,0.2,0.0,0.1,0.5,0.0,0.454063
1419,0.2,0.2,0.0,0.2,0.0,0.4,0.48125825
1420,0.2,0.2,0.0,0.2,0.4,0.0,0.4714065
1421,0.2,0.2,0.0,0.3,0.0,0.3,0.4657525
1422,0.2,0.2,0.0,0.3,0.3,0.0,0.47941325
1423,0.2,0.2,0.0,0.4,0.0,0.2,0.48475025
1424,0.2,0.2,0.0,0.4,0.2,0.0,0.465874
1425,0.2,0.2,0.0,0.5,0.0,0.1,0.48279249999999996
1426,0.2,0.2,0.0,0.5,0.1,0.0,0.46630099999999997
1427,0.2,0.2,0.0,0.6,0.0,0.0,0.4929865
1428,0.2,0.2,0.1,0.0,0.0,0.5,0.432253
1429,0.2,0.2,0.1,0.0,0.5,0.0,0.42364274999999996
1430,0.2,0.2,0.1,0.5,0.0,0.0,0.44393275
1431,0.2,0.2,0.2,0.0,0.0,0.4,0.41663524999999996
1432,0.2,0.2,0.2,0.0,0.4,0.0,0.41808975
1433,0.2,0.2,0.2,0.4,0.0,0.0,0.43908225
1434,0.2,0.2,0.3,0.0,0.0,0.3,0.42390375
1435,0.2,0.2,0.3,0.0,0.3,0.0,0.40811474999999997
1436,0.2,0.2,0.3,0.3,0.0,0.0,0.41666475
1437,0.2,0.2,0.4,0.0,0.0,0.2,0.4160395
1438,0.2,0.2,0.4,0.0,0.2,0.0,0.41127725
1439,0.2,0.2,0.4,0.2,0.0,0.0,0.42471574999999995
1440,0.2,0.2,0.5,0.0,0.0,0.1,0.41035075
1441,0.2,0.2,0.5,0.0,0.1,0.0,0.41017524999999994
1442,0.2,0.2,0.5,0.1,0.0,0.0,0.4082075
1443,0.2,0.2,0.6,0.0,0.0,0.0,0.423376
1444,0.2,0.3,0.0,0.0,0.0,0.5,0.453781
1445,0.2,0.3,0.0,0.0,0.1,0.4,0.469702
1446,0.2,0.3,0.0,0.0,0.2,0.3,0.46547475
1447,0.2,0.3,0.0,0.0,0.3,0.2,0.45523975
1448,0.2,0.3,0.0,0.0,0.4,0.1,0.44289675
1449,0.2,0.3,0.0,0.0,0.5,0.0,0.43134175
1450,0.2,0.3,0.0,0.1,0.0,0.4,0.47094824999999996
1451,0.2,0.3,0.0,0.1,0.4,0.0,0.470322
1452,0.2,0.3,0.0,0.2,0.0,0.3,0.46611375
1453,0.2,0.3,0.0,0.2,0.3,0.0,0.46671575
1454,0.2,0.3,0.0,0.3,0.0,0.2,0.46740575
1455,0.2,0.3,0.0,0.3,0.2,0.0,0.46077675
1456,0.2,0.3,0.0,0.4,0.0,0.1,0.46184375
1457,0.2,0.3,0.0,0.4,0.1,0.0,0.4610835
1458,0.2,0.3,0.0,0.5,0.0,0.0,0.479391
1459,0.2,0.3,0.1,0.0,0.0,0.4,0.4331515
1460,0.2,0.3,0.1,0.0,0.4,0.0,0.43511774999999997
1461,0.2,0.3,0.1,0.4,0.0,0.0,0.43105499999999997
1462,0.2,0.3,0.2,0.0,0.0,0.3,0.42582024999999996
1463,0.2,0.3,0.2,0.0,0.3,0.0,0.41041049999999996
1464,0.2,0.3,0.2,0.3,0.0,0.0,0.41724474999999994
1465,0.2,0.3,0.3,0.0,0.0,0.2,0.4190385
1466,0.2,0.3,0.3,0.0,0.2,0.0,0.40609674999999995
1467,0.2,0.3,0.3,0.2,0.0,0.0,0.406098
1468,0.2,0.3,0.4,0.0,0.0,0.1,0.40939925
1469,0.2,0.3,0.4,0.0,0.1,0.0,0.40736399999999995
1470,0.2,0.3,0.4,0.1,0.0,0.0,0.4141685
1471,0.2,0.3,0.5,0.0,0.0,0.0,0.4146465
1472,0.2,0.4,0.0,0.0,0.0,0.4,0.452955
1473,0.2,0.4,0.0,0.0,0.1,0.3,0.4630125
1474,0.2,0.4,0.0,0.0,0.2,0.2,0.46562424999999996
1475,0.2,0.4,0.0,0.0,0.3,0.1,0.45817525
1476,0.2,0.4,0.0,0.0,0.4,0.0,0.44435025
1477,0.2,0.4,0.0,0.1,0.0,0.3,0.45731875
1478,0.2,0.4,0.0,0.1,0.3,0.0,0.45306825
1479,0.2,0.4,0.0,0.2,0.0,0.2,0.45994324999999997
1480,0.2,0.4,0.0,0.2,0.2,0.0,0.47656275000000003
1481,0.2,0.4,0.0,0.3,0.0,0.1,0.45977725
1482,0.2,0.4,0.0,0.3,0.1,0.0,0.46246575
1483,0.2,0.4,0.0,0.4,0.0,0.0,0.4559295
1484,0.2,0.4,0.1,0.0,0.0,0.3,0.42611625
1485,0.2,0.4,0.1,0.0,0.3,0.0,0.43201075
1486,0.2,0.4,0.1,0.3,0.0,0.0,0.4244645
1487,0.2,0.4,0.2,0.0,0.0,0.2,0.42394275
1488,0.2,0.4,0.2,0.0,0.2,0.0,0.4267025
1489,0.2,0.4,0.2,0.2,0.0,0.0,0.42441749999999995
1490,0.2,0.4,0.3,0.0,0.0,0.1,0.41084475
1491,0.2,0.4,0.3,0.0,0.1,0.0,0.40639625
1492,0.2,0.4,0.3,0.1,0.0,0.0,0.422417
1493,0.2,0.4,0.4,0.0,0.0,0.0,0.416996
1494,0.2,0.5,0.0,0.0,0.0,0.3,0.456701
1495,0.2,0.5,0.0,0.0,0.1,0.2,0.46413375
1496,0.2,0.5,0.0,0.0,0.2,0.1,0.4584485
1497,0.2,0.5,0.0,0.0,0.3,0.0,0.44031600000000004
1498,0.2,0.5,0.0,0.1,0.0,0.2,0.455457
1499,0.2,0.5,0.0,0.1,0.2,0.0,0.45973075
1500,0.2,0.5,0.0,0.2,0.0,0.1,0.46039175
1501,0.2,0.5,0.0,0.2,0.1,0.0,0.46234175
1502,0.2,0.5,0.0,0.3,0.0,0.0,0.45100325
1503,0.2,0.5,0.1,0.0,0.0,0.2,0.42817675
1504,0.2,0.5,0.1,0.0,0.2,0.0,0.42835575
1505,0.2,0.5,0.1,0.2,0.0,0.0,0.42912025
1506,0.2,0.5,0.2,0.0,0.0,0.1,0.4227845
1507,0.2,0.5,0.2,0.0,0.1,0.0,0.41913
1508,0.2,0.5,0.2,0.1,0.0,0.0,0.42541175
1509,0.2,0.5,0.3,0.0,0.0,0.0,0.430202
1510,0.2,0.6,0.0,0.0,0.0,0.2,0.445436
1511,0.2,0.6,0.0,0.0,0.1,0.1,0.46895875
1512,0.2,0.6,0.0,0.0,0.2,0.0,0.44873625
1513,0.2,0.6,0.0,0.1,0.0,0.1,0.46146475
1514,0.2,0.6,0.0,0.1,0.1,0.0,0.454442
1515,0.2,0.6,0.0,0.2,0.0,0.0,0.45653299999999997
1516,0.2,0.6,0.1,0.0,0.0,0.1,0.4292015
1517,0.2,0.6,0.1,0.0,0.1,0.0,0.426915
1518,0.2,0.6,0.1,0.1,0.0,0.0,0.44344775
1519,0.2,0.6,0.2,0.0,0.0,0.0,0.420197
1520,0.2,0.7,0.0,0.0,0.0,0.1,0.4593355
1521,0.2,0.7,0.0,0.0,0.1,0.0,0.44453875
1522,0.2,0.7,0.0,0.1,0.0,0.0,0.45059325
1523,0.2,0.7,0.1,0.0,0.0,0.0,0.43610125
1524,0.2,0.8,0.0,0.0,0.0,0.0,0.455824
1525,0.3,0.0,0.0,0.0,0.0,0.7,0.4666955
1526,0.3,0.0,0.0,0.0,0.1,0.6,0.522542
1527,0.3,0.0,0.0,0.0,0.2,0.5,0.5096679999999999
1528,0.3,0.0,0.0,0.0,0.3,0.4,0.504204
1529,0.3,0.0,0.0,0.0,0.4,0.3,0.46604274999999995
1530,0.3,0.0,0.0,0.0,0.5,0.2,0.45599425
1531,0.3,0.0,0.0,0.0,0.6,0.1,0.472149
1532,0.3,0.0,0.0,0.0,0.7,0.0,0.45586499999999996
1533,0.3,0.0,0.0,0.1,0.0,0.6,0.50917
1534,0.3,0.0,0.0,0.1,0.1,0.5,0.5105645
1535,0.3,0.0,0.0,0.1,0.2,0.4,0.53202075
1536,0.3,0.0,0.0,0.1,0.3,0.3,0.498978
1537,0.3,0.0,0.0,0.1,0.4,0.2,0.507574
1538,0.3,0.0,0.0,0.1,0.5,0.1,0.48605799999999993
1539,0.3,0.0,0.0,0.1,0.6,0.0,0.49617425
1540,0.3,0.0,0.0,0.2,0.0,0.5,0.5555255
1541,0.3,0.0,0.0,0.2,0.1,0.4,0.5110477499999999
1542,0.3,0.0,0.0,0.2,0.2,0.3,0.507628
1543,0.3,0.0,0.0,0.2,0.3,0.2,0.49477275
1544,0.3,0.0,0.0,0.2,0.4,0.1,0.48239299999999996
1545,0.3,0.0,0.0,0.2,0.5,0.0,0.4725895
1546,0.3,0.0,0.0,0.3,0.0,0.4,0.53259375
1547,0.3,0.0,0.0,0.3,0.1,0.3,0.52064575
1548,0.3,0.0,0.0,0.3,0.2,0.2,0.49805
1549,0.3,0.0,0.0,0.3,0.3,0.1,0.4819025
1550,0.3,0.0,0.0,0.3,0.4,0.0,0.49569474999999996
1551,0.3,0.0,0.0,0.4,0.0,0.3,0.5138259999999999
1552,0.3,0.0,0.0,0.4,0.1,0.2,0.5305805
1553,0.3,0.0,0.0,0.4,0.2,0.1,0.511979
1554,0.3,0.0,0.0,0.4,0.3,0.0,0.49738925
1555,0.3,0.0,0.0,0.5,0.0,0.2,0.5113774999999999
1556,0.3,0.0,0.0,0.5,0.1,0.1,0.51333075
1557,0.3,0.0,0.0,0.5,0.2,0.0,0.5057625
1558,0.3,0.0,0.0,0.6,0.0,0.1,0.5052117500000001
1559,0.3,0.0,0.0,0.6,0.1,0.0,0.51578
1560,0.3,0.0,0.0,0.7,0.0,0.0,0.5066899999999999
1561,0.3,0.0,0.1,0.0,0.0,0.6,0.45587599999999995
1562,0.3,0.0,0.1,0.0,0.1,0.5,0.46681374999999997
1563,0.3,0.0,0.1,0.0,0.2,0.4,0.4580295
1564,0.3,0.0,0.1,0.0,0.3,0.3,0.44946275
1565,0.3,0.0,0.1,0.0,0.4,0.2,0.4429375
1566,0.3,0.0,0.1,0.0,0.5,0.1,0.43877425
1567,0.3,0.0,0.1,0.0,0.6,0.0,0.434263
1568,0.3,0.0,0.1,0.1,0.0,0.5,0.47673875
1569,0.3,0.0,0.1,0.1,0.5,0.0,0.44165199999999993
1570,0.3,0.0,0.1,0.2,0.0,0.4,0.47583899999999996
1571,0.3,0.0,0.1,0.2,0.4,0.0,0.43320699999999995
1572,0.3,0.0,0.1,0.3,0.0,0.3,0.47455775
1573,0.3,0.0,0.1,0.3,0.3,0.0,0.4394747499999999
1574,0.3,0.0,0.1,0.4,0.0,0.2,0.46948775
1575,0.3,0.0,0.1,0.4,0.2,0.0,0.43869149999999996
1576,0.3,0.0,0.1,0.5,0.0,0.1,0.46948
1577,0.3,0.0,0.1,0.5,0.1,0.0,0.45081525
1578,0.3,0.0,0.1,0.6,0.0,0.0,0.45398799999999995
1579,0.3,0.0,0.2,0.0,0.0,0.5,0.438176
1580,0.3,0.0,0.2,0.0,0.1,0.4,0.43484174999999997
1581,0.3,0.0,0.2,0.0,0.2,0.3,0.43369399999999997
1582,0.3,0.0,0.2,0.0,0.3,0.2,0.41422224999999996
1583,0.3,0.0,0.2,0.0,0.4,0.1,0.4061905
1584,0.3,0.0,0.2,0.0,0.5,0.0,0.426666
1585,0.3,0.0,0.2,0.1,0.0,0.4,0.45710375
1586,0.3,0.0,0.2,0.1,0.4,0.0,0.42576775
1587,0.3,0.0,0.2,0.2,0.0,0.3,0.46472549999999996
1588,0.3,0.0,0.2,0.2,0.3,0.0,0.41755475
1589,0.3,0.0,0.2,0.3,0.0,0.2,0.4559835
1590,0.3,0.0,0.2,0.3,0.2,0.0,0.44252125
1591,0.3,0.0,0.2,0.4,0.0,0.1,0.4506684999999999
1592,0.3,0.0,0.2,0.4,0.1,0.0,0.43718325
1593,0.3,0.0,0.2,0.5,0.0,0.0,0.44212999999999997
1594,0.3,0.0,0.3,0.0,0.0,0.4,0.4269555
1595,0.3,0.0,0.3,0.0,0.1,0.3,0.43409
1596,0.3,0.0,0.3,0.0,0.2,0.2,0.41850525
1597,0.3,0.0,0.3,0.0,0.3,0.1,0.40654075
1598,0.3,0.0,0.3,0.0,0.4,0.0,0.41447325
1599,0.3,0.0,0.3,0.1,0.0,0.3,0.44400799999999996
1600,0.3,0.0,0.3,0.1,0.3,0.0,0.40698124999999996
1601,0.3,0.0,0.3,0.2,0.0,0.2,0.4341475
1602,0.3,0.0,0.3,0.2,0.2,0.0,0.42142625
1603,0.3,0.0,0.3,0.3,0.0,0.1,0.44625075
1604,0.3,0.0,0.3,0.3,0.1,0.0,0.42663324999999996
1605,0.3,0.0,0.3,0.4,0.0,0.0,0.43350099999999997
1606,0.3,0.0,0.4,0.0,0.0,0.3,0.43335175
1607,0.3,0.0,0.4,0.0,0.1,0.2,0.41421774999999994
1608,0.3,0.0,0.4,0.0,0.2,0.1,0.408004
1609,0.3,0.0,0.4,0.0,0.3,0.0,0.42089224999999997
1610,0.3,0.0,0.4,0.1,0.0,0.2,0.43496175
1611,0.3,0.0,0.4,0.1,0.2,0.0,0.41514625
1612,0.3,0.0,0.4,0.2,0.0,0.1,0.43608525
1613,0.3,0.0,0.4,0.2,0.1,0.0,0.42083225
1614,0.3,0.0,0.4,0.3,0.0,0.0,0.42580724999999997
1615,0.3,0.0,0.5,0.0,0.0,0.2,0.42550325
1616,0.3,0.0,0.5,0.0,0.1,0.1,0.40858975
1617,0.3,0.0,0.5,0.0,0.2,0.0,0.4212265
1618,0.3,0.0,0.5,0.1,0.0,0.1,0.43053274999999996
1619,0.3,0.0,0.5,0.1,0.1,0.0,0.41721224999999995
1620,0.3,0.0,0.5,0.2,0.0,0.0,0.41276199999999996
1621,0.3,0.0,0.6,0.0,0.0,0.1,0.4202185
1622,0.3,0.0,0.6,0.0,0.1,0.0,0.426039
1623,0.3,0.0,0.6,0.1,0.0,0.0,0.4288835
1624,0.3,0.0,0.7,0.0,0.0,0.0,0.42862749999999994
1625,0.3,0.1,0.0,0.0,0.0,0.6,0.48651774999999997
1626,0.3,0.1,0.0,0.0,0.1,0.5,0.4771415
1627,0.3,0.1,0.0,0.0,0.2,0.4,0.4759305
1628,0.3,0.1,0.0,0.0,0.3,0.3,0.46404874999999995
1629,0.3,0.1,0.0,0.0,0.4,0.2,0.4537795
1630,0.3,0.1,0.0,0.0,0.5,0.1,0.45205925
1631,0.3,0.1,0.0,0.0,0.6,0.0,0.46657499999999996
1632,0.3,0.1,0.0,0.1,0.0,0.5,0.4709295
1633,0.3,0.1,0.0,0.1,0.5,0.0,0.46222199999999997
1634,0.3,0.1,0.0,0.2,0.0,0.4,0.4888365
1635,0.3,0.1,0.0,0.2,0.4,0.0,0.47553375
1636,0.3,0.1,0.0,0.3,0.0,0.3,0.5111015
1637,0.3,0.1,0.0,0.3,0.3,0.0,0.46193474999999995
1638,0.3,0.1,0.0,0.4,0.0,0.2,0.48040025
1639,0.3,0.1,0.0,0.4,0.2,0.0,0.45961874999999996
1640,0.3,0.1,0.0,0.5,0.0,0.1,0.4763145
1641,0.3,0.1,0.0,0.5,0.1,0.0,0.475666
1642,0.3,0.1,0.0,0.6,0.0,0.0,0.49104075
1643,0.3,0.1,0.1,0.0,0.0,0.5,0.43872449999999996
1644,0.3,0.1,0.1,0.0,0.5,0.0,0.43157449999999997
1645,0.3,0.1,0.1,0.5,0.0,0.0,0.4238989999999999
1646,0.3,0.1,0.2,0.0,0.0,0.4,0.417746
1647,0.3,0.1,0.2,0.0,0.4,0.0,0.41398474999999996
1648,0.3,0.1,0.2,0.4,0.0,0.0,0.42937225
1649,0.3,0.1,0.3,0.0,0.0,0.3,0.413938
1650,0.3,0.1,0.3,0.0,0.3,0.0,0.39894175
1651,0.3,0.1,0.3,0.3,0.0,0.0,0.41088775
1652,0.3,0.1,0.4,0.0,0.0,0.2,0.4098395
1653,0.3,0.1,0.4,0.0,0.2,0.0,0.4026075
1654,0.3,0.1,0.4,0.2,0.0,0.0,0.409524
1655,0.3,0.1,0.5,0.0,0.0,0.1,0.41073149999999997
1656,0.3,0.1,0.5,0.0,0.1,0.0,0.40416025
1657,0.3,0.1,0.5,0.1,0.0,0.0,0.405768
1658,0.3,0.1,0.6,0.0,0.0,0.0,0.40799149999999995
1659,0.3,0.2,0.0,0.0,0.0,0.5,0.46159325
1660,0.3,0.2,0.0,0.0,0.1,0.4,0.47390325
1661,0.3,0.2,0.0,0.0,0.2,0.3,0.45539125
1662,0.3,0.2,0.0,0.0,0.3,0.2,0.45307225
1663,0.3,0.2,0.0,0.0,0.4,0.1,0.447237
1664,0.3,0.2,0.0,0.0,0.5,0.0,0.44528675
1665,0.3,0.2,0.0,0.1,0.0,0.4,0.46741999999999995
1666,0.3,0.2,0.0,0.1,0.4,0.0,0.471372
1667,0.3,0.2,0.0,0.2,0.0,0.3,0.46752099999999996
1668,0.3,0.2,0.0,0.2,0.3,0.0,0.47759874999999996
1669,0.3,0.2,0.0,0.3,0.0,0.2,0.469701
1670,0.3,0.2,0.0,0.3,0.2,0.0,0.44887449999999995
1671,0.3,0.2,0.0,0.4,0.0,0.1,0.46119299999999996
1672,0.3,0.2,0.0,0.4,0.1,0.0,0.47250125
1673,0.3,0.2,0.0,0.5,0.0,0.0,0.4496985
1674,0.3,0.2,0.1,0.0,0.0,0.4,0.4219075
1675,0.3,0.2,0.1,0.0,0.4,0.0,0.42476925
1676,0.3,0.2,0.1,0.4,0.0,0.0,0.44243774999999996
1677,0.3,0.2,0.2,0.0,0.0,0.3,0.41082525
1678,0.3,0.2,0.2,0.0,0.3,0.0,0.41846225
1679,0.3,0.2,0.2,0.3,0.0,0.0,0.4242855
1680,0.3,0.2,0.3,0.0,0.0,0.2,0.41161625
1681,0.3,0.2,0.3,0.0,0.2,0.0,0.400453
1682,0.3,0.2,0.3,0.2,0.0,0.0,0.40438675
1683,0.3,0.2,0.4,0.0,0.0,0.1,0.41146474999999993
1684,0.3,0.2,0.4,0.0,0.1,0.0,0.40992975
1685,0.3,0.2,0.4,0.1,0.0,0.0,0.407213
1686,0.3,0.2,0.5,0.0,0.0,0.0,0.40925
1687,0.3,0.3,0.0,0.0,0.0,0.4,0.47779099999999997
1688,0.3,0.3,0.0,0.0,0.1,0.3,0.48189374999999995
1689,0.3,0.3,0.0,0.0,0.2,0.2,0.4647065
1690,0.3,0.3,0.0,0.0,0.3,0.1,0.45811275
1691,0.3,0.3,0.0,0.0,0.4,0.0,0.442772
1692,0.3,0.3,0.0,0.1,0.0,0.3,0.47742074999999995
1693,0.3,0.3,0.0,0.1,0.3,0.0,0.44480875
1694,0.3,0.3,0.0,0.2,0.0,0.2,0.47346075
1695,0.3,0.3,0.0,0.2,0.2,0.0,0.45087525
1696,0.3,0.3,0.0,0.3,0.0,0.1,0.45749825
1697,0.3,0.3,0.0,0.3,0.1,0.0,0.44220449999999994
1698,0.3,0.3,0.0,0.4,0.0,0.0,0.455283
1699,0.3,0.3,0.1,0.0,0.0,0.3,0.42813249999999997
1700,0.3,0.3,0.1,0.0,0.3,0.0,0.42590799999999995
1701,0.3,0.3,0.1,0.3,0.0,0.0,0.4349145
1702,0.3,0.3,0.2,0.0,0.0,0.2,0.41640649999999996
1703,0.3,0.3,0.2,0.0,0.2,0.0,0.41256575
1704,0.3,0.3,0.2,0.2,0.0,0.0,0.41579725
1705,0.3,0.3,0.3,0.0,0.0,0.1,0.40329
1706,0.3,0.3,0.3,0.0,0.1,0.0,0.405389
1707,0.3,0.3,0.3,0.1,0.0,0.0,0.4095825
1708,0.3,0.3,0.4,0.0,0.0,0.0,0.40491849999999996
1709,0.3,0.4,0.0,0.0,0.0,0.3,0.453986
1710,0.3,0.4,0.0,0.0,0.1,0.2,0.4557965
1711,0.3,0.4,0.0,0.0,0.2,0.1,0.43984075
1712,0.3,0.4,0.0,0.0,0.3,0.0,0.43136525000000003
1713,0.3,0.4,0.0,0.1,0.0,0.2,0.44848025
1714,0.3,0.4,0.0,0.1,0.2,0.0,0.442237
1715,0.3,0.4,0.0,0.2,0.0,0.1,0.46238175000000004
1716,0.3,0.4,0.0,0.2,0.1,0.0,0.4457755
1717,0.3,0.4,0.0,0.3,0.0,0.0,0.45780425
1718,0.3,0.4,0.1,0.0,0.0,0.2,0.42008325
1719,0.3,0.4,0.1,0.0,0.2,0.0,0.42438925
1720,0.3,0.4,0.1,0.2,0.0,0.0,0.43572599999999995
1721,0.3,0.4,0.2,0.0,0.0,0.1,0.4161775
1722,0.3,0.4,0.2,0.0,0.1,0.0,0.42181325000000003
1723,0.3,0.4,0.2,0.1,0.0,0.0,0.41812075
1724,0.3,0.4,0.3,0.0,0.0,0.0,0.41172725
1725,0.3,0.5,0.0,0.0,0.0,0.2,0.45023799999999997
1726,0.3,0.5,0.0,0.0,0.1,0.1,0.44232
1727,0.3,0.5,0.0,0.0,0.2,0.0,0.4561675
1728,0.3,0.5,0.0,0.1,0.0,0.1,0.45068325
1729,0.3,0.5,0.0,0.1,0.1,0.0,0.43579249999999997
1730,0.3,0.5,0.0,0.2,0.0,0.0,0.464301
1731,0.3,0.5,0.1,0.0,0.0,0.1,0.42179875
1732,0.3,0.5,0.1,0.0,0.1,0.0,0.41169599999999995
1733,0.3,0.5,0.1,0.1,0.0,0.0,0.4291155
1734,0.3,0.5,0.2,0.0,0.0,0.0,0.41169075
1735,0.3,0.6,0.0,0.0,0.0,0.1,0.425892
1736,0.3,0.6,0.0,0.0,0.1,0.0,0.44843825
1737,0.3,0.6,0.0,0.1,0.0,0.0,0.456125
1738,0.3,0.6,0.1,0.0,0.0,0.0,0.42317125
1739,0.3,0.7,0.0,0.0,0.0,0.0,0.46204825
1740,0.4,0.0,0.0,0.0,0.0,0.6,0.49139674999999994
1741,0.4,0.0,0.0,0.0,0.1,0.5,0.49776475
1742,0.4,0.0,0.0,0.0,0.2,0.4,0.5026875
1743,0.4,0.0,0.0,0.0,0.3,0.3,0.52029875
1744,0.4,0.0,0.0,0.0,0.4,0.2,0.49368124999999996
1745,0.4,0.0,0.0,0.0,0.5,0.1,0.4684055
1746,0.4,0.0,0.0,0.0,0.6,0.0,0.45173549999999996
1747,0.4,0.0,0.0,0.1,0.0,0.5,0.517914
1748,0.4,0.0,0.0,0.1,0.1,0.4,0.520327
1749,0.4,0.0,0.0,0.1,0.2,0.3,0.48878425000000003
1750,0.4,0.0,0.0,0.1,0.3,0.2,0.4785595
1751,0.4,0.0,0.0,0.1,0.4,0.1,0.48893699999999995
1752,0.4,0.0,0.0,0.1,0.5,0.0,0.48128375
1753,0.4,0.0,0.0,0.2,0.0,0.4,0.4957147499999999
1754,0.4,0.0,0.0,0.2,0.1,0.3,0.5221640000000001
1755,0.4,0.0,0.0,0.2,0.2,0.2,0.51207125
1756,0.4,0.0,0.0,0.2,0.3,0.1,0.48473475
1757,0.4,0.0,0.0,0.2,0.4,0.0,0.48896399999999995
1758,0.4,0.0,0.0,0.3,0.0,0.3,0.50028325
1759,0.4,0.0,0.0,0.3,0.1,0.2,0.52167
1760,0.4,0.0,0.0,0.3,0.2,0.1,0.5046585
1761,0.4,0.0,0.0,0.3,0.3,0.0,0.46860275
1762,0.4,0.0,0.0,0.4,0.0,0.2,0.5344705
1763,0.4,0.0,0.0,0.4,0.1,0.1,0.50818575
1764,0.4,0.0,0.0,0.4,0.2,0.0,0.47745599999999994
1765,0.4,0.0,0.0,0.5,0.0,0.1,0.53992225
1766,0.4,0.0,0.0,0.5,0.1,0.0,0.49887525
1767,0.4,0.0,0.0,0.6,0.0,0.0,0.51024825
1768,0.4,0.0,0.1,0.0,0.0,0.5,0.45302824999999997
1769,0.4,0.0,0.1,0.0,0.1,0.4,0.444115
1770,0.4,0.0,0.1,0.0,0.2,0.3,0.44484775
1771,0.4,0.0,0.1,0.0,0.3,0.2,0.44683799999999996
1772,0.4,0.0,0.1,0.0,0.4,0.1,0.43577425
1773,0.4,0.0,0.1,0.0,0.5,0.0,0.435964
1774,0.4,0.0,0.1,0.1,0.0,0.4,0.46963799999999994
1775,0.4,0.0,0.1,0.1,0.4,0.0,0.4452365
1776,0.4,0.0,0.1,0.2,0.0,0.3,0.45828624999999995
1777,0.4,0.0,0.1,0.2,0.3,0.0,0.45600624999999995
1778,0.4,0.0,0.1,0.3,0.0,0.2,0.47353225
1779,0.4,0.0,0.1,0.3,0.2,0.0,0.44368825
1780,0.4,0.0,0.1,0.4,0.0,0.1,0.4610735
1781,0.4,0.0,0.1,0.4,0.1,0.0,0.447392
1782,0.4,0.0,0.1,0.5,0.0,0.0,0.45890549999999997
1783,0.4,0.0,0.2,0.0,0.0,0.4,0.4277955
1784,0.4,0.0,0.2,0.0,0.1,0.3,0.44243574999999996
1785,0.4,0.0,0.2,0.0,0.2,0.2,0.4338105
1786,0.4,0.0,0.2,0.0,0.3,0.1,0.41444149999999996
1787,0.4,0.0,0.2,0.0,0.4,0.0,0.42396725
1788,0.4,0.0,0.2,0.1,0.0,0.3,0.44902299999999995
1789,0.4,0.0,0.2,0.1,0.3,0.0,0.42445449999999996
1790,0.4,0.0,0.2,0.2,0.0,0.2,0.45495699999999994
1791,0.4,0.0,0.2,0.2,0.2,0.0,0.43242975
1792,0.4,0.0,0.2,0.3,0.0,0.1,0.43405775
1793,0.4,0.0,0.2,0.3,0.1,0.0,0.43424725
1794,0.4,0.0,0.2,0.4,0.0,0.0,0.43629399999999996
1795,0.4,0.0,0.3,0.0,0.0,0.3,0.42330049999999997
1796,0.4,0.0,0.3,0.0,0.1,0.2,0.42621449999999994
1797,0.4,0.0,0.3,0.0,0.2,0.1,0.41473525
1798,0.4,0.0,0.3,0.0,0.3,0.0,0.420757
1799,0.4,0.0,0.3,0.1,0.0,0.2,0.43167449999999996
1800,0.4,0.0,0.3,0.1,0.2,0.0,0.42302049999999997
1801,0.4,0.0,0.3,0.2,0.0,0.1,0.42275349999999995
1802,0.4,0.0,0.3,0.2,0.1,0.0,0.42830974999999993
1803,0.4,0.0,0.3,0.3,0.0,0.0,0.42969549999999995
1804,0.4,0.0,0.4,0.0,0.0,0.2,0.41905974999999995
1805,0.4,0.0,0.4,0.0,0.1,0.1,0.41409624999999994
1806,0.4,0.0,0.4,0.0,0.2,0.0,0.42303025
1807,0.4,0.0,0.4,0.1,0.0,0.1,0.4167894999999999
1808,0.4,0.0,0.4,0.1,0.1,0.0,0.41972525
1809,0.4,0.0,0.4,0.2,0.0,0.0,0.41969899999999993
1810,0.4,0.0,0.5,0.0,0.0,0.1,0.42227049999999994
1811,0.4,0.0,0.5,0.0,0.1,0.0,0.42062225
1812,0.4,0.0,0.5,0.1,0.0,0.0,0.414315
1813,0.4,0.0,0.6,0.0,0.0,0.0,0.4202885
1814,0.4,0.1,0.0,0.0,0.0,0.5,0.4721745
1815,0.4,0.1,0.0,0.0,0.1,0.4,0.47188925
1816,0.4,0.1,0.0,0.0,0.2,0.3,0.500031
1817,0.4,0.1,0.0,0.0,0.3,0.2,0.4583625
1818,0.4,0.1,0.0,0.0,0.4,0.1,0.45536075
1819,0.4,0.1,0.0,0.0,0.5,0.0,0.45715374999999997
1820,0.4,0.1,0.0,0.1,0.0,0.4,0.47769799999999996
1821,0.4,0.1,0.0,0.1,0.4,0.0,0.46273025
1822,0.4,0.1,0.0,0.2,0.0,0.3,0.5105519999999999
1823,0.4,0.1,0.0,0.2,0.3,0.0,0.4666635
1824,0.4,0.1,0.0,0.3,0.0,0.2,0.49370625
1825,0.4,0.1,0.0,0.3,0.2,0.0,0.46811474999999997
1826,0.4,0.1,0.0,0.4,0.0,0.1,0.49372649999999996
1827,0.4,0.1,0.0,0.4,0.1,0.0,0.46635324999999994
1828,0.4,0.1,0.0,0.5,0.0,0.0,0.5059612499999999
1829,0.4,0.1,0.1,0.0,0.0,0.4,0.43060875
1830,0.4,0.1,0.1,0.0,0.4,0.0,0.42846175
1831,0.4,0.1,0.1,0.4,0.0,0.0,0.44289324999999996
1832,0.4,0.1,0.2,0.0,0.0,0.3,0.41866549999999997
1833,0.4,0.1,0.2,0.0,0.3,0.0,0.40774475
1834,0.4,0.1,0.2,0.3,0.0,0.0,0.414244
1835,0.4,0.1,0.3,0.0,0.0,0.2,0.4172275
1836,0.4,0.1,0.3,0.0,0.2,0.0,0.40937949999999995
1837,0.4,0.1,0.3,0.2,0.0,0.0,0.4063385
1838,0.4,0.1,0.4,0.0,0.0,0.1,0.39993524999999996
1839,0.4,0.1,0.4,0.0,0.1,0.0,0.40340224999999996
1840,0.4,0.1,0.4,0.1,0.0,0.0,0.39403675
1841,0.4,0.1,0.5,0.0,0.0,0.0,0.41013625
1842,0.4,0.2,0.0,0.0,0.0,0.4,0.45986174999999996
1843,0.4,0.2,0.0,0.0,0.1,0.3,0.46751925
1844,0.4,0.2,0.0,0.0,0.2,0.2,0.46241925
1845,0.4,0.2,0.0,0.0,0.3,0.1,0.44341175
1846,0.4,0.2,0.0,0.0,0.4,0.0,0.43579599999999996
1847,0.4,0.2,0.0,0.1,0.0,0.3,0.45880075
1848,0.4,0.2,0.0,0.1,0.3,0.0,0.44542649999999995
1849,0.4,0.2,0.0,0.2,0.0,0.2,0.47335599999999994
1850,0.4,0.2,0.0,0.2,0.2,0.0,0.457349
1851,0.4,0.2,0.0,0.3,0.0,0.1,0.46077599999999996
1852,0.4,0.2,0.0,0.3,0.1,0.0,0.4511385
1853,0.4,0.2,0.0,0.4,0.0,0.0,0.46260025
1854,0.4,0.2,0.1,0.0,0.0,0.3,0.42502124999999996
1855,0.4,0.2,0.1,0.0,0.3,0.0,0.420091
1856,0.4,0.2,0.1,0.3,0.0,0.0,0.42905
1857,0.4,0.2,0.2,0.0,0.0,0.2,0.42389675
1858,0.4,0.2,0.2,0.0,0.2,0.0,0.42218075
1859,0.4,0.2,0.2,0.2,0.0,0.0,0.42449025
1860,0.4,0.2,0.3,0.0,0.0,0.1,0.40561274999999997
1861,0.4,0.2,0.3,0.0,0.1,0.0,0.40994574999999994
1862,0.4,0.2,0.3,0.1,0.0,0.0,0.4033715
1863,0.4,0.2,0.4,0.0,0.0,0.0,0.40919349999999993
1864,0.4,0.3,0.0,0.0,0.0,0.3,0.46554850000000003
1865,0.4,0.3,0.0,0.0,0.1,0.2,0.45650225
1866,0.4,0.3,0.0,0.0,0.2,0.1,0.4426195
1867,0.4,0.3,0.0,0.0,0.3,0.0,0.44124675
1868,0.4,0.3,0.0,0.1,0.0,0.2,0.4547055
1869,0.4,0.3,0.0,0.1,0.2,0.0,0.448137
1870,0.4,0.3,0.0,0.2,0.0,0.1,0.44182299999999997
1871,0.4,0.3,0.0,0.2,0.1,0.0,0.4452315
1872,0.4,0.3,0.0,0.3,0.0,0.0,0.455025
1873,0.4,0.3,0.1,0.0,0.0,0.2,0.42207174999999997
1874,0.4,0.3,0.1,0.0,0.2,0.0,0.43374
1875,0.4,0.3,0.1,0.2,0.0,0.0,0.42449475000000003
1876,0.4,0.3,0.2,0.0,0.0,0.1,0.40019499999999997
1877,0.4,0.3,0.2,0.0,0.1,0.0,0.41882949999999997
1878,0.4,0.3,0.2,0.1,0.0,0.0,0.40749025
1879,0.4,0.3,0.3,0.0,0.0,0.0,0.407022
1880,0.4,0.4,0.0,0.0,0.0,0.2,0.45163299999999995
1881,0.4,0.4,0.0,0.0,0.1,0.1,0.460034
1882,0.4,0.4,0.0,0.0,0.2,0.0,0.46131449999999996
1883,0.4,0.4,0.0,0.1,0.0,0.1,0.45315649999999996
1884,0.4,0.4,0.0,0.1,0.1,0.0,0.445275
1885,0.4,0.4,0.0,0.2,0.0,0.0,0.44397925
1886,0.4,0.4,0.1,0.0,0.0,0.1,0.41951825
1887,0.4,0.4,0.1,0.0,0.1,0.0,0.4308805
1888,0.4,0.4,0.1,0.1,0.0,0.0,0.43306599999999995
1889,0.4,0.4,0.2,0.0,0.0,0.0,0.42139375
1890,0.4,0.5,0.0,0.0,0.0,0.1,0.43792825
1891,0.4,0.5,0.0,0.0,0.1,0.0,0.45929775
1892,0.4,0.5,0.0,0.1,0.0,0.0,0.4670485
1893,0.4,0.5,0.1,0.0,0.0,0.0,0.420528
1894,0.4,0.6,0.0,0.0,0.0,0.0,0.428612
1895,0.5,0.0,0.0,0.0,0.0,0.5,0.5092814999999999
1896,0.5,0.0,0.0,0.0,0.1,0.4,0.5286845
1897,0.5,0.0,0.0,0.0,0.2,0.3,0.49812324999999996
1898,0.5,0.0,0.0,0.0,0.3,0.2,0.4936405
1899,0.5,0.0,0.0,0.0,0.4,0.1,0.4783975
1900,0.5,0.0,0.0,0.0,0.5,0.0,0.45924899999999996
1901,0.5,0.0,0.0,0.1,0.0,0.4,0.51679775
1902,0.5,0.0,0.0,0.1,0.1,0.3,0.52192525
1903,0.5,0.0,0.0,0.1,0.2,0.2,0.48897799999999997
1904,0.5,0.0,0.0,0.1,0.3,0.1,0.48610200000000003
1905,0.5,0.0,0.0,0.1,0.4,0.0,0.5023584999999999
1906,0.5,0.0,0.0,0.2,0.0,0.3,0.49599724999999995
1907,0.5,0.0,0.0,0.2,0.1,0.2,0.49860425
1908,0.5,0.0,0.0,0.2,0.2,0.1,0.48892625
1909,0.5,0.0,0.0,0.2,0.3,0.0,0.48889249999999995
1910,0.5,0.0,0.0,0.3,0.0,0.2,0.511374
1911,0.5,0.0,0.0,0.3,0.1,0.1,0.534825
1912,0.5,0.0,0.0,0.3,0.2,0.0,0.47461624999999996
1913,0.5,0.0,0.0,0.4,0.0,0.1,0.5197795
1914,0.5,0.0,0.0,0.4,0.1,0.0,0.48120399999999997
1915,0.5,0.0,0.0,0.5,0.0,0.0,0.5173505
1916,0.5,0.0,0.1,0.0,0.0,0.4,0.44321325
1917,0.5,0.0,0.1,0.0,0.1,0.3,0.45608225
1918,0.5,0.0,0.1,0.0,0.2,0.2,0.45860225
1919,0.5,0.0,0.1,0.0,0.3,0.1,0.43587725
1920,0.5,0.0,0.1,0.0,0.4,0.0,0.446739
1921,0.5,0.0,0.1,0.1,0.0,0.3,0.45825224999999997
1922,0.5,0.0,0.1,0.1,0.3,0.0,0.44462425
1923,0.5,0.0,0.1,0.2,0.0,0.2,0.45053624999999997
1924,0.5,0.0,0.1,0.2,0.2,0.0,0.44434799999999997
1925,0.5,0.0,0.1,0.3,0.0,0.1,0.47341124999999995
1926,0.5,0.0,0.1,0.3,0.1,0.0,0.44407574999999994
1927,0.5,0.0,0.1,0.4,0.0,0.0,0.45776775000000003
1928,0.5,0.0,0.2,0.0,0.0,0.3,0.43059374999999994
1929,0.5,0.0,0.2,0.0,0.1,0.2,0.43700075
1930,0.5,0.0,0.2,0.0,0.2,0.1,0.42466225
1931,0.5,0.0,0.2,0.0,0.3,0.0,0.42885399999999996
1932,0.5,0.0,0.2,0.1,0.0,0.2,0.43704049999999994
1933,0.5,0.0,0.2,0.1,0.2,0.0,0.43728524999999996
1934,0.5,0.0,0.2,0.2,0.0,0.1,0.436873
1935,0.5,0.0,0.2,0.2,0.1,0.0,0.4427085
1936,0.5,0.0,0.2,0.3,0.0,0.0,0.44131299999999996
1937,0.5,0.0,0.3,0.0,0.0,0.2,0.42969475
1938,0.5,0.0,0.3,0.0,0.1,0.1,0.4214855
1939,0.5,0.0,0.3,0.0,0.2,0.0,0.42140299999999997
1940,0.5,0.0,0.3,0.1,0.0,0.1,0.4255805
1941,0.5,0.0,0.3,0.1,0.1,0.0,0.4188495
1942,0.5,0.0,0.3,0.2,0.0,0.0,0.42131399999999997
1943,0.5,0.0,0.4,0.0,0.0,0.1,0.41360399999999997
1944,0.5,0.0,0.4,0.0,0.1,0.0,0.423784
1945,0.5,0.0,0.4,0.1,0.0,0.0,0.425994
1946,0.5,0.0,0.5,0.0,0.0,0.0,0.429161
1947,0.5,0.1,0.0,0.0,0.0,0.4,0.46656549999999997
1948,0.5,0.1,0.0,0.0,0.1,0.3,0.49457075000000006
1949,0.5,0.1,0.0,0.0,0.2,0.2,0.4900335
1950,0.5,0.1,0.0,0.0,0.3,0.1,0.46981375
1951,0.5,0.1,0.0,0.0,0.4,0.0,0.463596
1952,0.5,0.1,0.0,0.1,0.0,0.3,0.50902875
1953,0.5,0.1,0.0,0.1,0.3,0.0,0.45379725
1954,0.5,0.1,0.0,0.2,0.0,0.2,0.489109
1955,0.5,0.1,0.0,0.2,0.2,0.0,0.45696425
1956,0.5,0.1,0.0,0.3,0.0,0.1,0.49116275
1957,0.5,0.1,0.0,0.3,0.1,0.0,0.45451949999999997
1958,0.5,0.1,0.0,0.4,0.0,0.0,0.4695825
1959,0.5,0.1,0.1,0.0,0.0,0.3,0.43543525
1960,0.5,0.1,0.1,0.0,0.3,0.0,0.435971
1961,0.5,0.1,0.1,0.3,0.0,0.0,0.42207775
1962,0.5,0.1,0.2,0.0,0.0,0.2,0.41477674999999997
1963,0.5,0.1,0.2,0.0,0.2,0.0,0.42037225
1964,0.5,0.1,0.2,0.2,0.0,0.0,0.41073175
1965,0.5,0.1,0.3,0.0,0.0,0.1,0.40046249999999994
1966,0.5,0.1,0.3,0.0,0.1,0.0,0.413788
1967,0.5,0.1,0.3,0.1,0.0,0.0,0.40540875
1968,0.5,0.1,0.4,0.0,0.0,0.0,0.40504399999999996
1969,0.5,0.2,0.0,0.0,0.0,0.3,0.462648
1970,0.5,0.2,0.0,0.0,0.1,0.2,0.47668049999999995
1971,0.5,0.2,0.0,0.0,0.2,0.1,0.46469475
1972,0.5,0.2,0.0,0.0,0.3,0.0,0.45559924999999996
1973,0.5,0.2,0.0,0.1,0.0,0.2,0.46315874999999995
1974,0.5,0.2,0.0,0.1,0.2,0.0,0.44312775000000004
1975,0.5,0.2,0.0,0.2,0.0,0.1,0.45804875
1976,0.5,0.2,0.0,0.2,0.1,0.0,0.454855
1977,0.5,0.2,0.0,0.3,0.0,0.0,0.49441250000000003
1978,0.5,0.2,0.1,0.0,0.0,0.2,0.41784375
1979,0.5,0.2,0.1,0.0,0.2,0.0,0.4253205
1980,0.5,0.2,0.1,0.2,0.0,0.0,0.43168575
1981,0.5,0.2,0.2,0.0,0.0,0.1,0.40480125
1982,0.5,0.2,0.2,0.0,0.1,0.0,0.40996449999999995
1983,0.5,0.2,0.2,0.1,0.0,0.0,0.40956499999999996
1984,0.5,0.2,0.3,0.0,0.0,0.0,0.41357775
1985,0.5,0.3,0.0,0.0,0.0,0.2,0.46241825000000003
1986,0.5,0.3,0.0,0.0,0.1,0.1,0.46502049999999995
1987,0.5,0.3,0.0,0.0,0.2,0.0,0.434014
1988,0.5,0.3,0.0,0.1,0.0,0.1,0.45591774999999995
1989,0.5,0.3,0.0,0.1,0.1,0.0,0.4422285
1990,0.5,0.3,0.0,0.2,0.0,0.0,0.44869499999999995
1991,0.5,0.3,0.1,0.0,0.0,0.1,0.41132224999999994
1992,0.5,0.3,0.1,0.0,0.1,0.0,0.430048
1993,0.5,0.3,0.1,0.1,0.0,0.0,0.4288595
1994,0.5,0.3,0.2,0.0,0.0,0.0,0.41524275
1995,0.5,0.4,0.0,0.0,0.0,0.1,0.43246674999999996
1996,0.5,0.4,0.0,0.0,0.1,0.0,0.43101075
1997,0.5,0.4,0.0,0.1,0.0,0.0,0.450022
1998,0.5,0.4,0.1,0.0,0.0,0.0,0.436102
1999,0.5,0.5,0.0,0.0,0.0,0.0,0.44526175
2000,0.6,0.0,0.0,0.0,0.0,0.4,0.470474
2001,0.6,0.0,0.0,0.0,0.1,0.3,0.48975175
2002,0.6,0.0,0.0,0.0,0.2,0.2,0.48687825
2003,0.6,0.0,0.0,0.0,0.3,0.1,0.48518075
2004,0.6,0.0,0.0,0.0,0.4,0.0,0.46666825
2005,0.6,0.0,0.0,0.1,0.0,0.3,0.47506325
2006,0.6,0.0,0.0,0.1,0.1,0.2,0.5031472499999999
2007,0.6,0.0,0.0,0.1,0.2,0.1,0.515722
2008,0.6,0.0,0.0,0.1,0.3,0.0,0.5004415
2009,0.6,0.0,0.0,0.2,0.0,0.2,0.51170275
2010,0.6,0.0,0.0,0.2,0.1,0.1,0.51861125
2011,0.6,0.0,0.0,0.2,0.2,0.0,0.49409474999999997
2012,0.6,0.0,0.0,0.3,0.0,0.1,0.534203
2013,0.6,0.0,0.0,0.3,0.1,0.0,0.5112367499999999
2014,0.6,0.0,0.0,0.4,0.0,0.0,0.5003837499999999
2015,0.6,0.0,0.1,0.0,0.0,0.3,0.437138
2016,0.6,0.0,0.1,0.0,0.1,0.2,0.45132225
2017,0.6,0.0,0.1,0.0,0.2,0.1,0.44868399999999997
2018,0.6,0.0,0.1,0.0,0.3,0.0,0.44744649999999997
2019,0.6,0.0,0.1,0.1,0.0,0.2,0.45717625
2020,0.6,0.0,0.1,0.1,0.2,0.0,0.45265475
2021,0.6,0.0,0.1,0.2,0.0,0.1,0.45416399999999996
2022,0.6,0.0,0.1,0.2,0.1,0.0,0.4443985
2023,0.6,0.0,0.1,0.3,0.0,0.0,0.46491225
2024,0.6,0.0,0.2,0.0,0.0,0.2,0.43526
2025,0.6,0.0,0.2,0.0,0.1,0.1,0.433314
2026,0.6,0.0,0.2,0.0,0.2,0.0,0.4393085
2027,0.6,0.0,0.2,0.1,0.0,0.1,0.44817599999999996
2028,0.6,0.0,0.2,0.1,0.1,0.0,0.44260075
2029,0.6,0.0,0.2,0.2,0.0,0.0,0.44219875
2030,0.6,0.0,0.3,0.0,0.0,0.1,0.42034499999999997
2031,0.6,0.0,0.3,0.0,0.1,0.0,0.44272775
2032,0.6,0.0,0.3,0.1,0.0,0.0,0.41798250000000003
2033,0.6,0.0,0.4,0.0,0.0,0.0,0.425576
2034,0.6,0.1,0.0,0.0,0.0,0.3,0.47945525
2035,0.6,0.1,0.0,0.0,0.1,0.2,0.48767974999999997
2036,0.6,0.1,0.0,0.0,0.2,0.1,0.436093
2037,0.6,0.1,0.0,0.0,0.3,0.0,0.46798275
2038,0.6,0.1,0.0,0.1,0.0,0.2,0.481918
2039,0.6,0.1,0.0,0.1,0.2,0.0,0.44688525
2040,0.6,0.1,0.0,0.2,0.0,0.1,0.482013
2041,0.6,0.1,0.0,0.2,0.1,0.0,0.45639050000000003
2042,0.6,0.1,0.0,0.3,0.0,0.0,0.46798074999999995
2043,0.6,0.1,0.1,0.0,0.0,0.2,0.43100074999999993
2044,0.6,0.1,0.1,0.0,0.2,0.0,0.42630049999999997
2045,0.6,0.1,0.1,0.2,0.0,0.0,0.44012799999999996
2046,0.6,0.1,0.2,0.0,0.0,0.1,0.41851525
2047,0.6,0.1,0.2,0.0,0.1,0.0,0.41597775
2048,0.6,0.1,0.2,0.1,0.0,0.0,0.42315899999999995
2049,0.6,0.1,0.3,0.0,0.0,0.0,0.4048905
2050,0.6,0.2,0.0,0.0,0.0,0.2,0.450581
2051,0.6,0.2,0.0,0.0,0.1,0.1,0.452956
2052,0.6,0.2,0.0,0.0,0.2,0.0,0.45343325
2053,0.6,0.2,0.0,0.1,0.0,0.1,0.44960124999999995
2054,0.6,0.2,0.0,0.1,0.1,0.0,0.4472075
2055,0.6,0.2,0.0,0.2,0.0,0.0,0.47458275
2056,0.6,0.2,0.1,0.0,0.0,0.1,0.430661
2057,0.6,0.2,0.1,0.0,0.1,0.0,0.42589525
2058,0.6,0.2,0.1,0.1,0.0,0.0,0.428082
2059,0.6,0.2,0.2,0.0,0.0,0.0,0.417834
2060,0.6,0.3,0.0,0.0,0.0,0.1,0.44452975
2061,0.6,0.3,0.0,0.0,0.1,0.0,0.441223
2062,0.6,0.3,0.0,0.1,0.0,0.0,0.44780299999999995
2063,0.6,0.3,0.1,0.0,0.0,0.0,0.4278875
2064,0.6,0.4,0.0,0.0,0.0,0.0,0.4639315
2065,0.7,0.0,0.0,0.0,0.0,0.3,0.495202
2066,0.7,0.0,0.0,0.0,0.1,0.2,0.485532
2067,0.7,0.0,0.0,0.0,0.2,0.1,0.47927825
2068,0.7,0.0,0.0,0.0,0.3,0.0,0.47344974999999995
2069,0.7,0.0,0.0,0.1,0.0,0.2,0.5333985
2070,0.7,0.0,0.0,0.1,0.1,0.1,0.48987424999999996
2071,0.7,0.0,0.0,0.1,0.2,0.0,0.47751449999999995
2072,0.7,0.0,0.0,0.2,0.0,0.1,0.53293075
2073,0.7,0.0,0.0,0.2,0.1,0.0,0.48481
2074,0.7,0.0,0.0,0.3,0.0,0.0,0.5022555
2075,0.7,0.0,0.1,0.0,0.0,0.2,0.436462
2076,0.7,0.0,0.1,0.0,0.1,0.1,0.46158475
2077,0.7,0.0,0.1,0.0,0.2,0.0,0.45230899999999996
2078,0.7,0.0,0.1,0.1,0.0,0.1,0.452955
2079,0.7,0.0,0.1,0.1,0.1,0.0,0.449929
2080,0.7,0.0,0.1,0.2,0.0,0.0,0.46113624999999997
2081,0.7,0.0,0.2,0.0,0.0,0.1,0.43255
2082,0.7,0.0,0.2,0.0,0.1,0.0,0.431896
2083,0.7,0.0,0.2,0.1,0.0,0.0,0.45132799999999995
2084,0.7,0.0,0.3,0.0,0.0,0.0,0.42843875
2085,0.7,0.1,0.0,0.0,0.0,0.2,0.47305425
2086,0.7,0.1,0.0,0.0,0.1,0.1,0.47052925
2087,0.7,0.1,0.0,0.0,0.2,0.0,0.478338
2088,0.7,0.1,0.0,0.1,0.0,0.1,0.46712975
2089,0.7,0.1,0.0,0.1,0.1,0.0,0.46482924999999997
2090,0.7,0.1,0.0,0.2,0.0,0.0,0.4779965
2091,0.7,0.1,0.1,0.0,0.0,0.1,0.41943425
2092,0.7,0.1,0.1,0.0,0.1,0.0,0.42786099999999994
2093,0.7,0.1,0.1,0.1,0.0,0.0,0.43223475
2094,0.7,0.1,0.2,0.0,0.0,0.0,0.41474275
2095,0.7,0.2,0.0,0.0,0.0,0.1,0.445058
2096,0.7,0.2,0.0,0.0,0.1,0.0,0.455335
2097,0.7,0.2,0.0,0.1,0.0,0.0,0.45692075
2098,0.7,0.2,0.1,0.0,0.0,0.0,0.43975875
2099,0.7,0.3,0.0,0.0,0.0,0.0,0.43392225
2100,0.8,0.0,0.0,0.0,0.0,0.2,0.49136124999999997
2101,0.8,0.0,0.0,0.0,0.1,0.1,0.49046749999999995
2102,0.8,0.0,0.0,0.0,0.2,0.0,0.50125025
2103,0.8,0.0,0.0,0.1,0.0,0.1,0.523017
2104,0.8,0.0,0.0,0.1,0.1,0.0,0.517017
2105,0.8,0.0,0.0,0.2,0.0,0.0,0.48724075
2106,0.8,0.0,0.1,0.0,0.0,0.1,0.4601
2107,0.8,0.0,0.1,0.0,0.1,0.0,0.4572015
2108,0.8,0.0,0.1,0.1,0.0,0.0,0.47574075
2109,0.8,0.0,0.2,0.0,0.0,0.0,0.44456999999999997
2110,0.8,0.1,0.0,0.0,0.0,0.1,0.46279875000000004
2111,0.8,0.1,0.0,0.0,0.1,0.0,0.47373975
2112,0.8,0.1,0.0,0.1,0.0,0.0,0.45948425000000004
2113,0.8,0.1,0.1,0.0,0.0,0.0,0.4400385
2114,0.8,0.2,0.0,0.0,0.0,0.0,0.462595
2115,0.9,0.0,0.0,0.0,0.0,0.1,0.50070625
2116,0.9,0.0,0.0,0.0,0.1,0.0,0.48543625
2117,0.9,0.0,0.0,0.1,0.0,0.0,0.47891775000000003
2118,0.9,0.0,0.1,0.0,0.0,0.0,0.4641145
2119,0.9,0.1,0.0,0.0,0.0,0.0,0.48850024999999997
2120,1.0,0.0,0.0,0.0,0.0,0.0,0.48087325000000003
