,SdssC,BIC3,Xc-5d,IC0,nO,SRW09,BIC4,NdO,GGI4,n6ARing,SIC3,AETA_beta_ns_d,JGI10,C3SP2,SlogP_VSA2,GhoseFilter,nG12FAHRing,RotRatio,JGI3,SlogP_VSA8,target
0,3.373806131472077,0.7266904949199204,0.8199072360665389,1.2069084251518167,0,0.0,0.813999852459936,0,1.155555555555556,0,0.7685783476265621,0.0,0.0069699520457096,5,0.0,False,0,0.1071428571428571,0.0472560975609756,23.278943197061757,2.2644584
1,3.3839530552553643,0.7266904949199204,0.8199072360665389,1.3318495715684096,0,0.0,0.813999852459936,0,1.155555555555556,0,0.7685783476265621,0.0,0.0069699520457096,4,8.073872300533118,False,0,0.1428571428571428,0.0472560975609756,23.278943197061757,2.5910647
2,3.373956286218191,0.699335865576738,0.3868945341743197,1.2326602568158205,0,0.0,0.8660025322434045,0,0.8444444444444447,0,0.7554779969856077,0.0,0.0018829247479385,4,0.0,True,0,0.125,0.0416666666666666,23.278943197061757,2.2552724
3,3.2219052343159484,0.7517299169044169,0.7365739027332057,1.3849586277872934,1,0.0,0.7794270440823695,0,1.2044444444444449,0,0.7900156777110281,0.0238095238095238,0.009297520661157,3,5.106527394840706,True,0,0.0909090909090909,0.0546875,12.152040213667762,1.9138138
4,3.3480639802217187,0.7127633807683987,2.5472340745130277,1.372905595320056,1,0.0,0.7291905857646037,0,1.884444444444445,0,0.7345523884016688,0.0178571428571428,0.0097670924117205,3,8.317393252699539,False,0,0.1379310344827586,0.0516304347826086,12.152040213667762,2.672098
5,3.4081183862433866,0.7212267559548915,0.7365739027332057,1.2448406699719212,0,0.0,0.772466039151441,0,1.0133333333333336,0,0.7591074115787098,0.0,0.00886206946813,3,0.0,True,0,0.0952380952380952,0.05625,12.152040213667762,3.1643937
6,3.4161139455782314,0.7753833819320365,0.470227867507653,1.2582296369090873,0,0.0,0.8320121153154455,0,0.9733333333333336,0,0.8202775130286144,0.0,0.0074482195694316,3,0.0,True,0,0.15,0.0513392857142857,12.152040213667762,2.4771214
7,3.435323811623415,0.828562742903617,0.3035612008409863,1.2448406699719212,0,0.0,0.8798020261001667,0,0.9333333333333336,0,0.8720809563746397,0.0,0.002944305974609,3,0.0,True,0,0.238095238095238,0.0424107142857142,12.152040213667762,1.5682018
8,3.439166627299068,0.7368299102532426,0.3035612008409863,1.3698151284300626,0,0.0,0.7835490349460337,0,1.2533333333333336,0,0.7721971055010451,0.0,0.0096362049224002,3,8.073872300533118,True,0,0.1818181818181818,0.0581896551724137,12.152040213667762,2.146128
9,3.0588420414462085,0.7436123935981938,2.114221372620808,1.5749523572407695,1,0.0,0.7651368228224561,0,1.764444444444445,0,0.7732229345332027,0.04,0.01135725946332,2,8.317393252699539,False,0,0.1538461538461538,0.046875,12.152040213667762,2.1276362
10,2.9263529856387,0.7568051062753326,1.169586604625425,1.657265338157648,3,0.0,0.7818658296441835,2,1.3244444444444443,0,0.8000496907841063,0.0,0.0076814319238561,3,12.9705468580193,True,0,0.12,0.0592105263157894,12.152040213667762,1.6532125
11,2.4379506802721096,0.7187057579889368,1.169586604625425,1.968873874720721,6,0.0,0.7187057579889368,4,1.3244444444444443,0,0.7803134698574336,0.0,0.0076814319238561,2,25.9410937160386,True,0,0.16,0.0592105263157894,12.152040213667762,0.39794
12,3.40721300348014,0.7127180385621782,1.2529199379587586,1.2804125884973652,0,0.0,0.766743546693219,0,1.4666666666666668,0,0.7444554413066278,0.0,0.0071820532953602,5,8.073872300533118,False,0,0.125,0.0510204081632653,23.278943197061757,2.7923918
13,3.3748339474678763,0.7127633807683987,2.5472340745130277,1.439525179119997,1,0.0,0.7291905857646037,0,1.884444444444445,0,0.7345523884016688,0.0178571428571428,0.0097670924117205,2,16.391265553232657,False,0,0.1724137931034483,0.0516304347826086,12.152040213667762,2.919078
14,3.434888353489544,0.7212267559548915,0.7365739027332057,1.3914665048326014,0,0.0,0.772466039151441,0,1.0133333333333336,0,0.7591074115787098,0.0,0.00886206946813,2,8.073872300533118,True,0,0.1428571428571428,0.05625,12.152040213667762,3.0791812
15,3.47430476694324,0.7576118988084423,1.0850356152625436,1.2274504770665493,0,0.0,0.8022978027283287,0,1.484444444444445,0,0.7765879164610618,0.0,0.0062003092306122,3,8.073872300533118,False,0,0.3125,0.0531914893617021,12.152040213667762,1.4149734
16,3.482300326278085,0.7818428708123694,0.818689580036991,1.237415663761076,0,0.0,0.8289173041226109,0,1.4444444444444446,0,0.80245213993536,0.0,0.0060240451654593,3,8.073872300533118,False,0,0.3548387096774194,0.05,12.152040213667762,1.462398
17,3.5015101923232685,0.7811375191020081,0.6520229133703244,1.2274504770665493,0,0.0,0.83922919419786,0,1.4044444444444446,0,0.8007027864571227,0.0,0.005242793121581,3,8.073872300533118,False,0,0.40625,0.0444444444444444,12.152040213667762,1.39794
18,3.467667862181335,0.7769124422490704,0.6520229133703244,1.2718108456786592,0,0.0,0.8460796356862288,0,1.1733333333333331,0,0.8011399176039566,0.0,0.0060896041757285,2,8.073872300533118,False,0,0.3571428571428571,0.0496794871794871,12.152040213667762,1.5314789
19,3.4464682539682543,0.6971236174198265,2.971332926677937,1.1968693094032663,0,7.661527081358517,0.7394632933165984,0,1.5022222222222226,0,0.7259386755159266,0.0,0.009931129476584,4,0.0,False,0,0.074074074074074,0.0870726495726495,12.152040213667762,4.1037498
20,2.668258692365836,0.7263925730972647,0.9142634612365024,1.4323591457496476,0,7.368339686311381,0.7572841896077427,0,1.6444444444444446,0,0.7611834233831933,0.04,0.0112746148352208,4,0.0,False,0,0.074074074074074,0.0928030303030303,12.152040213667762,4.1818438
21,3.4288350340136056,0.7263925730972646,0.9142634612365024,1.347912390625054,0,7.368339686311381,0.7572841896077427,0,1.4533333333333336,0,0.7611834233831932,0.0208333333333333,0.0136210590756045,4,0.0,False,0,0.0769230769230769,0.0868055555555555,12.152040213667762,4.056905
22,3.4649744897959183,0.715424951001188,0.9142634612365024,1.2069084251518167,0,7.368339686311381,0.7511419511207534,0,1.4533333333333336,0,0.7471840772503473,0.0,0.0136210590756045,5,0.0,False,0,0.0769230769230769,0.0868055555555555,12.152040213667762,3.7558749
23,3.36324861426052,0.7263925730972646,0.9142634612365024,1.347912390625054,0,7.368339686311381,0.7572841896077427,0,1.4533333333333336,0,0.7611834233831932,0.0208333333333333,0.0136210590756045,4,0.0,False,0,0.0769230769230769,0.0868055555555555,12.152040213667762,4.068186
24,2.7807662509448225,0.718669668969645,1.0809301279031691,1.4323591457496476,0,7.368339686311381,0.7572841896077427,0,1.6444444444444448,0,0.7530906278067515,0.04,0.0135191744282653,4,0.0,False,0,0.074074074074074,0.0851851851851851,12.152040213667762,4.2718415
25,3.175858843537415,0.7263925730972646,0.9142634612365024,1.347912390625054,0,7.368339686311381,0.7572841896077427,0,1.4533333333333336,0,0.7611834233831932,0.0208333333333333,0.0136210590756045,4,0.0,False,0,0.0769230769230769,0.0868055555555555,12.152040213667762,4.252853
26,3.0633512849584283,0.7263925730972646,0.9142634612365024,1.347912390625054,0,7.368339686311381,0.7572841896077427,0,1.4533333333333336,0,0.7611834233831932,0.0208333333333333,0.0106113321769887,4,0.0,False,0,0.0769230769230769,0.089781746031746,12.152040213667762,4.155336
27,3.45844387755102,0.708031802938852,0.9142634612365024,1.2174939521435744,0,7.368339686311381,0.7572841896077427,0,1.2622222222222224,0,0.7419432571111999,0.0,0.0092847668605244,4,0.0,True,0,0.08,0.0895833333333333,12.152040213667762,4.1583624
28,3.464449404761905,0.6939947509294486,0.9142634612365024,1.2069084251518167,0,0.0,0.7324079827495171,0,2.168888888888889,1,0.724802548281467,0.0,0.0082440567289052,4,0.0,False,0,0.0769230769230769,0.0610465116279069,12.152040213667762,3.5910647
29,3.396804033341732,0.7891545414175141,0.963209588632904,1.3441997944563522,0,7.390798521735676,0.8562502419199873,0,1.7733333333333337,0,0.8445773874917964,0.0192307692307692,0.0054663518299881,6,0.0,False,0,0.0689655172413793,0.0733506944444444,23.278943197061757,3.30103
30,3.424472355168303,0.7419896976658279,1.3962222905251234,1.3009439800094456,0,7.390798521735676,0.7920326016088085,0,1.893333333333333,0,0.7812755021218997,0.0,0.0071322314049586,6,8.073872300533118,False,0,0.09375,0.072145061728395,23.278943197061757,3.7323937
31,2.6215031074158057,0.8051727213053372,0.963209588632904,1.4252897549506724,0,7.390798521735676,0.8562502419199873,0,1.804444444444445,0,0.8617205347614435,0.037037037037037,0.0074793388429752,6,0.0,False,0,0.0666666666666666,0.0791666666666666,23.278943197061757,3.4313638
32,3.382079449063576,0.8001866123126066,0.963209588632904,1.3441997944563522,0,7.390798521735676,0.8562502419199873,0,1.6133333333333335,0,0.8563842480320211,0.0192307692307692,0.007018380048683,6,0.0,False,0,0.0689655172413793,0.0733506944444444,23.278943197061757,3.69897
33,3.418325197362896,0.7442443688925757,1.3962222905251234,1.1887525275231678,0,7.390798521735676,0.7920326016088085,0,1.7333333333333338,0,0.7836495504413556,0.0,0.0065708601163146,7,0.0,False,0,0.0625,0.0744598765432098,23.278943197061757,3.544068
34,2.734010665994793,0.792177522368695,1.1298762552995707,1.4252897549506724,0,7.390798521735676,0.8562502419199873,0,1.804444444444445,0,0.8478126743971975,0.037037037037037,0.0084063984400684,6,0.0,False,0,0.0666666666666666,0.0727124183006535,23.278943197061757,3.8195438
35,3.129103258587386,0.8001866123126066,0.963209588632904,1.3441997944563522,0,7.390798521735676,0.8562502419199873,0,1.6133333333333335,0,0.8563842480320211,0.0192307692307692,0.007018380048683,6,0.0,False,0,0.0689655172413793,0.0733506944444444,23.278943197061757,3.7923918
36,3.4450951646090537,0.7502178979821049,1.3962222905251234,1.3009439800094456,0,7.390798521735676,0.7920326016088085,0,1.7333333333333338,0,0.7899393573666312,0.0,0.0065708601163146,6,8.073872300533118,False,0,0.09375,0.0744598765432098,23.278943197061757,2.6577752
37,3.0165957000083985,0.7891545414175141,0.963209588632904,1.3441997944563522,0,7.390798521735676,0.8562502419199873,0,1.6133333333333335,0,0.8445773874917964,0.0192307692307692,0.0060330578512396,6,0.0,False,0,0.0689655172413793,0.0759548611111111,23.278943197061757,3.770852
38,3.4116882926009917,0.7536952849244866,0.963209588632904,1.2146234752771463,0,7.390798521735676,0.8482411519760757,0,1.4222222222222225,0,0.8066278039317897,0.0,0.0036225895316804,6,0.0,False,0,0.0714285714285714,0.0751811594202898,23.278943197061757,3.5681968
39,3.4932811056521373,0.7660761505904535,1.1986557230813315,1.3080990830730832,0,8.405367376233981,0.8220632340055269,0,1.503333333333334,0,0.8113042583302825,0.0,0.0055708601163146,6,8.073872300533118,False,0,0.0909090909090909,0.0652006172839506,23.278943197061757,3.0
40,3.459874233644075,0.7764651242279523,0.7656430211891125,1.21018798048854,0,8.405367376233981,0.8929439282807133,0,1.1922222222222223,0,0.8378871888315729,0.0,0.0019559228650137,6,0.0,False,0,0.0689655172413793,0.0643115942028985,23.278943197061757,2.9176772
41,3.519005889392794,0.7639851121534617,0.8199072360665389,1.3463851517126129,0,6.580639137284949,0.79487672866394,0,1.270555555555556,0,0.8005764714845136,0.0,0.0116312621161106,4,8.073872300533118,True,0,0.12,0.0522762345679012,12.152040213667762,2.6532125
42,3.485599017384732,0.8188423989641621,0.3868945341743197,1.2628839008717192,0,6.580639137284949,0.8905206241474689,0,0.9594444444444448,0,0.875319816407598,0.0,0.0023456790123456,4,0.0,True,0,0.0952380952380952,0.0471230158730158,12.152040213667762,1.9344984
43,3.148581349206349,0.7701946683563853,0.7365739027332057,1.3849586277872934,1,0.0,0.7886594198083537,0,1.2044444444444449,0,0.8094208427896814,0.0238095238095238,0.0139526578920518,3,5.106527394840706,True,0,0.0909090909090909,0.05859375,12.152040213667762,2.763428
44,3.3278942665028977,0.7237148507658685,2.5472340745130277,1.372905595320056,1,0.0,0.7346663207633387,0,1.804444444444445,0,0.7458386422415875,0.0178571428571428,0.0106305964891823,3,8.317393252699539,False,0,0.1379310344827586,0.0543478260869565,12.152040213667762,3.3222194
45,3.3546642337490558,0.7237148507658685,2.5472340745130277,1.439525179119997,1,0.0,0.7346663207633387,0,1.804444444444445,0,0.7458386422415875,0.0178571428571428,0.0106305964891823,2,16.391265553232657,False,0,0.1724137931034483,0.0543478260869565,12.152040213667762,2.908485
46,3.4014814814814818,0.6554699749378484,0.3035612008409863,1.2957378005380122,0,0.0,0.7273644709769792,0,0.7022222222222223,0,0.7094398271254457,0.0,0.0,2,0.0,True,0,0.1176470588235294,0.0511363636363636,12.152040213667762,3.0791812
47,0.0,0.90701901811629,0.0,1.4591479170272446,0,0.0,0.90701901811629,0,0.08,0,0.90701901811629,0.0,0.0,0,0.0,False,0,0.4,0.0416666666666666,0.0,1.857273
48,0.0,0.3893229124377956,0.5287510904306973,1.564908691422263,6,7.247792581767846,0.3920792311665852,0,5.848888888888891,0,0.3916267363295601,0.0,0.0,0,81.36070422964323,False,0,0.3636363636363636,0.1152570480928689,0.0,2.469822
49,0.0,0.7609640474436811,0.0,1.521928094887362,0,0.0,0.7609640474436811,0,0.0,0,0.6554587535412855,0.0,0.0,0,6.928360321623806,False,0,0.0,0.0,0.0,-0.8322995
50,-2.004075743170344,0.8297163124322731,2.193856955024389,1.9387079790263544,4,7.208600337960199,0.8550736307442267,4,4.116111111111112,0,0.8821358418552034,0.0212765957446808,0.0101011533015786,6,36.48423152905759,False,0,0.1176470588235294,0.0877594627594627,0.0,0.44715804
51,-3.309828899704711,0.7753321599979061,2.8763699835106284,1.819858313308912,6,7.901377353792616,0.8138165282489324,6,6.970000000000002,0,0.8212965324996712,0.0149253731343283,0.0080126142896705,13,48.298590987760605,False,0,0.1081081081081081,0.0797589869281045,11.126902983393991,0.97312784
52,-0.800265339995814,0.8481499455416679,0.5143971413924631,1.6864521349315629,4,7.208600337960199,0.88597054067891,4,2.5650000000000004,0,0.9112420515909144,0.0263157894736842,0.0075370397220476,5,24.13163449417064,False,0,0.1428571428571428,0.0552195340501792,0.0,-0.5873432
53,-1.857141712873412,0.7458026729581763,1.507211389806335,1.5783283081924544,6,7.901377353792616,0.7965556663232386,6,5.992222222222224,0,0.7900164353187551,0.0163934426229508,0.0080723846403902,15,35.94599395287365,False,0,0.1176470588235294,0.0633381226053639,11.126902983393991,0.041392684
54,-0.9149071853269184,0.8568775914833663,0.5143971413924631,1.8010657220914292,4,7.208600337960199,0.9088576198989428,4,2.1827777777777784,0,0.9271079006543445,0.032258064516129,0.0090810083627143,3,24.13163449417064,True,0,0.1176470588235294,0.0622276688453159,0.0,-0.7007697
55,-0.9055666321102932,0.8478625319808148,0.5143971413924631,1.7366809117888602,5,7.208600337960199,0.8872973405715251,4,2.5650000000000004,0,0.9134844133325064,0.0394736842105263,0.0075370397220476,3,24.13163449417064,False,0,0.1428571428571428,0.0552195340501792,0.0,-0.15013553
56,-1.211729333877391,0.8431725143277952,1.1364056093206094,1.8617063540707224,6,7.208600337960199,0.880771156481661,6,2.7250000000000005,0,0.9112420515909144,0.025,0.0074119744826815,3,32.54943147849958,False,0,0.1363636363636363,0.0631944444444444,0.0,-0.42208114
57,-3.851551785685805,0.7070313884929987,3.261270162970378,1.7543237320518554,8,7.901377353792616,0.7929348600082514,6,7.894444444444446,0,0.7447531905975816,0.0140845070422535,0.0083434882462898,17,48.42284210496129,False,0,0.1025641025641025,0.0800487987987988,11.126902983393991,1.2764618
58,-3.8889340866990194,0.7701138927496425,2.8763699835106284,1.7974667057517906,8,7.901377353792616,0.8095172616777181,6,6.970000000000002,0,0.8167982484236951,0.0149253731343283,0.0080126142896705,13,48.42284210496129,False,0,0.1081081081081081,0.0797589869281045,11.126902983393991,1.0211893
59,-1.575390138405837,0.7173071392162088,1.4015439938810963,1.6984013344076891,5,7.901377353792616,0.785604048092267,5,3.823333333333334,0,0.7690387084542238,0.0,0.0074038363432302,9,29.91487944053557,True,0,0.075,0.0729629629629629,0.0,1.071882
60,3.871913580246914,0.5876013637548226,0.6666666666666666,1.5099686126368168,0,0.0,0.5876013637548226,0,0.0,0,0.5876013637548226,0.0,0.0,0,8.073872300533118,False,0,0.125,0.075,0.0,3.7335844
61,3.919320987654322,0.6901867153439099,1.1477918909913547,1.4215541688301352,0,0.0,0.6901867153439099,0,0.32,0,0.6901867153439099,0.0,0.0,0,8.073872300533118,False,0,0.2,0.0625,0.0,2.6627579
62,3.924552469135803,0.7362796496509926,0.5690355937288492,1.4618602772540858,0,0.0,0.7362796496509926,0,0.16,0,0.7362796496509926,0.0,0.0,0,8.073872300533118,False,0,0.2222222222222222,0.0673076923076923,0.0,2.842871
63,3.95320987654321,0.7583807772486734,0.5690355937288492,1.4215541688301352,0,0.0,0.7583807772486734,0,0.24,0,0.7583807772486734,0.0,0.0,0,8.073872300533118,False,0,0.3,0.0803571428571428,0.0,1.922549
64,3.971036785084405,0.7756926417026353,0.5690355937288492,1.387291427643771,0,0.0,0.7756926417026353,0,0.4,0,0.7756926417026353,0.0,0.0,0,8.073872300533118,False,0,0.3636363636363636,0.075,0.0,1.462398
65,3.991811723146049,0.7796037767729803,0.5690355937288492,1.332112684358123,0,0.0,0.8010955993971214,0,0.4,0,0.7796037767729803,0.0,0.0,0,8.073872300533118,True,0,0.4615384615384615,0.0661764705882353,0.0,1.1760913
66,4.00343318821764,0.7394019544876336,0.5690355937288492,1.2895281606953652,0,0.0,0.8012182956260898,0,0.4,0,0.7394019544876336,0.0,0.0082644628099173,0,8.073872300533118,True,0,0.5333333333333333,0.0592105263157894,0.0,1.3617278
67,3.800203451751071,0.7684741986354218,0.8367876570272818,1.4731864679927211,0,0.0,0.8024376807937325,0,0.568888888888889,0,0.7992692562696264,0.0,0.0,0,8.073872300533118,True,0,0.1428571428571428,0.0684523809523809,0.0,0.6434527
68,3.52118464978584,0.7266373400688226,0.7216878364870322,1.4374366326883632,0,0.0,0.7266373400688226,0,0.6622222222222224,0,0.7523174970032673,0.0,0.0,1,8.073872300533118,True,0,0.1333333333333333,0.0595238095238095,6.076020106833881,2.3802114
69,2.725432098765433,0.8567517667623957,0.2886751345948128,1.6493974703476992,0,0.0,0.9255128526390366,0,0.3511111111111111,0,0.9257048827786958,0.0,0.0,1,0.0,False,0,0.0909090909090909,0.0528846153846153,6.076020106833881,0.90309
70,0.0,0.979569764547061,2.25,1.9056390622295665,0,0.0,0.979569764547061,0,0.0,0,0.9166666666666666,0.0,0.0,0,12.056301962413816,False,0,0.1428571428571428,0.0,0.0,-0.40533486
71,0.0,0.7609640474436811,0.0,1.521928094887362,0,0.0,0.7609640474436811,0,0.0,0,0.6554587535412855,0.0,0.0,0,0.0,False,0,0.0,0.0,0.0,0.6380596
72,0.0,0.7362477604580814,0.8073604499148398,1.373336962476363,0,7.83241092718792,0.7581858998874025,0,1.270555555555556,0,0.7477552634519175,0.0,0.0,0,8.073872300533118,True,0,0.0588235294117647,0.0830314009661835,0.0,2.9956353
73,0.0,0.724489503915154,0.6875694891336299,1.3968436982954155,0,7.635786861395585,0.7502959555280571,0,1.1483333333333337,0,0.7311877230179624,0.0,0.0,0,8.073872300533118,True,0,0.0714285714285714,0.0852623456790123,0.0,3.122283
74,0.0,0.6536042149571435,0.1666666666666666,1.3516441151533924,0,0.0,0.6536042149571435,0,0.2222222222222222,1,0.6536042149571435,0.0,0.0,0,0.0,False,0,0.0,0.046875,0.0,4.78533
75,1.8171296296296295,0.5565572721647433,0.6123724356957945,1.3516441151533924,0,0.0,0.5565572721647433,0,0.0,0,0.5565572721647433,0.0,0.0,0,0.0,False,0,0.0,0.046875,0.0,2.1781623
76,0.4273842592592594,0.7695203916807805,0.9309036597828996,1.9579393553211155,1,6.898714534329988,0.8403342309073832,0,1.96,0,0.8078347747194918,0.0,0.0,1,0.0,False,0,0.0588235294117647,0.0622222222222222,6.076020106833881,2.0791812
77,0.5315509259259261,0.7695203916807805,0.9309036597828996,1.957939355321115,0,6.898714534329988,0.8403342309073832,0,1.96,0,0.8078347747194918,0.0,0.0,1,0.0,False,0,0.0588235294117647,0.0622222222222222,6.076020106833881,1.8573325
78,1.6487791320231795,0.7253363117738535,1.9285113019775797,1.5178872290605931,1,0.0,0.7253363117738535,0,1.0622222222222224,0,0.745292998299391,0.0277777777777777,0.0,1,8.317393252699539,True,0,0.1666666666666666,0.0462962962962962,6.076020106833881,1.230449
79,0.0,0.750295955528057,0.4368867239266071,1.3968436982954155,0,6.823286122355687,0.750295955528057,0,0.8200000000000002,0,0.7572327664479106,0.0,0.0,0,8.073872300533118,True,0,0.1538461538461538,0.0920138888888889,0.0,1.4771212
80,0.0,0.6899565586046739,0.3678511301977579,1.3723775684811073,0,6.823286122355687,0.7519966608350492,0,1.14,0,0.6941737681097224,0.0,0.0,0,16.147744601066236,True,0,0.2352941176470588,0.1066919191919192,0.0,1.20412
81,0.0,0.9098110735370422,0.0,1.3599924922184878,0,6.529418838262226,0.9098110735370422,0,0.205,0,0.9256603431473772,0.0,0.0,0,0.0,False,0,0.1111111111111111,0.0813492063492063,0.0,0.44715804
82,0.0,0.90701901811629,0.0,1.4591479170272446,0,0.0,0.90701901811629,0,0.08,0,0.90701901811629,0.0,0.0,0,0.0,False,0,0.4,0.0416666666666666,0.0,1.6293987
83,0.0,0.8976167900760738,0.0,1.3995812306460644,0,0.0,0.8976167900760738,0,0.08,0,0.8976167900760738,0.0,0.0,0,0.0,False,0,0.5,0.03125,0.0,2.4913616
84,0.0,0.716118646878767,1.9106532292788336,1.3786011816680388,0,0.0,0.716118646878767,0,1.4711111111111117,0,0.7364770586954896,0.0,0.0,1,8.073872300533118,True,0,0.1176470588235294,0.0602678571428571,6.076020106833881,0.81291336
85,0.0,0.8297714262641377,0.3434433619633035,1.3786011816680388,0,0.0,0.8297714262641377,0,1.2311111111111113,0,0.8533608530766674,0.0,0.0,1,8.073872300533118,True,0,0.2941176470588235,0.0651041666666666,6.076020106833881,0.54406804
86,0.0,0.786894264314593,0.3434433619633035,1.2950243779198094,0,0.0,0.83677524432832,0,1.2311111111111113,0,0.8027605837673154,0.0,0.0059631103402147,1,8.073872300533118,True,0,0.4285714285714285,0.0558035714285714,6.076020106833881,1.0791812
87,0.0,0.5650252803661964,0.3434433619633035,1.1737195857469152,0,0.0,0.6239436505094733,0,1.2311111111111113,0,0.5711321027488918,0.0,0.0039420838318909,1,8.073872300533118,False,0,0.625,0.0400641025641025,6.076020106833881,1.0791812
88,0.0,0.70222117674442,0.2357022603955158,1.3786011816680388,0,0.0,0.70222117674442,0,1.0711111111111111,0,0.7221844998123175,0.0,0.0,1,8.073872300533118,True,0,0.2941176470588235,0.0602678571428571,6.076020106833881,0.81954396
89,0.0,0.6523007394965069,0.0,1.3787834934861751,0,0.0,0.6523007394965069,0,0.0,0,0.6339833333166621,0.0,0.0,0,0.0,False,0,0.2,0.0,0.0,0.6982732
90,0.0,0.8166746222236321,0.0,1.7841591278514215,0,0.0,0.8166746222236321,0,0.0,0,0.8429809818837098,0.0,0.0,0,0.0,False,0,0.1666666666666666,0.0208333333333333,0.0,-3.0436394
91,0.0393518518518523,0.8343604297372124,0.4927992798267444,1.7574839898128798,2,0.0,0.8343604297372124,1,0.08,0,0.8343604297372124,0.0,0.0,0,13.079102829229384,False,0,0.25,0.0454545454545454,0.0,-0.46408844
92,0.0740740740740746,0.8437066199654226,0.4927992798267444,1.6854752972273344,2,0.0,0.8437066199654226,1,0.24,0,0.8437066199654226,0.0,0.0,0,12.576187252464766,False,0,0.3333333333333333,0.0520833333333333,0.0,0.06069784
93,-0.3565459701911151,0.779294898454622,0.6106504100245023,1.457985765510777,6,0.0,0.8398249547484347,2,1.2044444444444449,0,0.7997504188836013,0.0405405405405405,0.0057783219399381,1,31.75925646944245,False,0,0.4736842105263157,0.0255102040816326,0.0,2.3138313
94,-0.0680092592592587,0.883401527984509,0.4927992798267444,1.750224877285235,3,0.0,0.883401527984509,1,0.32,0,0.883401527984509,0.0,0.0,0,24.28959661181839,False,0,0.4,0.048076923076923,0.0,0.71755034
95,0.0,0.8905179677700554,0.0,2.0,0,0.0,0.8905179677700554,0,0.0,0,0.8333333333333334,0.0,0.0,0,4.836269690250055,False,0,0.2,0.0,0.0,-2.064609
96,0.0,0.8905179677700554,0.0,2.0,0,0.0,0.8905179677700554,0,0.0,0,0.8333333333333334,0.0,0.0,0,6.425444744859191,False,0,0.2,0.0,0.0,-1.0514101
97,0.0,0.8565359801139569,0.0,1.4353713907745331,0,0.0,0.8565359801139569,0,0.0,0,0.8224908743082041,0.0,0.0,0,0.0,False,0,0.25,0.0,0.0,0.20983078
98,0.0,0.887346954847329,0.0,1.8910611120726528,0,0.0,0.887346954847329,0,0.0,0,0.9298966940476158,0.0,0.0,0,0.0,False,0,0.2,0.03125,0.0,-3.3500667
99,0.055555555555556,0.8732737098805868,0.1666666666666666,1.8423709931771084,2,0.0,0.8732737098805868,1,0.08,0,0.8732737098805868,0.0,0.0,0,13.079102829229384,False,0,0.2857142857142857,0.046875,0.0,0.025305865
100,0.0902777777777783,0.8740065897889193,0.1666666666666666,1.7574839898128798,2,0.0,0.8740065897889193,1,0.16,0,0.8740065897889193,0.0,0.0,0,12.576187252464766,False,0,0.375,0.0555555555555555,0.0,1.2787536
101,0.1416164767738543,0.7096670112975275,0.1666666666666666,1.402800386248768,2,0.0,0.80535846720662,1,0.24,0,0.7096670112975275,0.0,0.0070838252656434,0,12.576187252464766,True,0,0.6875,0.0294117647058823,0.0,1.6776069
102,0.146363889833424,0.5941974536662892,0.1666666666666666,1.3225078451055432,2,0.0,0.6829016042867827,1,0.24,0,0.5941974536662892,0.0,0.0045078888054094,0,12.576187252464766,True,0,0.75,0.0238095238095238,0.0,1.7566361
103,0.149036466578097,0.5136582583231901,0.1666666666666666,1.266740279584632,2,0.0,0.5912334370386523,1,0.24,0,0.5136582583231901,0.0,0.0033057851239669,0,12.576187252464766,False,0,0.7916666666666666,0.02,0.0,1.8750613
104,0.1507451043022043,0.455235232360271,0.1666666666666666,1.2255579072016076,2,0.0,0.5232382099546775,1,0.24,0,0.455235232360271,0.0,0.0026098303610265,0,12.576187252464766,False,0,0.8214285714285714,0.0172413793103448,0.0,1.8825245
105,0.4675925925925928,0.8595824360039367,0.2357022603955158,1.738149333192866,1,0.0,0.8595824360039367,1,0.0,0,0.8595824360039367,0.0,0.0,0,5.783244946364939,False,0,0.3333333333333333,0.0416666666666666,0.0,-0.30520406
106,0.0,0.764240758439705,0.0,1.295461844238322,0,0.0,0.764240758439705,0,0.16,0,0.7511553347015191,0.0,0.0,0,0.0,False,0,0.4285714285714285,0.0833333333333333,0.0,1.4569883
107,0.0,0.8672896861162782,0.0,1.295461844238322,0,0.0,0.8672896861162782,0,0.16,0,0.8524398460347836,0.0,0.0,0,0.0,False,0,0.5714285714285714,0.0416666666666666,0.0,4.8573327
108,0.0,0.979569764547061,0.0,1.9056390622295665,0,0.0,0.979569764547061,0,0.0,0,0.9166666666666666,0.0,0.0,0,5.880003444970339,False,0,0.25,0.0,0.0,-0.85708416
109,0.0,0.979569764547061,0.0,1.9056390622295665,0,0.0,0.979569764547061,0,0.0,0,0.9166666666666666,0.0,0.0,0,6.674590972274908,False,0,0.25,0.0,0.0,-1.39794
110,0.444490740740741,0.885455472151804,0.1924500897298752,1.824816986216862,1,6.555356891810665,0.885455472151804,1,0.33,0,0.9008804575298364,0.0,0.0,0,23.89660227202713,False,0,0.2,0.0681818181818181,0.0,-1.7000571
111,0.0,0.9825675930733632,0.0,1.836591668108979,1,0.0,0.9825675930733632,0,0.0,0,0.9298966940476158,0.0,0.0,0,11.713409359353625,False,0,0.25,0.0,0.0,0.14987673
112,0.0,0.873569864076289,0.0,1.7295739585136225,1,0.0,0.873569864076289,0,0.0,0,0.8429809818837098,0.0,0.0,0,13.716679505790452,False,0,0.4,0.03125,0.0,0.5816549
113,0.138657407407408,0.7617354931651753,0.1178511301977579,1.5759136532083846,2,0.0,0.8041841461582553,1,0.4311111111111112,1,0.7701408015872945,0.0,0.0,0,12.576187252464766,False,0,0.2307692307692307,0.0458333333333333,0.0,0.3113102
114,-0.1292998866213146,0.8366773173491766,0.2845177968644246,1.562806631693174,2,0.0,0.8366773173491766,1,0.7022222222222223,0,0.867466816142267,0.0,0.0,2,12.576187252464766,True,0,0.25,0.0476190476190476,0.0,0.73086464
115,-0.1342129629629624,0.895192663028035,0.1178511301977579,1.650022421648354,2,0.0,0.895192663028035,1,0.6222222222222225,0,0.9386137518291132,0.0,0.0,2,12.576187252464766,True,0,0.2142857142857142,0.0441176470588235,0.0,0.22437957
116,-0.1382870370370366,0.8765680819563445,0.1178511301977579,1.7004448031130073,2,0.0,0.9253256672767722,1,0.4311111111111112,0,0.9267672896410716,0.0,0.0,1,12.576187252464766,False,0,0.2307692307692307,0.0458333333333333,0.0,0.19770582
117,-0.0925462962962961,0.8732737098805868,0.0,1.8423709931771084,2,0.0,0.8732737098805868,1,0.16,0,0.8732737098805868,0.0,0.0,0,12.576187252464766,False,0,0.2857142857142857,0.0833333333333333,0.0,-0.21660537
118,0.0,0.6808543582267266,0.1360827634879543,1.4056607849761658,1,0.0,0.7235047810318432,0,0.7422222222222226,4,0.6923120228182059,0.0,0.0,0,12.71084835226122,True,0,0.1764705882352941,0.0397727272727272,0.0,0.77887446
119,0.0,0.8753052890916679,0.0833333333333333,1.476120721149274,1,7.390798521735676,0.9076606610696916,0,0.3911111111111111,0,0.8854444327020352,0.0,0.0,0,12.71084835226122,False,0,0.2307692307692307,0.0486111111111111,0.0,0.5179749
120,0.0,0.7458166334323245,0.0,1.4717374334224662,1,0.0,0.7932752521247711,0,0.3111111111111111,1,0.7458166334323245,0.0,0.0,0,12.71084835226122,False,0,0.2727272727272727,0.0397727272727272,0.0,0.5670264
121,0.0,0.8728451895946834,0.0,1.640223928941852,1,0.0,0.8728451895946834,0,0.08,0,0.8506077525009399,0.0,0.0,0,13.213763929025836,False,0,0.5,0.05,0.0,-1.6197888
122,0.0,0.8329341659511481,0.2471938745990654,1.377028383842828,1,7.946971357693591,0.8792746153726693,0,0.6133333333333334,0,0.8455012645565919,0.0,0.0,0,13.213763929025836,True,0,0.2222222222222222,0.0392361111111111,0.0,-0.09151498
123,0.0,0.7659109581999143,0.0,1.4313076001654323,1,0.0,0.8068435878718127,0,0.3111111111111111,1,0.7659109581999143,0.0,0.0,0,13.213763929025836,False,0,0.3333333333333333,0.015625,0.0,0.1903317
124,0.0,0.8745925844266508,0.0,1.5617677112802777,1,0.0,0.921133915868877,0,0.3111111111111111,0,0.9107622975418276,0.0,0.0,1,6.606881964512918,False,0,0.3333333333333333,0.015625,0.0,0.3673559
125,0.0,0.6021094901067964,0.6123724356957945,1.490468570732828,0,0.0,0.6021094901067964,0,0.0,0,0.5918000977748352,0.0,0.0,0,8.073872300533118,False,0,0.2857142857142857,0.046875,0.0,1.5964556
126,0.0,0.8639297000405968,0.1178511301977579,1.3921472236645345,0,0.0,0.924071167826352,0,0.1911111111111111,0,0.9100052092619964,0.0,0.0,1,0.0,False,0,0.2,0.0397727272727272,0.0,0.33057955
127,-0.7815110703866515,0.8477038539503058,0.5527637482392129,1.7582390733601851,4,7.181591944611865,0.8741746625773552,4,1.7727777777777782,0,0.90786441352951,0.0303030303030303,0.0057682889501071,5,28.945507521412356,True,0,0.1666666666666666,0.0528039832285115,0.0,-0.99823684
128,-0.904576091029914,0.8604318159582255,0.5527637482392129,1.904169484320044,4,7.181591944611865,0.8989407010509846,4,1.3905555555555558,0,0.927366970808329,0.0384615384615384,0.007075988644616,3,28.945507521412356,True,0,0.1428571428571428,0.0606812169312169,0.0,-0.8526428
129,-0.8935615379565995,0.8474937501201928,0.5527637482392129,1.8139247528036693,5,7.181591944611865,0.8752715278979704,4,1.7727777777777782,0,0.9104738841244796,0.0454545454545454,0.0057682889501071,3,28.945507521412356,True,0,0.1666666666666666,0.0528039832285115,0.0,-0.6095114
130,-0.8974744949439504,0.8041338888243846,0.5527637482392129,1.7494780642666188,6,7.181591944611865,0.8579084511686544,4,2.155,0,0.8617017359021716,0.05,0.0043506287950732,3,28.945507521412356,False,0,0.1818181818181818,0.0476345486111111,0.0,-0.30313656
131,-0.9131092380745744,0.8484716204294275,0.5527637482392129,1.7494780642666188,6,7.181591944611865,0.8901731885752163,4,1.9950000000000008,0,0.9092136003080924,0.05,0.0066842472903078,3,28.945507521412356,False,0,0.1818181818181818,0.0515407986111111,0.0,-0.65158564
132,-1.2193534622281688,0.841706360005034,1.174772216167359,1.9456572611761351,6,7.181591944611865,0.867989887998962,6,1.9327777777777784,0,0.90786441352951,0.0285714285714285,0.0063417635955514,3,37.36330450574129,True,0,0.1578947368421052,0.0622723132969034,0.0,-0.5137514
133,-0.5918081698164459,0.7977308590204912,0.0,1.685662052770919,4,0.0,0.8108452245202228,2,0.8800000000000002,0,0.8014865756401716,0.0,0.0082644628099173,0,57.42288502033233,True,0,0.5217391304347826,0.0462962962962962,0.0,-1.0655016
134,-0.7922267079747285,0.8171436272521979,0.0,1.6985957249448538,4,0.0,0.8285126518537261,2,1.724444444444445,0,0.8461731317409411,0.032258064516129,0.0052810937659422,2,44.33337220850718,True,0,0.28125,0.0446428571428571,0.0,-1.0457575
135,0.0,0.873569864076289,0.0,1.7295739585136225,1,0.0,0.873569864076289,0,0.0,0,0.8429809818837098,0.0,0.0,0,6.103966387748303,False,0,0.4,0.03125,0.0,-0.06868117
136,0.0,0.9399316205211392,0.0,2.054585169337799,1,0.0,0.9399316205211392,0,0.0,0,0.90701901811629,0.0,0.0,0,11.983969832718644,False,0,0.5,0.0624999999999999,0.0,0.021189298
137,0.0,0.6984449163630588,0.0,1.9547541343536352,5,0.0,0.6984449163630588,4,1.2800000000000002,0,0.7180171149425625,0.0,0.0,0,47.45972151368717,False,0,0.4666666666666667,0.1184210526315789,0.0,-1.762205
138,-0.3203950821605039,0.8172593941421574,1.0069086473878968,1.8454372523105549,4,0.0,0.8459586331078405,1,2.408888888888889,0,0.8498025482814671,0.1,0.0070789666749262,2,18.68015364021307,False,0,0.2580645161290322,0.0661764705882353,0.0,-0.885842
139,-0.1486501350034688,0.8233894915348751,0.6220084679281461,1.5101162067624423,4,0.0,0.8500548431092928,1,1.3244444444444448,0,0.853903961230761,0.037037037037037,0.008944665510322,2,18.68015364021307,True,0,0.3214285714285714,0.0457317073170731,0.0,-0.5359635
140,-0.3832180362380366,0.8271422909856777,0.6220084679281461,1.6541869220523808,4,0.0,0.8558415299513611,1,1.3244444444444448,0,0.8600789806874132,0.037037037037037,0.008944665510322,2,24.56015708518341,True,0,0.3214285714285714,0.0457317073170731,0.0,-1.3049713
141,-0.2823538387071724,0.832377299796731,0.7398595981259041,1.4879868996760075,4,0.0,0.8706073749263025,1,1.515555555555556,0,0.8733715234613971,0.032258064516129,0.0065993265993266,3,18.68015364021307,True,0,0.2727272727272727,0.04296875,0.0,-0.7309401
142,-0.3980945794479134,0.8406344918859097,0.8144585576580214,1.5970264456395795,4,0.0,0.8706073749263024,1,1.6266666666666671,0,0.8820353787061285,0.046875,0.0064165788071511,3,18.68015364021307,False,0,0.2647058823529412,0.0490196078431372,0.0,-1.2538189
143,-0.2366130979664318,0.8172593941421578,0.6220084679281461,1.531919635975994,4,0.0,0.8459586331078405,1,1.3244444444444448,0,0.8498025482814674,0.0384615384615384,0.0087446058925559,2,18.68015364021307,True,0,0.2962962962962963,0.048076923076923,0.0,-0.5952775
144,-0.2898741008478143,0.8227739580883213,0.7621886974951644,1.447451946839715,4,0.0,0.904310653712328,1,1.764444444444445,0,0.8685412761364586,0.0277777777777777,0.005998151085387,4,18.68015364021307,False,0,0.2564102564102564,0.0466101694915254,0.0,-0.90703136
145,-0.2441333601070736,0.8315840299615097,0.6443375672974064,1.4879868996760075,4,0.0,0.8945856813586166,1,1.5733333333333337,0,0.8725391854283051,0.032258064516129,0.0072645648403224,3,18.68015364021307,True,0,0.2727272727272727,0.05125,0.0,-0.8101213
146,-0.2213913762562331,0.8672830049670698,0.2998396842794429,1.4503582783395474,4,0.0,0.8940291065545305,1,1.497777777777778,1,0.8963173869733514,0.032258064516129,0.0059310718072246,2,18.68015364021307,False,0,0.2727272727272727,0.034438775510204,0.0,-0.5952775
147,-0.2339754299332219,0.8758548962701429,0.0,1.7175224498288084,4,0.0,0.9031983256729788,1,0.7822222222222224,0,0.9094636830789814,0.0588235294117647,0.0082644628099173,0,18.68015364021307,True,0,0.3529411764705882,0.03125,0.0,-1.7309401
148,-0.3159243927322721,0.8425517287919226,0.6220084679281461,1.7971592488363148,6,0.0,0.8759660266170566,3,1.3244444444444448,0,0.8906959592372969,0.0384615384615384,0.0087446058925559,0,27.09795062454201,True,0,0.2962962962962963,0.048076923076923,0.0,-1.5090914
149,0.0,0.7763781639375945,0.6969234250586759,1.8647869792568117,3,0.0,0.7763781639375945,2,0.6400000000000001,0,0.786350715330922,0.0,0.0,0,25.524555008806203,False,0,0.4545454545454545,0.0583333333333333,0.0,-0.7969671
150,0.0,0.8487498298256753,0.0,1.935945569184765,3,0.0,0.8487498298256753,2,0.4800000000000001,0,0.8617186471562276,0.0,0.0,0,26.027470585570818,False,0,0.5,0.0729166666666666,0.0,-1.9316657
151,0.0,0.8549307642657513,0.0,1.8647869792568117,3,0.0,0.8549307642657513,2,0.4800000000000001,0,0.8659123211672695,0.0,0.0,0,26.027470585570818,False,0,0.5454545454545454,0.0865384615384615,0.0,-0.5337257
152,0.0,0.8600022632456077,0.0,1.802689692334833,3,0.0,0.8600022632456077,2,0.6400000000000001,0,0.8694918883597842,0.0,0.0,0,26.027470585570818,True,0,0.5833333333333334,0.0803571428571428,0.0,-0.27408838
153,0.0,0.8642628209731508,0.0,1.748394345536403,3,0.0,0.8642628209731508,2,0.6400000000000001,0,0.8725948939439815,0.0,0.0,0,26.027470585570818,True,0,0.6153846153846154,0.075,0.0,-0.25289908
154,0.0,0.8409821589507599,0.0,2.016875695766564,3,0.0,0.8409821589507599,2,0.4800000000000001,0,0.8567135500246338,0.0,0.0,0,26.530386162335432,False,0,0.4444444444444444,0.0972222222222222,0.0,-2.7300203
155,0.0,0.8151263744115469,1.0069086473878968,1.8492057424201191,3,0.0,0.848090806064674,0,2.168888888888889,0,0.8478126743971975,0.1111111111111111,0.005158912355882,2,17.817375747101927,False,0,0.25,0.0638297872340425,0.0,-1.6128955
156,0.0,0.8151263744115469,0.8577107283236621,1.7315627185605464,3,0.0,0.848090806064674,0,1.626666666666667,0,0.8478126743971975,0.08,0.0058958998352937,2,17.817375747101927,True,0,0.2692307692307692,0.0518292682926829,0.0,-1.7400835
157,0.0,0.8151263744115471,0.6220084679281461,1.513425233170183,3,0.0,0.848090806064674,0,1.0844444444444448,0,0.8478126743971977,0.0434782608695652,0.0068785498078427,2,17.817375747101927,True,0,0.2916666666666667,0.0428571428571428,0.0,-1.5090914
158,0.0,0.852324180627812,0.488641942096356,1.4893661763263144,3,0.0,0.8826865162883414,0,1.0844444444444448,0,0.8838581239743899,0.0416666666666666,0.0070765373795676,2,17.817375747101927,True,0,0.32,0.0394736842105263,0.0,-1.3187597
159,0.0,0.8309873054643807,0.6443375672974064,1.4657700277448185,3,0.0,0.901870734664742,0,1.333333333333334,0,0.8732269699726519,0.0357142857142857,0.0074278134884195,3,17.817375747101927,True,0,0.2666666666666666,0.0475543478260869,0.0,-1.3049713
160,0.0,0.8549532019389865,0.669400440323503,1.3920786935073337,3,0.0,0.8865308573616016,0,1.8888888888888893,1,0.8800936125982155,0.0333333333333333,0.0084277114580144,2,17.817375747101927,False,0,0.25,0.04,0.0,-0.34772334
161,0.0,0.8704077027769713,0.2998396842794429,1.4251629522524671,3,0.0,0.9001696075388764,0,1.257777777777778,1,0.89928139174443,0.0357142857142857,0.0054398315961314,2,17.817375747101927,True,0,0.2666666666666666,0.0291666666666666,0.0,-1.03197
162,0.0,0.8552012647525012,0.0,1.567429379083991,3,0.0,0.894805427112206,0,0.9244444444444446,0,0.8962385297261841,0.0476190476190476,0.0082542597694112,2,17.817375747101927,True,0,0.3181818181818182,0.0185185185185185,0.0,-1.6060014
163,0.0,0.8941597809524066,0.0,1.7306502730537434,3,0.0,0.9292114339285986,0,0.5422222222222224,0,0.927298569338156,0.0714285714285714,0.0,0,17.817375747101927,True,0,0.3571428571428571,0.015625,0.0,-2.5228796
164,0.0,0.8452721019936397,0.6220084679281461,1.8171298975918944,5,0.0,0.8844164472433781,2,1.0844444444444448,0,0.8962385297261841,0.0434782608695652,0.0068785498078427,0,26.235172731430865,True,0,0.2916666666666667,0.0428571428571428,0.0,-1.9139255
165,1.7222685185185187,0.8506077525009399,0.0,1.3995812306460644,0,0.0,0.8506077525009399,0,0.16,0,0.8506077525009399,0.0,0.0,0,0.0,False,0,0.3333333333333333,0.0625,0.0,1.5978105
166,0.0,0.8987154886667355,0.0,1.6854752972273344,2,0.0,0.8987154886667355,0,0.5333333333333334,1,0.8987154886667355,0.0,0.0,0,19.000875081596437,False,0,0.1,0.0852272727272727,0.0,-0.7854342
167,0.0,0.8956326161691388,0.0,1.573402452417767,2,0.0,0.8956326161691388,0,0.6533333333333335,1,0.8956326161691388,0.0,0.0,0,19.000875081596437,False,0,0.25,0.0669642857142857,0.0,-0.084826276
168,0.0,0.9136527498406264,0.0,1.7574839898128798,2,0.0,0.9136527498406264,0,0.3422222222222222,1,0.9136527498406264,0.0,0.0,0,19.503790658361048,False,0,0.1111111111111111,0.0555555555555555,0.0,-1.2429556
169,0.0,0.3962426451415723,0.5287510904306973,1.5496361647732702,6,7.247792581767846,0.3989483892147876,0,5.848888888888891,0,0.3970139969011659,0.0,0.0,0,67.51322983026199,False,0,0.3636363636363636,0.1152570480928689,0.0,2.3424227
170,-0.5904160467420114,0.7824530853950201,0.2357022603955158,1.595461844238322,4,0.0,0.8367658644290326,2,0.8444444444444446,1,0.8120981752908925,0.0,0.0055096418732782,2,18.545492540416618,True,0,0.217391304347826,0.0282258064516129,0.0,-0.6142217
171,0.2532407407407415,0.8877037247906753,0.343418919464003,1.9942994759573032,2,6.968850378341948,0.8877037247906753,2,0.365,0,0.920062511143956,0.0,0.0,0,17.131148062709343,False,0,0.1818181818181818,0.0992063492063491,0.0,1.3279716
172,1.194490740740741,0.90701901811629,0.0,1.7841591278514215,0,0.0,0.90701901811629,0,0.16,0,0.90701901811629,0.0,0.0,0,0.0,False,0,0.3333333333333333,0.0625,0.0,0.54521716
173,0.2945776643990934,0.8915855958585936,0.0,1.7464353842388936,1,0.0,0.8915855958585936,1,0.16,0,0.8915855958585936,0.0,0.0,0,5.907179729351506,False,0,0.5555555555555556,0.03125,0.0,-2.1032224
174,0.0445776643990933,0.8843108934201204,0.0,1.6854752972273344,2,0.0,0.8843108934201204,1,0.16,0,0.8843108934201204,0.0,0.0,0,5.969305287951849,False,0,0.5555555555555556,0.03125,0.0,0.697837
175,0.295208202108004,0.8168763388888841,0.0,1.6214297638624395,1,0.0,0.8909504129629582,1,0.16,0,0.8168763388888841,0.0,0.0,0,5.907179729351506,False,0,0.6363636363636364,0.025,0.0,-1.762205
176,0.2971816203197672,0.646279694650699,0.0,1.4633131163503208,1,0.0,0.757560752884799,1,0.16,0,0.646279694650699,0.0,0.0055096418732782,0,5.907179729351506,True,0,0.7333333333333333,0.0178571428571428,0.0,-1.5973947
177,-0.452818379680233,0.6828905749643449,0.0,1.5241695235278407,3,0.0,0.7958276850706585,1,0.16,0,0.6828905749643449,0.0,0.0055096418732782,0,12.762247594051676,True,0,0.6666666666666666,0.0178571428571428,0.0,0.49168423
178,0.3041846437513626,0.8484676279285007,0.0,1.6826341844733412,2,0.0,0.8793678569706804,2,0.32,0,0.8547339416166573,0.0,0.0055096418732782,0,18.359115864615585,True,0,0.625,0.03125,0.0,-1.4685211
179,-0.6233353372851016,0.852664446049636,0.2357022603955158,1.70558726169826,4,0.0,0.8786589823021409,2,0.5422222222222224,0,0.8913093082183967,0.0,0.009080706050403,2,18.545492540416618,True,0,0.3333333333333333,0.0380434782608695,0.0,-1.0151185
180,-0.7227001650240565,0.743470095879212,0.0,1.8650842285606477,7,0.0,0.8038176281392253,5,0.8000000000000002,0,0.7615655413230972,0.0,0.0041322314049586,0,52.60925598969671,True,0,0.5714285714285714,0.0520833333333333,0.0,-1.8863208
181,-1.0933552624680725,0.7954935293342105,0.2357022603955158,1.8086328717325544,8,0.0,0.8388676497664778,6,1.2622222222222224,0,0.82623465712856,0.0,0.0073972043669013,2,58.39250093606165,True,0,0.4666666666666667,0.048076923076923,0.0,-2.3066099
182,-1.2493950732605144,0.7707083176586291,0.2480056452854308,1.8086328717325544,8,0.0,0.8202787410097916,6,1.4222222222222225,0,0.8004916433698281,0.0,0.0055567328294601,2,58.39250093606165,True,0,0.4666666666666667,0.05625,0.0,-2.4179475
183,-1.1124956592759636,0.8076101089809203,0.2357022603955158,1.8372417358680384,8,0.0,0.8540829189099979,6,1.1022222222222224,0,0.8409920395708121,0.0,0.0100281312402524,2,58.39250093606165,True,0,0.4482758620689655,0.0493421052631578,0.0,-2.275161
184,-1.2697411996296388,0.7810542175928763,0.2480056452854308,1.8372417358680384,8,0.0,0.8341660003689647,6,1.2622222222222226,0,0.8133384812353013,0.0,0.0077188219480709,2,58.39250093606165,True,0,0.4482758620689655,0.0576923076923077,0.0,-2.3775015
185,0.0,0.740699867103041,0.0,1.490468570732828,0,0.0,0.740699867103041,0,0.24,0,0.7280175133855431,0.0,0.0,0,8.796736650091386,False,0,0.4285714285714285,0.075,0.0,0.9777236
186,-1.7346267717859551,0.7512738697833218,0.9971879438542404,1.8027497403869208,6,7.881182202227102,0.7921943327901325,5,2.061666666666667,0,0.7840519551812278,0.0,0.0100413845277112,6,62.80820510993942,False,0,0.2619047619047619,0.0859885620915032,0.0,0.041392684
187,-0.622577449189551,0.8408765914931052,0.2357022603955158,1.7841591278514215,4,0.0,0.8751843969031775,2,0.5422222222222224,0,0.8909478540072342,0.0,0.0055096418732782,2,18.545492540416618,True,0,0.25,0.0416666666666666,0.0,-0.9184308
188,-0.2224593726379433,0.9100453773101052,0.1178511301977579,1.764694686130739,3,0.0,0.9100453773101052,1,0.5022222222222223,0,0.9592283955968044,0.0357142857142857,0.0,1,12.576187252464766,True,0,0.2857142857142857,0.0367647058823529,0.0,-3.4977505
189,-0.5364569516715973,0.8714977961412635,0.3190355937288491,1.6894822670191825,4,0.0,0.909608078626618,2,1.226666666666667,0,0.932068317636498,0.0,0.0075672550420025,4,18.545492540416618,True,0,0.1904761904761904,0.0333333333333333,10.772448428929591,-1.5856429
190,-0.7071122816410509,0.90949220231325,0.2357022603955158,1.7841591278514215,4,0.0,0.90949220231325,2,0.6222222222222223,0,0.963649284669078,0.0,0.0,2,18.545492540416618,True,0,0.25,0.0416666666666666,0.0,-1.8609858
191,-0.598741340360895,0.8023386067382953,0.3190355937288491,1.633935163144951,5,0.0,0.8541972858023608,2,0.6844444444444446,0,0.8452150736067298,0.0,0.0085486903668721,4,31.759256469442448,True,0,0.3076923076923077,0.0321428571428571,11.126902983393991,-2.3149002
192,-0.8118551155667855,0.9083558838760158,0.2357022603955158,1.7397208106531798,5,0.0,0.9083558838760158,2,0.6222222222222223,0,0.9479099131401036,0.0,0.0076668561517046,2,31.759256469442448,True,0,0.3684210526315789,0.0364583333333333,0.0,-1.6559594
193,0.0,0.8987744735266903,0.2721655269759087,1.7527152789797047,0,0.0,0.8987744735266903,0,0.7244444444444447,0,0.9467083407626374,0.0833333333333333,0.0,1,0.0,False,0,0.1666666666666666,0.0625,0.0,-0.7424059
194,0.0,0.8987744735266903,0.1666666666666666,1.633731420642133,0,0.0,0.8987744735266903,0,0.5333333333333334,0,0.9467083407626374,0.0454545454545454,0.0,1,0.0,False,0,0.1818181818181818,0.0432692307692307,0.0,-1.6269099
195,0.0,0.8805745296758872,0.1178511301977579,1.6068322783181097,0,0.0,0.8805745296758872,0,0.5733333333333335,0,0.9504402287649184,0.0,0.0,2,0.0,False,0,0.1666666666666666,0.0458333333333333,0.0,-1.0476395
196,0.0,0.8670557321436217,0.1666666666666666,1.3566695198333112,0,0.0,0.8670557321436217,0,0.5333333333333334,0,0.9050844088127902,0.0,0.0,2,0.0,False,0,0.1818181818181818,0.0432692307692307,0.0,-1.240477
197,0.0,0.8700189407738361,0.1178511301977579,1.3250112108241772,0,0.0,0.8700189407738361,0,0.5733333333333335,0,0.9022630364981916,0.0,0.0,2,0.0,False,0,0.25,0.0458333333333333,0.0,-0.3015916
198,0.0,0.8987744735266903,0.1666666666666666,1.633731420642133,0,0.0,0.8987744735266903,0,0.5333333333333334,0,0.9467083407626374,0.0454545454545454,0.0,1,0.0,False,0,0.1818181818181818,0.0432692307692307,0.0,-1.3258798
199,0.0,0.8987744735266903,0.0,1.3921472236645345,0,0.0,0.8987744735266903,0,0.3422222222222223,0,0.9467083407626374,0.0,0.0,1,0.0,False,0,0.2,0.025,0.0,-0.7424059
200,0.0,0.7696526263211605,1.0391943274084845,1.4441262659337386,0,0.0,0.8155993859355914,0,2.297777777777778,5,0.7995479803590559,0.0,0.0114557471459828,5,19.033151775582663,True,0,0.0789473684210526,0.0670289855072463,0.0,2.1353586
201,0.0,0.786281886910556,1.1840317135270717,1.5401797500584626,0,0.0,0.7935772741690207,0,3.6266666666666674,4,0.825676911279222,0.0,0.011777223898436,5,19.033151775582663,True,1,0.032258064516129,0.05625,0.0,3.1789763
202,0.0,0.7509683488979458,1.2654195771444368,1.4814525526116016,0,8.094683648698815,0.7864203247377441,0,3.333333333333334,1,0.7816206746142537,0.0,0.0082551873185481,5,19.033151775582663,True,1,0.0294117647058823,0.0839947089947089,0.0,2.8374488
203,0.0,0.8202412400640985,0.7415816237971964,1.5353658743449792,0,0.0,0.8277964230101834,0,3.288888888888889,4,0.8786080663533743,0.0,0.0119035472570826,7,19.033151775582663,True,1,0.0294117647058823,0.0430327868852459,0.0,3.1651497
204,0.0,0.7935775575033183,0.7721655269759087,1.55499063467752,0,7.75833346749091,0.8601115704902416,0,3.821111111111112,2,0.8410344037964657,0.0,0.0082404556557854,10,38.066303551165326,False,1,0.0454545454545454,0.0424174174174174,21.544896857859182,2.4711745
205,0.0,0.7469181029821513,1.4638008806470058,1.4018121534954444,0,0.0,0.7511280176750245,0,5.422222222222222,5,0.7852871403731885,0.0,0.0105938362084731,11,18.61627290242681,False,1,0.0208333333333333,0.0453296703296703,10.772448428929591,3.307496
206,0.0,0.9697238998682473,0.0,1.9182958340544891,1,0.0,0.9697238998682473,0,0.0,0,0.8710490642551527,0.0,0.0,0,7.109797541277533,False,0,0.3333333333333333,0.0,0.0,-0.69178534
207,-0.7060687938967807,0.8155707822215992,0.0,1.8119217115597808,4,0.0,0.8313204551225373,2,0.6622222222222225,0,0.8381440884711661,0.0,0.0061947031644001,0,37.36976901592673,True,0,0.4166666666666667,0.0336538461538461,0.0,-2.1487417
208,-0.903234487926044,0.8371460352897082,0.0,1.772396072422482,4,0.0,0.8505300495945223,2,1.5066666666666668,0,0.8866023551132431,0.032258064516129,0.003954698500153,2,24.28025620410157,True,0,0.2121212121212121,0.0365853658536585,0.0,-1.4202164
209,0.0,0.6523007394965068,0.0,1.610577243331642,0,0.0,0.6523007394965068,0,0.0,0,0.6339833333166619,0.0,0.0,0,8.796736650091386,False,0,0.2,0.0,0.0,1.9956352
210,0.0,0.7975876963280446,0.1178511301977579,1.633731420642133,0,0.0,0.8987744735266903,0,0.5733333333333335,0,0.8401250222879124,0.0454545454545454,0.0,2,0.0,False,0,0.1818181818181818,0.0491071428571428,0.0,-1.5228788
211,0.0,0.6711042248297373,0.0,1.3921472236645345,0,0.0,0.6711042248297373,0,0.3822222222222223,0,0.706895874194506,0.0,0.0,2,0.0,False,0,0.2,0.0227272727272727,0.0,-0.61978877
212,0.0,0.6983809711599993,0.0,1.9416823878601936,2,0.0,0.7640753132420126,0,0.7822222222222223,0,0.7510527726515923,0.0555555555555555,0.0,0,0.0,True,0,0.2105263157894736,0.0543478260869565,0.0,-0.013228266
213,0.0,0.6291289747591652,0.0,1.895146783327743,1,0.0,0.6889078715349575,1,1.5200000000000005,0,0.6376562727099161,0.0,0.0,0,36.93268052172735,True,0,0.5217391304347826,0.0821428571428571,0.0,0.26220122
214,0.0,0.620250198231988,0.0,1.7682276056242228,1,0.0,0.6644781133386745,1,1.6800000000000002,0,0.626484715302183,0.0,0.0025429116338207,0,36.93268052172735,True,0,0.6071428571428571,0.071875,0.0,0.7212464
215,0.0,0.618420132905895,0.0,1.6705153824634809,1,0.0,0.6532107261514213,1,1.6800000000000002,0,0.6233179157858358,0.0,0.0041322314049586,0,36.93268052172735,False,0,0.6666666666666666,0.0638888888888888,0.0,1.1526102
216,0.0,0.5962941140623511,0.0,1.5323941452664678,1,0.0,0.6458700227354122,1,1.6800000000000004,0,0.5995644647076924,0.0,0.0034267284821608,0,36.93268052172735,False,0,0.7441860465116279,0.0522727272727272,0.0,1.2019718
217,0.0,0.5723958522866018,0.0,1.4819314943064883,1,0.0,0.6454406809645836,1,1.6800000000000002,0,0.5751035915536721,0.0,0.0036537625054371,0,36.93268052172735,False,0,0.7708333333333334,0.0479166666666666,0.0,1.1760913
218,0.5450925925925929,0.7884859367972993,0.1666666666666666,1.7464353842388936,1,0.0,0.7884859367972993,1,0.4800000000000001,0,0.7884859367972993,0.0,0.0,0,12.328001352277516,False,0,0.4444444444444444,0.075,0.0,0.93500316
219,-0.5206018518518516,0.9293244215506592,0.1666666666666666,2.0579243108310066,3,0.0,0.9293244215506592,2,0.32,0,0.9467083407626374,0.0,0.0,0,23.403834035070076,False,0,0.5,0.0568181818181818,0.0,-3.2218487
220,0.1300028344671209,0.8914629392004517,0.1666666666666666,1.97355611232775,3,0.0,0.8914629392004517,2,0.32,0,0.9050844088127902,0.0,0.0,0,25.4071041815069,False,0,0.4545454545454545,0.048076923076923,0.0,-0.09151498
221,0.1261226251035057,0.8911665941368658,0.1666666666666666,1.7967719927529546,3,0.0,0.9208350066900336,2,0.5511111111111112,0,0.929972121980486,0.0,0.0072314049586776,1,18.297306640229365,True,0,0.3888888888888889,0.0327380952380952,0.0,-0.55284196
222,0.0763742356008081,0.8988246603066086,0.1666666666666666,1.7695943615050294,3,0.0,0.9211566906130156,2,0.5511111111111112,0,0.9284197430758898,0.0,0.0053667993061932,1,24.965997829128508,True,0,0.4285714285714285,0.0338541666666666,0.0,-1.69897
223,0.5640291950113381,0.890135379039098,0.1666666666666666,1.853568158165228,1,0.0,0.890135379039098,1,0.24,0,0.890135379039098,0.0,0.0,0,24.336624142535708,False,0,0.6363636363636364,0.0520833333333333,0.0,-0.38721615
224,0.0,0.9314714457178894,0.0,1.7273966735744792,0,0.0,0.9314714457178894,0,0.3422222222222223,0,1.0000000000000004,0.0555555555555555,0.0,0,0.0,False,0,0.1111111111111111,0.0277777777777777,0.0,-1.0245743
225,0.0,0.8892263943402581,0.0833333333333333,1.8753156176197316,1,0.0,0.8892263943402581,0,0.6533333333333335,0,0.9366510388806776,0.0909090909090909,0.0,0,7.109797541277533,False,0,0.1818181818181818,0.0491071428571428,0.0,-0.6946486
226,0.0,0.8878275694755772,0.0833333333333333,1.7956828983511028,1,0.0,0.8878275694755772,0,0.6533333333333335,0,0.9267672896410716,0.0833333333333333,0.0,0,6.606881964512918,False,0,0.25,0.0458333333333333,0.0,-0.20760831
227,0.0694444444444448,0.8750481154569111,0.2357022603955158,1.9362600275315276,2,0.0,0.8750481154569111,1,0.0,0,0.8750481154569111,0.0,0.0,0,5.969305287951849,False,0,0.1666666666666666,0.0416666666666666,0.0,-0.6194225
228,0.4699537037037038,0.8732737098805868,0.0,1.8423709931771084,2,0.0,0.8732737098805868,1,0.16,0,0.8732737098805868,0.0,0.0,0,12.390126910877855,False,0,0.4285714285714285,0.0833333333333333,0.0,-0.8961709
229,0.0534665532879818,0.5997964107986723,0.8796528112548947,1.6435270140593634,3,0.0,0.5997964107986723,1,1.0222222222222224,0,0.606112844141439,0.0,0.0,0,18.68015364021307,True,0,0.1428571428571428,0.1624999999999999,0.0,1.0710901
230,0.0,0.9615539600943472,0.3938026764748812,1.813183850507562,5,0.0,0.9807769800471736,0,1.115555555555556,1,0.9615539600943472,0.0,0.0,0,52.94921166454116,False,0,0.1538461538461538,0.0684523809523809,0.0,-3.7401304
231,-1.3638854770303177,0.7730462353244482,0.2753775377200259,1.7474130395316414,8,0.0,0.809933540914437,3,1.995555555555556,1,0.7891944766987268,0.0,0.0,0,55.53754534387459,False,0,0.2272727272727272,0.052734375,0.0,0.006811941
232,0.0,0.7966917186688699,0.2753775377200259,1.683157328518199,5,0.0,0.8608458593344348,0,1.435555555555556,1,0.7966917186688699,0.0,0.0,0,58.95902210385164,True,0,0.3125,0.0649038461538461,0.0,0.12298218
233,0.0,0.7596554861115126,0.2753775377200259,1.583486490151956,5,0.0,0.8063853399503029,0,1.515555555555556,1,0.7596554861115126,0.0,0.0,0,57.450275373557794,True,0,0.4210526315789473,0.0581896551724137,0.0,1.1732036
234,-1.492625556395397,0.7594062075985293,0.2983894022963089,1.776233967978774,8,0.0,0.8002918714294374,3,1.995555555555556,1,0.7769718920890912,0.0,0.0,0,42.69590209802257,True,0,0.1904761904761904,0.0584677419354838,0.0,-0.3633836
235,0.0,0.745292998299391,0.2983894022963089,1.6136656666753135,5,0.0,0.7967652598440199,0,1.515555555555556,1,0.745292998299391,0.0,0.0,0,44.60863212770578,True,0,0.3888888888888889,0.0602678571428571,0.0,1.181769
236,0.0,0.6144982234195134,0.0,1.9591479170272448,1,0.0,0.6144982234195134,0,0.0,0,0.5929809818837098,0.0,0.0,0,9.040257602257809,False,0,0.2,0.0,0.0,2.4250202
237,0.0,0.760181426029589,0.2471938745990654,1.4056607849761658,1,0.0,0.8351685583797193,0,1.2666666666666668,0,0.8227268557863091,0.0238095238095238,0.0,4,0.0,True,0,0.1304347826086956,0.0416666666666666,22.253805966787983,0.63346845
238,-0.3318238803272815,0.8063179889254432,1.4824705059093168,1.635951944644828,4,0.0,0.8227897396242282,2,4.635555555555555,1,0.8382809993877665,0.0697674418604651,0.0088617139614922,5,12.255465811081404,False,0,0.1304347826086956,0.0609375,0.0,1.1903317
239,0.0,0.7427319500411808,1.691632388298685,1.6304423781291395,4,8.127109185346375,0.7701214786924344,0,5.208888888888889,1,0.8006545935795447,0.0212765957446808,0.0088512510061331,14,0.0,False,1,0.037037037037037,0.0582561728395061,22.253805966787983,3.2705524
240,0.0,0.6536788844473882,2.579703575756384,1.5182666588963805,4,8.127109185346375,0.6710229379631444,0,7.342222222222222,3,0.6891099501219644,0.0169491525423728,0.0104497067398812,14,0.0,False,1,0.0294117647058823,0.0610119047619047,22.253805966787983,3.0954459
241,0.0,0.704020314572543,2.2243244587497903,1.591558343025782,4,8.127109185346375,0.7191025486848295,0,5.032222222222223,1,0.7498619368751858,0.0196078431372549,0.0079298718658609,12,0.0,False,1,0.0344827586206896,0.060672514619883,22.253805966787983,3.3555872
242,0.0,0.7945284146993606,1.3582990549653515,1.6434438032502008,4,8.127109185346375,0.8148836360462662,0,4.792222222222222,1,0.8631475970672198,0.0222222222222222,0.0086617221162675,12,0.0,False,1,0.0384615384615384,0.0604575163398692,22.253805966787983,3.1729417
243,0.0,0.825061246719719,1.5249657216320185,1.6434438032502008,4,8.127109185346375,0.8454164680666248,0,4.809444444444445,1,0.8963173869733512,0.0222222222222222,0.0083336865155046,12,0.0,False,1,0.0384615384615384,0.0598705501618122,22.253805966787983,3.1222994
244,0.0,0.8029291892236281,1.3582990549653515,1.6452768781158806,4,8.127109185346375,0.8373435394184351,0,4.41,1,0.8804936684197647,0.0232558139534883,0.0081375102239483,10,0.0,False,1,0.04,0.0616496598639455,22.253805966787983,3.1376407
245,0.0,0.7695203916807803,0.1924500897298752,1.6163485660751646,1,0.0,0.840334230907383,0,0.5644444444444445,0,0.8078347747194917,0.0454545454545454,0.0,2,0.0,False,0,0.0909090909090909,0.0833333333333333,0.0,1.1467355
246,-0.6922580992273442,0.7636993585039422,1.5100492821417186,1.7496990604343905,9,0.0,0.8391473058506059,5,3.631111111111112,0,0.8119480917077241,0.0238095238095238,0.005928894083164,8,31.72433866240354,False,0,0.1777777777777777,0.0592105263157894,11.126902983393991,0.35434446
247,-0.0361067348269035,0.6717714070252903,1.0069086473878968,1.4843559791259084,3,0.0,0.7600963553376704,1,2.4888888888888894,0,0.6991970518395418,0.04,0.0112604465221545,6,6.472220864716464,True,0,0.1538461538461538,0.0681818181818181,0.0,0.8454597
248,-0.2004276976031946,0.7267253539467002,1.2914264442523211,1.4658058420723152,4,0.0,0.8036430265400465,2,2.791111111111112,0,0.7622153669487347,0.0303030303030303,0.0058618113359071,8,12.255465811081404,False,0,0.1714285714285714,0.059322033898305,0.0,0.7389501
249,-0.2773679848842474,0.7377135928886068,1.2914264442523211,1.4658058420723152,4,0.0,0.8036430265400465,2,2.871111111111112,0,0.7737402222902203,0.0303030303030303,0.008423630241812,8,12.255465811081404,False,0,0.1714285714285714,0.059322033898305,0.0,0.8231493
250,-0.2342420009272203,0.7560755673317318,1.4824705059093168,1.3513944642589326,4,0.0,0.7975074247727493,2,4.635555555555555,1,0.7813371368970964,0.0232558139534883,0.0088617139614922,9,12.255465811081404,False,0,0.1304347826086956,0.0609375,0.0,1.5403295
251,-0.1656568952047363,0.7919559725322437,1.455692870861236,1.382902448178046,4,0.0,0.846983327433205,2,3.204444444444445,1,0.8219639210644929,0.025,0.0067643987695567,8,12.255465811081404,False,0,0.1627906976744186,0.0573630136986301,0.0,1.4758825
252,-0.907453939029967,0.7174188076807719,3.061001044257268,1.6057848060815438,8,7.901377353792616,0.74726566067692,4,9.414444444444444,3,0.7588575309893604,0.0303030303030303,0.0088708635173281,14,16.381459106494365,False,1,0.0789473684210526,0.0631076388888888,38.79191527018213,2.7339993
253,0.0,0.7301250118017932,1.288466008634729,1.7859867513206933,6,0.0,0.7613318889655167,0,5.413333333333334,3,0.7760498789936372,0.024390243902439,0.0083398765875709,4,5.7871111525705965,False,1,0.0434782608695652,0.0667613636363636,0.0,2.307712
254,0.0,0.7055233660587298,2.472813719760212,1.5809172530941389,4,0.0,0.7055233660587298,0,7.973333333333334,5,0.749617299931266,0.0192307692307692,0.0094823150915994,12,0.0,False,1,0.0333333333333333,0.056547619047619,10.772448428929591,3.7716658
255,0.0,0.7087577817336587,1.5642494316979376,1.7246767653542676,4,8.094683648698815,0.7520313859831335,0,4.64,1,0.7550404962380136,0.0256410256410256,0.0094914027237259,6,0.0,True,1,0.0454545454545454,0.0746124031007751,0.0,3.0624855
256,0.0,0.7189972492476373,1.5642494316979376,1.6856804340948992,4,8.094683648698815,0.7566646972220527,0,4.64,1,0.7514453826177059,0.0256410256410256,0.0094914027237259,6,0.0,False,1,0.0909090909090909,0.0746124031007751,0.0,2.8900404
257,0.0,0.6788675809677294,2.675340293979631,1.554278655916765,4,8.787678239039497,0.7348136156056245,0,7.680000000000001,1,0.7157460651834929,0.0151515151515151,0.0083485878791879,8,19.935914083788838,False,2,0.0256410256410256,0.0701901565995525,44.133605740930086,2.2787535
258,-0.6429743178708225,0.7224598457675281,2.6142141408709114,1.6392636042410225,8,8.695674048824253,0.7786993963063215,4,7.3788888888888895,0,0.762509984643848,0.0327868852459016,0.0086844612278728,12,16.381459106494365,False,1,0.0571428571428571,0.0734702093397745,38.79191527018212,2.1760912
259,-0.5470505440521098,0.7484058679861078,2.661026259375613,1.563957159690912,8,8.695674048824253,0.7899737225877649,4,8.26777777777778,0,0.7942994768352764,0.0273972602739726,0.0079104093950229,16,16.381459106494365,False,1,0.0588235294117647,0.0668029993183367,71.46371511143529,2.7363966
260,-1.4104331079167602,0.7601673359760379,3.777289690145701,1.8357027917212487,8,8.695674048824253,0.7954408895169405,4,7.956666666666668,0,0.8040752508041565,0.0277777777777777,0.0078673805449761,10,28.734056141381316,False,1,0.073170731707317,0.0854899930986887,38.79191527018212,1.9294189
261,0.0,0.7784529323821413,1.7912942208568985,1.6725888313728627,4,8.183955717304954,0.8242209886769924,0,5.255000000000001,1,0.821778263460307,0.0238095238095238,0.0086110966728462,6,0.0,False,1,0.0851063829787234,0.0728458049886621,0.0,2.9138138
262,0.0,0.9251099295352732,0.0,1.7381493331928664,1,0.0,0.9251099295352732,0,0.3422222222222223,0,1.0000000000000002,0.0555555555555555,0.0,0,0.0,False,0,0.1111111111111111,0.0277777777777777,0.0,1.2286919
263,0.0,0.697330448091342,1.1571348402636772,1.7018426023909723,4,0.0,0.7359510411264346,0,6.773333333333335,1,0.7520720601605787,0.046875,0.0088105144221867,14,0.0,False,1,0.1111111111111111,0.0393700787401574,66.76141790036395,2.0896454
264,0.0,0.6820328629785767,1.1571348402636772,1.5987286993166216,4,0.0,0.7268939582181196,0,6.933333333333335,1,0.7423619988188885,0.0147058823529411,0.0075425203983514,18,0.0,False,1,0.1052631578947368,0.037037037037037,66.76141790036395,2.1566834
265,0.0,0.6761273515937178,1.1571348402636772,1.4949377857546078,4,0.0,0.7093696955698524,0,6.773333333333335,1,0.7222654179940474,0.015625,0.0088105144221867,18,0.0,False,1,0.1111111111111111,0.0393700787401574,66.76141790036395,2.4021404
266,0.0,0.6654207756468905,1.1571348402636772,1.5145875202787882,4,0.0,0.7359510411264347,0,6.00888888888889,1,0.717657424803649,0.0166666666666666,0.00700365851881,14,0.0,False,1,0.1176470588235294,0.0399159663865546,66.76141790036395,2.5344708
267,0.8058564287842885,0.8274786063900829,0.2222222222222222,1.8616157143988104,3,0.0,0.8779320355945816,1,1.3244444444444443,0,0.8913093082183967,0.0454545454545454,0.0082498870377658,3,6.472220864716464,True,0,0.1739130434782608,0.0546875,5.573104530069267,0.11394335
268,-0.0351570868318011,0.6968825787669023,1.0302567583920093,1.4435088359999462,3,0.0,0.7223336125313551,1,2.106666666666668,0,0.7215581226337323,0.037037037037037,0.0072861712790411,4,6.472220864716464,False,0,0.2142857142857142,0.0597826086956521,0.0,0.26245108
269,-0.0441852472235977,0.7499468055570793,0.8577107283236621,1.531401088664749,3,0.0,0.7846987262505446,1,1.786666666666667,0,0.7859436003784067,0.0434782608695652,0.0100896733893366,4,6.472220864716464,True,0,0.1666666666666666,0.0592105263157894,0.0,-0.52287877
270,-0.0316270898927133,0.7509318139197944,0.7886751345948129,1.4843559791259084,3,0.0,0.7803734633572544,1,1.946666666666667,0,0.781589250352647,0.04,0.008944665510322,4,6.472220864716464,True,0,0.2307692307692307,0.0535714285714285,0.0,-0.1426675
271,-0.0522637596202919,0.7793581629872436,0.6220084679281461,1.5847728337743971,3,0.0,0.8214813248498052,1,1.0844444444444448,0,0.8244824310018039,0.0476190476190476,0.0082498870377658,2,6.472220864716464,True,0,0.1818181818181818,0.0546875,0.0,0.43604818
272,-0.5082304803629554,0.798652527794428,1.7649998788039971,1.7336287534602095,6,0.0,0.8383612125147133,4,2.4088888888888897,0,0.8437954096206869,0.0476190476190476,0.0086417380286302,2,35.01647632673785,False,0,0.1777777777777777,0.0557432432432432,0.0,-0.07720506
273,-0.0311116875528159,0.7525878131222896,0.6157420880884381,1.4435088359999462,3,0.0,0.7780388468867427,1,1.8666666666666671,0,0.7792357939474099,0.037037037037037,0.00698515850031,4,6.472220864716464,False,0,0.2857142857142857,0.0516304347826086,0.0,0.12057393
274,-0.0310650086425006,0.747601890083902,0.3800398276929222,1.4080548224512182,3,0.0,0.792307207161098,1,1.1644444444444446,0,0.7709153362102641,0.0344827586206896,0.0078461381491684,2,6.472220864716464,False,0,0.4,0.0426136363636363,0.0,0.5340261
275,-0.0227783542194823,0.7538381828212565,0.6157420880884381,1.478690646751615,3,0.0,0.802091046365741,1,1.5288888888888894,1,0.7873025482814672,0.0384615384615384,0.0104998562298837,4,6.472220864716464,True,0,0.1428571428571428,0.0472222222222222,0.0,-0.9586073
276,-0.1797020273718739,0.7874925226963184,0.9002598849528627,1.4599344207871634,4,0.0,0.8344901513476273,2,1.9111111111111116,1,0.8278294673511787,0.0294117647058823,0.004504796974953,6,12.255465811081404,False,0,0.1621621621621621,0.04375,0.0,-0.22184876
277,0.0,0.7620052277769305,2.388828142400637,1.5402195093092514,4,8.51097389160232,0.8134478980306681,0,7.077777777777779,1,0.8121805083044202,0.0142857142857142,0.0073890601542116,10,19.935914083788838,False,2,0.0481927710843373,0.0616987179487179,55.26050872432408,1.770852
278,0.0402754395809956,0.8385987124942146,0.1924500897298752,1.5453399940466048,3,0.0,0.9256866094937516,1,1.186666666666667,0,0.905920755354596,0.0416666666666666,0.0047079744049441,2,5.783244946364939,True,0,0.1923076923076923,0.0357142857142857,0.0,1.7877848
279,0.0,0.6658693294592424,2.0565939411828977,1.4125343852499448,4,0.0,0.7333204680842949,2,3.8533333333333344,0,0.6908382856410753,0.0217391304347826,0.0046569592024137,6,8.417796984328938,False,0,0.2244897959183673,0.0552325581395348,0.0,1.4506418
280,0.0,0.7512371792430463,1.7086325525620762,1.517068672276094,4,0.0,0.8476031311685381,2,3.213333333333334,0,0.7909654470336053,0.0263157894736842,0.0076432776967536,6,8.417796984328938,False,0,0.1707317073170731,0.0571428571428571,0.0,0.80705357
281,0.0,0.7964741009649874,1.872898979170991,1.4326150215089102,4,0.0,0.8649509110150235,2,3.6266666666666674,1,0.8300123485153841,0.0222222222222222,0.0073421079481685,6,8.417796984328938,False,0,0.1632653061224489,0.0558035714285714,0.0,1.1539291
282,0.0,0.8025623429581268,1.2440169358562922,1.5843288833355649,4,0.0,0.8646163028763004,2,1.8088888888888892,0,0.8554187176688673,0.0294117647058823,0.0045585727403909,2,8.417796984328938,False,0,0.1891891891891892,0.0517241379310344,0.0,0.102441266
283,-0.0240704239493467,0.7080713953844079,0.9626701469898156,1.4724674212130748,3,8.094683648698815,0.7358251286557406,1,2.232222222222223,0,0.7418604679769376,0.037037037037037,0.0115498418528721,4,6.472220864716464,True,0,0.0666666666666666,0.094551282051282,0.0,0.83884907
284,-0.813696088378697,0.7183207770120769,2.3483547619718186,1.5418199492548963,4,8.689632748355741,0.8078255010980904,4,4.435555555555556,0,0.7558892931200325,0.0,0.011242465810367,12,28.945507521412356,False,2,0.0204081632653061,0.0885241301907968,0.0,2.76526
285,-1.0554998640490656,0.7227915366866954,2.838753463785876,1.432627080296912,4,7.887959336599945,0.7772106731559416,4,7.520000000000001,3,0.7685444621537749,0.0,0.0078136219172752,18,28.945507521412356,False,1,0.0571428571428571,0.0648782343987823,32.671799841253176,2.738539
286,-0.9704448543908823,0.7436158811120923,2.3105786967821524,1.4865555523217835,4,7.887959336599945,0.801051856494721,4,5.777777777777779,3,0.7947139932835561,0.0,0.0083693862289949,16,28.945507521412356,False,1,0.0327868852459016,0.0627869605142332,32.671799841253176,2.9793823
287,-1.0879072714564737,0.7422653370957222,2.606495254732944,1.4578354767617367,4,7.887959336599945,0.8055244672775271,4,6.5600000000000005,3,0.7963855251296115,0.0,0.0080976262794444,18,28.945507521412356,False,1,0.0303030303030303,0.0650912106135986,32.671799841253176,2.8391895
288,-0.9350778238293344,0.7504529703175802,2.391966560399517,1.4618278700803204,4,8.689632748355741,0.826821999212855,4,5.484444444444446,0,0.796475127090783,0.0,0.0095270297525406,16,28.945507521412356,False,2,0.03125,0.0767249103942652,32.671799841253176,2.7178426
289,0.0,0.7448879326761171,1.2028514353585045,1.8051413787575816,4,7.887959336599945,0.8270438193813484,4,2.3600000000000003,0,0.8033804393991784,0.074074074074074,0.0099734720946842,7,9.551078168738565,True,0,0.0333333333333333,0.0809771825396825,27.232283132542747,1.5599066
290,-1.1391281015092578,0.7716282040866196,1.2028514353585045,1.6761730338896517,6,7.887959336599945,0.839353680417534,4,3.0444444444444456,0,0.8271596188622682,0.024390243902439,0.0074372995585116,7,28.945507521412356,False,0,0.108695652173913,0.069355413105413,0.0,0.6454223
291,0.0,0.7670996981271495,3.98502004079782,1.7512671301905287,8,8.689632748355741,0.816381765652812,4,7.653333333333334,0,0.8107829605503116,0.0277777777777777,0.0101243268168332,12,21.90367520362551,False,2,0.036144578313253,0.0816395663956639,71.89644426568069,1.5910646
292,-2.920383789475374,0.7657097880879121,3.866215401797912,1.838126598708548,6,7.887959336599945,0.799575839686558,4,6.631111111111112,3,0.8172293344792554,0.0175438596491228,0.0097272387171377,12,51.51115934598072,False,1,0.0461538461538461,0.0840378421900161,0.0,0.86779946
293,0.0,0.8357920797122742,0.1178511301977579,1.4762856555827246,0,6.762729506931879,0.8662879067434499,0,0.285,0,0.853913375925921,0.0,0.0,1,0.0,True,0,0.3846153846153846,0.0801282051282051,0.0,1.3636119
294,0.0,0.7005796154678976,1.992790383709507,1.5745026554217976,2,0.0,0.7005796154678976,0,6.177777777777779,4,0.7467737522850652,0.0,0.0095021359843494,6,9.967957041894415,False,1,0.0408163265306122,0.0544554455445544,11.033401435232523,1.7853298
295,0.0,0.7739903018879006,2.986349491166349,1.7807688896439655,8,8.689632748355741,0.8170075291889055,4,7.44888888888889,0,0.8224467385787019,0.0289855072463768,0.0090178358865227,12,9.551078168738565,False,2,0.025,0.0725925925925926,83.02334724907466,1.80618
296,-0.3581091650109405,0.8080120438519587,2.556182537496973,1.7091937930018353,7,8.37539918579835,0.8565685534967711,5,6.696666666666668,0,0.86312877852429,0.0375,0.0083583579906812,14,15.458257898090068,False,0,0.1098901098901098,0.0628494060097833,49.48608909933073,0.88195497
297,-3.173456835433416,0.8030738159194691,2.748632627226848,1.6817632882424454,8,8.37539918579835,0.8642942038098438,6,7.078888888888891,0,0.8571260631566425,0.0113636363636363,0.0082412404510579,16,40.6359321971288,False,0,0.12,0.0624600893997445,22.253805966787983,0.6364879
298,-4.774216332104888,0.7996748157247006,4.161043391596783,1.750396074068119,7,8.37539918579835,0.8552196913687998,5,8.278888888888892,0,0.8495576626178934,0.0105263157894736,0.0081763395926768,16,47.205284285650805,False,0,0.1121495327102803,0.0739441609977324,22.253805966787983,1.0098757
299,-2.36125766309532,0.8037331587118254,2.556182537496973,1.6883744536144183,8,8.37539918579835,0.8640994988959732,5,6.998888888888891,0,0.8573203525679627,0.0172413793103448,0.008217096694815,14,34.85268725076386,False,0,0.1212121212121212,0.0624591503267973,22.253805966787983,0.62531245
300,-4.296864722721629,0.7684730599482956,4.390614208376759,1.7305472849719417,6,8.689632748355741,0.8074598767565777,4,7.3255555555555585,0,0.8098944142681497,0.0113636363636363,0.0093826431705219,16,41.2981045562993,False,0,0.0909090909090909,0.0829559178743961,22.253805966787983,1.5572665
301,-1.943654216296836,0.7692561803434906,2.785753354276948,1.66674367857983,7,8.689632748355741,0.8128840624266892,4,6.045555555555557,0,0.8136728953080035,0.01875,0.0095372987384006,14,28.945507521412356,False,0,0.0989010989010989,0.0720815752461322,22.253805966787983,1.1162755
302,-1.682635822314433,0.7668517034441676,3.4077618222050936,1.5967234100830057,8,8.689632748355741,0.8095043438659052,4,6.970000000000002,0,0.807976982104948,0.0208333333333333,0.0090068085233219,16,28.945507521412356,False,0,0.1192660550458715,0.0685579196217494,22.253805966787983,0.9965117
303,-1.6081232153355156,0.7978829669424462,1.1712001829483536,1.712935039619369,4,0.0,0.804682631593923,2,2.2622222222222224,0,0.8316407314190501,0.0,0.0082542597694112,1,25.152374504929536,True,0,0.3571428571428571,0.0725,0.0,1.0916078
304,-2.451531897745189,0.8142804120550975,1.0671608896316762,1.728707842226376,7,7.887959336599945,0.874826298432339,6,3.2533333333333347,0,0.8777907032040732,0.0306122448979591,0.0068249065494244,6,40.75986698011536,False,0,0.1272727272727272,0.058588761174968,0.0,-0.67366415
305,0.0,0.830576720017683,0.4666099714203531,1.416361954434675,2,0.0,0.8963189526491324,0,3.022222222222223,0,0.8943865666187867,0.0208333333333333,0.0062175759145456,7,9.967957041894415,False,0,0.1272727272727272,0.0304878048780487,55.31703531749555,0.22076166
306,-4.338689111206076,0.7642481660473375,3.511277394720274,1.7918408776349417,6,7.887959336599945,0.8085662041414422,4,5.857777777777779,0,0.8128204208524147,0.0126582278481012,0.0083776908375838,14,41.2981045562993,False,0,0.1136363636363636,0.0711360398860398,33.380708950181976,1.2324879
307,-4.373017622573792,0.7893220120504362,3.4279440613869405,1.83844771362182,6,7.887959336599945,0.8297080948405589,4,5.715555555555557,0,0.839845862222173,0.0136986301369863,0.0080898713221945,12,41.2981045562993,False,0,0.1111111111111111,0.0748084291187739,22.253805966787983,1.1809856
308,-4.381840603731041,0.8006409127522888,3.4279440613869405,1.918869670989908,6,8.132412674500905,0.8372338474969933,4,5.913333333333335,0,0.852272490752702,0.0138888888888888,0.0087494722968729,10,41.2981045562993,False,0,0.1125,0.075508607198748,20.881197370796592,1.0663259
309,-1.3301764206926712,0.792144470116315,1.7014727424497378,1.5080755669522956,8,7.887959336599945,0.8532861120215226,4,4.417777777777779,0,0.8414930049368883,0.0289855072463768,0.0071195033595739,10,28.945507521412356,False,0,0.1538461538461538,0.0622795414462081,11.126902983393991,-0.9913998
310,-4.404875067199915,0.8188308046008568,3.4279440613869405,1.8816401362087416,6,7.887959336599945,0.8634021740081567,4,5.795555555555557,0,0.871836225972274,0.0136986301369863,0.0084613544039663,10,46.28208307724651,False,0,0.1111111111111111,0.0748084291187739,22.514758973090917,1.0845762
311,0.0,0.8396284690007035,0.8314586292361601,1.7737369550246451,5,7.887959336599945,0.8812643908699033,4,2.0088888888888894,0,0.9180550389682688,0.0806451612903225,0.0073124341053633,4,9.551078168738565,True,0,0.0857142857142857,0.0696881091617933,27.232283132542747,-0.7778388
312,-0.3259450298066157,0.8065435354437959,0.7805958655852391,1.4650037904249682,5,7.221835825288449,0.8714398128269292,2,2.1788888888888893,0,0.8680781178484345,0.025,0.0043923840523988,5,11.75255023431679,False,0,0.1555555555555555,0.0531045751633986,0.0,-0.1526974
313,-1.283174830406561,0.8303837944433174,0.9147919625694936,1.6818655929351,5,7.887959336599945,0.8875872736408901,4,2.231111111111112,0,0.903212545825712,0.0135135135135135,0.0081576369758187,6,28.945507521412356,True,0,0.0952380952380952,0.0639297385620915,11.126902983393991,-0.6019905
314,-1.2410836451045253,0.7853379345243476,1.4534670971643069,1.582103142127762,7,7.887959336599945,0.8468386942811243,4,3.235555555555557,0,0.8393030082809982,0.0277777777777777,0.0066124705162138,6,28.945507521412356,False,0,0.1475409836065573,0.0622165532879818,0.0,-0.7447275
315,-0.2782090088797584,0.8098219525927183,1.2101542437835098,1.6037154211354407,6,7.221835825288449,0.8662421385521538,3,2.2588888888888894,0,0.872849138693163,0.024390243902439,0.0051466983672762,3,14.387102272280789,False,0,0.1521739130434782,0.0570987654320987,0.0,0.0
316,-3.439372496384065,0.69037209738284,4.85562735605062,1.7209708041364369,4,7.901377353792616,0.7294652206603892,4,6.6544444444444455,0,0.7201482339445617,0.0,0.0076755486121877,12,42.15761446973645,False,0,0.1351351351351351,0.0779373123123123,0.0,1.90309
317,-2.476942960264953,0.66108907108202,3.7112897887532137,1.7106089255451828,4,7.901377353792616,0.6966082055378925,4,5.605555555555556,0,0.6890836904176791,0.0,0.0081211197163169,11,35.981315952292974,False,0,0.1428571428571428,0.0737268518518518,0.0,1.673021
318,-2.984047387894928,0.7178894294495447,3.464337392012846,1.939755798399146,4,7.901377353792616,0.7700529730132476,4,4.423333333333335,0,0.7608200390500057,0.0,0.0089909192939495,9,35.981315952292974,False,0,0.0638297872340425,0.0826023391812865,0.0,1.9395193
319,-2.4795400393031697,0.7179738941002937,3.628317583895975,1.752760997862835,4,7.901377353792616,0.8113215637665028,4,5.810000000000002,0,0.7585823350866852,0.0,0.0071241710029588,15,35.981315952292974,False,0,0.0793650793650793,0.0772497704315886,22.253805966787983,1.7403626
320,-2.599889361454345,0.7270414507052002,3.588870593049012,1.7865191975130672,4,7.901377353792616,0.7463800259790839,4,5.525555555555557,0,0.7641517304326363,0.0,0.0095921715705763,11,35.981315952292974,False,0,0.1034482758620689,0.0745287698412698,11.126902983393991,1.9263425
321,-2.6371100532204927,0.7283410445330356,3.3831180640114784,1.851969989822692,4,7.901377353792616,0.7774693237505476,4,5.045555555555557,0,0.772613546023861,0.0,0.0069032933458006,11,35.981315952292974,False,0,0.074074074074074,0.0802617521367521,11.126902983393991,1.7307823
322,-2.705041867411325,0.7389674955175947,3.5111495105175483,1.7826709198677728,4,7.901377353792616,0.7859980637121107,4,5.312222222222224,0,0.7901030496616049,0.0,0.0081793883855739,13,35.981315952292974,False,0,0.064516129032258,0.0716435185185185,32.671799841253176,2.149219
323,-3.475485137951252,0.7534981484887061,4.649874827013086,1.769559583363412,4,7.901377353792616,0.7807397303548532,4,6.494444444444445,0,0.7904196959675065,0.0,0.0074521771124158,12,42.15761446973645,False,0,0.1142857142857142,0.082390873015873,0.0,1.7185017
324,-3.5115977795184383,0.7572894035272586,4.44412229797555,1.81948749557764,4,7.901377353792616,0.8092191850790342,4,6.014444444444446,0,0.8001215208304826,0.0,0.0066554260288209,12,42.15761446973645,False,0,0.0909090909090909,0.0873842592592592,0.0,1.4065402
325,-3.2048377194199427,0.7687398811211095,3.2709499502343844,1.9594342223355057,4,7.901377353792616,0.8359045026809319,4,4.072222222222223,0,0.8174047241941368,0.0,0.007701619368286,8,35.981315952292974,False,0,0.0652173913043478,0.085546398046398,0.0,1.79588
326,-2.6009411500928685,0.7348909818141072,4.181695255126502,1.6681908156553231,4,8.38776764397578,0.7658553511159525,4,6.345555555555556,0,0.7749946930650405,0.0,0.0074408568347962,15,35.981315952292974,False,0,0.0945945945945946,0.0777588813303098,11.126902983393991,1.9263425
327,-2.637053791660056,0.7353560520159516,3.975942726088967,1.7105761635874697,4,8.38776764397578,0.7898625926520311,4,5.865555555555557,0,0.7812541185996901,0.0,0.0067380574933718,15,35.981315952292974,False,0,0.0714285714285714,0.082234212629896,11.126902983393991,1.7788745
328,-2.513055601832141,0.7323981590764403,3.505537259715679,1.7706031407506857,4,7.901377353792616,0.7530961590818397,4,5.285555555555557,0,0.768321598748647,0.0,0.0078868045534712,11,35.981315952292974,False,0,0.1186440677966101,0.0789930555555555,0.0,1.4785665
329,-2.5491682433993272,0.7342508319996577,3.299784730678145,1.835586134905194,4,7.901377353792616,0.7836163498526016,4,4.645555555555557,0,0.7768674088505703,0.0,0.006630635357908,11,35.981315952292974,False,0,0.0909090909090909,0.0850694444444444,0.0,1.0413927
330,-2.4487029847522503,0.72120360266015,3.2077372723730124,1.7706031407506857,4,7.901377353792616,0.7625996026709486,4,4.965555555555557,0,0.7565779598871131,0.0,0.0078868045534712,11,35.981315952292974,False,0,0.1525423728813559,0.0789930555555555,0.0,1.2648178
331,-5.62138731340383,0.7704537511117943,5.035176022627217,1.914306985899633,6,7.901377353792616,0.7977030326193607,6,6.707777777777779,0,0.8146616168775215,0.0135135135135135,0.0074550328394555,11,60.14827244588294,False,0,0.1111111111111111,0.0818001443001443,0.0,0.9190781
332,-6.230749685803772,0.7681134113104833,5.035176022627217,1.88961826808414,8,7.901377353792616,0.7959940612730267,6,6.707777777777779,0,0.813152238787958,0.0135135135135135,0.0074550328394555,11,60.27252356308362,False,0,0.1111111111111111,0.0818001443001443,0.0,0.9444827
333,-2.670237625236954,0.7623386691317121,3.277946241465228,1.883391951965108,4,7.901377353792616,0.7910669260060186,4,4.183333333333335,0,0.8134657783587087,0.0,0.0067427917248153,9,35.981315952292974,False,0,0.0769230769230769,0.078798185941043,11.126902983393991,0.73239374
334,-5.22542180597334,0.7716415038597995,5.035176022627217,1.914306985899633,6,7.901377353792616,0.7977030326193607,6,7.02777777777778,0,0.8159175216904248,0.0135135135135135,0.0077723021460395,11,60.14827244588294,False,0,0.1111111111111111,0.0834235209235209,0.0,0.7853298
335,-5.270953509610687,0.7726506992372929,4.863115201683151,1.9323934896284056,6,7.901377353792616,0.8065669637092292,6,6.1655555555555575,0,0.8200216947920524,0.0138888888888888,0.0083274665850423,9,60.14827244588294,False,0,0.1139240506329113,0.0842717717717717,0.0,0.63346845
336,-2.635054845974241,0.7725062644858285,3.644560555115974,1.8680205838299613,4,7.901377353792616,0.7969297698712765,4,3.721111111111112,0,0.8217782634603069,0.0,0.0076719124368027,7,35.981315952292974,False,0,0.0943396226415094,0.0834722222222222,0.0,0.876795
337,-3.576225878691993,0.7879602157925362,4.166889654485233,1.8638768997753927,4,7.901377353792616,0.8366561574533146,4,4.9300000000000015,0,0.8404634357036808,0.0,0.0066643761881857,8,42.15761446973645,False,0,0.0967741935483871,0.0877893518518518,0.0,0.5797836
338,-2.6332551996796454,0.7377588910143918,4.061597451899861,1.6894412615073031,4,8.38776764397578,0.772175276545641,4,5.483333333333334,0,0.7807314846463274,0.0,0.0075009500657282,13,35.981315952292974,False,0,0.0972222222222222,0.078408195429472,11.126902983393991,1.2253093
339,-3.827714948684849,0.7679780488588703,3.870770903542717,1.7887586809150082,4,8.38776764397578,0.8114974193682795,4,5.323333333333334,0,0.8237890914347081,0.0166666666666666,0.0067482580776813,11,35.981315952292974,False,0,0.0735294117647058,0.0812447786131996,11.126902983393991,1.0899051
340,-2.70168189083361,0.7679780488588703,3.69871008259865,1.7490248219575053,4,8.38776764397578,0.8114974193682795,4,4.781111111111112,0,0.8237890914347081,0.0,0.0067602482381855,11,35.981315952292974,False,0,0.0757575757575757,0.0821303587051618,11.126902983393991,1.0681858
341,-2.575577793445241,0.6965319962605829,3.805494644453504,1.7706031407506857,4,7.901377353792616,0.7150823847254036,4,5.018888888888891,0,0.730696234438054,0.0,0.0090674420977451,9,35.981315952292974,False,0,0.0847457627118644,0.0815656565656565,0.0,1.2787536
342,-2.545369651418918,0.7405705648163283,3.385439456489039,1.8027161157274112,4,7.901377353792616,0.7607615867034075,4,4.423333333333335,0,0.7799638598287336,0.0,0.0080591335136789,9,35.981315952292974,False,0,0.1228070175438596,0.0775681341719077,0.0,0.9138138
343,-5.075577793445241,0.7725062644858285,3.805494644453504,1.950753201250753,4,7.901377353792616,0.7969297698712765,4,5.018888888888891,0,0.8217782634603069,0.0,0.0090674420977451,9,35.981315952292974,False,0,0.0847457627118644,0.0815656565656565,0.0,0.71600336
344,-2.613796342572882,0.7865745370385878,3.0225520871878278,1.8975870361235367,4,7.901377353792616,0.8137847102967003,4,3.5611111111111127,0,0.8421696947692063,0.0,0.0066382614018977,7,35.981315952292974,False,0,0.0980392156862745,0.0798611111111111,0.0,0.44715804
345,-3.2328439616205005,0.7892914333218473,3.644560555115974,2.0525413984602063,6,7.901377353792616,0.8094231836472955,6,3.721111111111112,0,0.849632275287793,0.0,0.0076719124368027,5,44.399112936621904,False,0,0.0943396226415094,0.0834722222222222,0.0,0.5682017
346,-5.660018995503876,0.8050473197324097,4.863115201683151,1.9323934896284056,6,7.901377353792616,0.8423390740854763,6,6.005555555555556,0,0.8544045429149685,0.0138888888888888,0.0077643151818533,9,60.14827244588294,False,0,0.1139240506329113,0.0842717717717717,0.0,0.36172783
347,-3.546455265449773,0.8345878715541061,3.644560555115974,2.0525413984602063,6,7.901377353792616,0.8647854970422786,6,3.596666666666668,0,0.8983915982108052,0.0,0.0085215114104003,5,44.399112936621904,False,0,0.0943396226415094,0.0834722222222222,0.0,-0.13667715
348,-0.8457850464040209,0.6784103435698788,2.7567989232157912,1.4541168576447965,4,9.128804883993665,0.7303369628304992,4,5.121111111111112,0,0.7128101922218106,0.0,0.0100536407849539,12,28.945507521412356,False,2,0.0158730158730158,0.0972222222222222,0.0,2.3180633
349,-1.0905939036174748,0.8023450793698816,1.4534670971643069,1.6103295202102337,6,7.887959336599945,0.8280117531722812,4,2.7733333333333343,0,0.8591267506808233,0.0212765957446808,0.0073881216602547,6,28.945507521412356,False,0,0.1320754716981132,0.0686462324393359,0.0,-0.4343511
350,-1.0415718197291464,0.7898667266069863,1.4472007173245984,1.559137580385488,6,7.887959336599945,0.8206053559141345,4,3.3777777777777787,1,0.83793873873957,0.0192307692307692,0.0066075499454061,8,28.945507521412356,False,0,0.1186440677966101,0.0622222222222222,0.0,-0.52287877
351,-1.0753139280566453,0.7669536408335468,1.794128776225976,1.5524596484139708,6,8.689632748355741,0.7980618625006997,4,3.841111111111112,0,0.8145743790539283,0.0188679245283018,0.0093834666178797,8,28.945507521412356,False,0,0.081967213114754,0.0854101765316718,0.0,0.4502491
352,0.0,0.7783975405791986,2.3246036311424536,1.5737964208865716,8,8.689632748355741,0.8206204927379912,4,5.893333333333334,0,0.8316627274595303,0.0338983050847457,0.0086813090709194,10,9.551078168738565,False,2,0.0142857142857142,0.0701809764309764,82.66889269461026,1.8864907
