,SdssC,BIC3,Xc-5d,IC0,BIC4,nO,SRW09,GGI4,NdO,AETA_beta_ns_d,n6ARing,nG12FAHRing,RotRatio,JGI10,SlogP_VSA4,GhoseFilter,SlogP_VSA8,SlogP_VSA2,Lipinski,C3SP2,target
0,3.373806131472077,0.7266904949199204,0.8199072360665389,1.2069084251518167,0.813999852459936,0,0.0,1.155555555555556,0,0.0,0,0,0.1071428571428571,0.0069699520457096,0.0,False,23.278943197061757,0.0,False,5,3.0641997
1,3.3839530552553643,0.7266904949199204,0.8199072360665389,1.3318495715684096,0.813999852459936,0,0.0,1.155555555555556,0,0.0,0,0,0.1428571428571428,0.0069699520457096,0.0,False,23.278943197061757,8.073872300533118,False,4,3.3424227
2,3.373956286218191,0.699335865576738,0.3868945341743197,1.2326602568158205,0.8660025322434045,0,0.0,0.8444444444444447,0,0.0,0,0,0.125,0.0018829247479385,0.0,True,23.278943197061757,0.0,False,4,3.1139433
3,3.2219052343159484,0.7517299169044169,0.7365739027332057,1.3849586277872934,0.7794270440823695,1,0.0,1.2044444444444449,0,0.0238095238095238,0,0,0.0909090909090909,0.009297520661157,0.0,True,12.152040213667762,5.106527394840706,True,3,2.7242758
4,3.3480639802217187,0.7127633807683987,2.5472340745130277,1.372905595320056,0.7291905857646037,1,0.0,1.884444444444445,0,0.0178571428571428,0,0,0.1379310344827586,0.0097670924117205,0.0,False,12.152040213667762,8.317393252699539,False,3,3.361728
5,3.4081183862433866,0.7212267559548915,0.7365739027332057,1.2448406699719212,0.772466039151441,0,0.0,1.0133333333333336,0,0.0,0,0,0.0952380952380952,0.00886206946813,0.0,True,12.152040213667762,0.0,True,3,3.7251246
6,3.4161139455782314,0.7753833819320365,0.470227867507653,1.2582296369090873,0.8320121153154455,0,0.0,0.9733333333333336,0,0.0,0,0,0.15,0.0074482195694316,0.0,True,12.152040213667762,0.0,True,3,3.0413928
7,3.435323811623415,0.828562742903617,0.3035612008409863,1.2448406699719212,0.8798020261001667,0,0.0,0.9333333333333336,0,0.0,0,0,0.238095238095238,0.002944305974609,0.0,True,12.152040213667762,0.0,True,3,2.20412
8,3.439166627299068,0.7368299102532426,0.3035612008409863,1.3698151284300626,0.7835490349460337,0,0.0,1.2533333333333336,0,0.0,0,0,0.1818181818181818,0.0096362049224002,0.0,True,12.152040213667762,8.073872300533118,False,3,2.80618
9,3.0588420414462085,0.7436123935981938,2.114221372620808,1.5749523572407695,0.7651368228224561,1,0.0,1.764444444444445,0,0.04,0,0,0.1538461538461538,0.01135725946332,5.817220841045895,False,12.152040213667762,8.317393252699539,False,2,2.8875866
10,2.9263529856387,0.7568051062753326,1.169586604625425,1.657265338157648,0.7818658296441835,3,0.0,1.3244444444444443,2,0.0,0,0,0.12,0.0076814319238561,0.0,True,12.152040213667762,12.9705468580193,True,3,2.531479
11,2.4379506802721096,0.7187057579889368,1.169586604625425,1.968873874720721,0.7187057579889368,6,0.0,1.3244444444444443,4,0.0,0,0,0.16,0.0076814319238561,0.0,True,12.152040213667762,25.9410937160386,True,2,1.3222193
12,3.40721300348014,0.7127180385621782,1.2529199379587586,1.2804125884973652,0.766743546693219,0,0.0,1.4666666666666668,0,0.0,0,0,0.125,0.0071820532953602,0.0,False,23.278943197061757,8.073872300533118,False,5,3.518514
13,3.3748339474678763,0.7127633807683987,2.5472340745130277,1.439525179119997,0.7291905857646037,1,0.0,1.884444444444445,0,0.0178571428571428,0,0,0.1724137931034483,0.0097670924117205,0.0,False,12.152040213667762,16.391265553232657,False,2,3.5797837
14,3.434888353489544,0.7212267559548915,0.7365739027332057,1.3914665048326014,0.772466039151441,0,0.0,1.0133333333333336,0,0.0,0,0,0.1428571428571428,0.00886206946813,0.0,True,12.152040213667762,8.073872300533118,True,2,3.6627579
15,3.47430476694324,0.7576118988084423,1.0850356152625436,1.2274504770665493,0.8022978027283287,0,0.0,1.484444444444445,0,0.0,0,0,0.3125,0.0062003092306122,0.0,False,12.152040213667762,8.073872300533118,False,3,2.0
16,3.482300326278085,0.7818428708123694,0.818689580036991,1.237415663761076,0.8289173041226109,0,0.0,1.4444444444444446,0,0.0,0,0,0.3548387096774194,0.0060240451654593,0.0,False,12.152040213667762,8.073872300533118,False,3,2.0791812
17,3.5015101923232685,0.7811375191020081,0.6520229133703244,1.2274504770665493,0.83922919419786,0,0.0,1.4044444444444446,0,0.0,0,0,0.40625,0.005242793121581,0.0,False,12.152040213667762,8.073872300533118,False,3,2.0413928
18,3.467667862181335,0.7769124422490704,0.6520229133703244,1.2718108456786592,0.8460796356862288,0,0.0,1.1733333333333331,0,0.0,0,0,0.3571428571428571,0.0060896041757285,0.0,False,12.152040213667762,8.073872300533118,False,2,2.230449
19,3.4464682539682543,0.6971236174198265,2.971332926677937,1.1968693094032663,0.7394632933165984,0,7.661527081358517,1.5022222222222226,0,0.0,0,0,0.074074074074074,0.009931129476584,5.41499046939678,False,12.152040213667762,0.0,False,4,4.553204
20,2.668258692365836,0.7263925730972647,0.9142634612365024,1.4323591457496476,0.7572841896077427,0,7.368339686311381,1.6444444444444446,0,0.04,0,0,0.074074074074074,0.0112746148352208,11.63444168209179,False,12.152040213667762,0.0,False,4,4.557507
21,3.4288350340136056,0.7263925730972646,0.9142634612365024,1.347912390625054,0.7572841896077427,0,7.368339686311381,1.4533333333333336,0,0.0208333333333333,0,0,0.0769230769230769,0.0136210590756045,0.0,False,12.152040213667762,0.0,False,4,4.515874
22,3.4649744897959183,0.715424951001188,0.9142634612365024,1.2069084251518167,0.7511419511207534,0,7.368339686311381,1.4533333333333336,0,0.0,0,0,0.0769230769230769,0.0136210590756045,6.923737199690624,False,12.152040213667762,0.0,False,5,4.2278867
23,3.36324861426052,0.7263925730972646,0.9142634612365024,1.347912390625054,0.7572841896077427,0,7.368339686311381,1.4533333333333336,0,0.0208333333333333,0,0,0.0769230769230769,0.0136210590756045,0.0,False,12.152040213667762,0.0,False,4,4.5465426
24,2.7807662509448225,0.718669668969645,1.0809301279031691,1.4323591457496476,0.7572841896077427,0,7.368339686311381,1.6444444444444448,0,0.04,0,0,0.074074074074074,0.0135191744282653,11.63444168209179,False,12.152040213667762,0.0,False,4,4.6454225
25,3.175858843537415,0.7263925730972646,0.9142634612365024,1.347912390625054,0.7572841896077427,0,7.368339686311381,1.4533333333333336,0,0.0208333333333333,0,0,0.0769230769230769,0.0136210590756045,5.817220841045895,False,12.152040213667762,0.0,False,4,4.6720977
26,3.0633512849584283,0.7263925730972646,0.9142634612365024,1.347912390625054,0.7572841896077427,0,7.368339686311381,1.4533333333333336,0,0.0208333333333333,0,0,0.0769230769230769,0.0106113321769887,5.817220841045895,False,12.152040213667762,0.0,False,4,4.5465426
27,3.45844387755102,0.708031802938852,0.9142634612365024,1.2174939521435744,0.7572841896077427,0,7.368339686311381,1.2622222222222224,0,0.0,0,0,0.08,0.0092847668605244,0.0,True,12.152040213667762,0.0,False,4,4.587711
28,3.464449404761905,0.6939947509294486,0.9142634612365024,1.2069084251518167,0.7324079827495171,0,0.0,2.168888888888889,0,0.0,1,0,0.0769230769230769,0.0082440567289052,0.0,False,12.152040213667762,0.0,False,4,4.056905
29,3.396804033341732,0.7891545414175141,0.963209588632904,1.3441997944563522,0.8562502419199873,0,7.390798521735676,1.7733333333333337,0,0.0192307692307692,0,0,0.0689655172413793,0.0054663518299881,0.0,False,23.278943197061757,0.0,False,6,3.90309
30,3.424472355168303,0.7419896976658279,1.3962222905251234,1.3009439800094456,0.7920326016088085,0,7.390798521735676,1.893333333333333,0,0.0,0,0,0.09375,0.0071322314049586,0.0,False,23.278943197061757,8.073872300533118,False,6,4.2552724
31,2.6215031074158057,0.8051727213053372,0.963209588632904,1.4252897549506724,0.8562502419199873,0,7.390798521735676,1.804444444444445,0,0.037037037037037,0,0,0.0666666666666666,0.0074793388429752,11.63444168209179,False,23.278943197061757,0.0,False,6,3.9637878
32,3.382079449063576,0.8001866123126066,0.963209588632904,1.3441997944563522,0.8562502419199873,0,7.390798521735676,1.6133333333333335,0,0.0192307692307692,0,0,0.0689655172413793,0.007018380048683,0.0,False,23.278943197061757,0.0,False,6,4.2304487
33,3.418325197362896,0.7442443688925757,1.3962222905251234,1.1887525275231678,0.7920326016088085,0,7.390798521735676,1.7333333333333338,0,0.0,0,0,0.0625,0.0065708601163146,0.0,False,23.278943197061757,0.0,False,7,4.041393
34,2.734010665994793,0.792177522368695,1.1298762552995707,1.4252897549506724,0.8562502419199873,0,7.390798521735676,1.804444444444445,0,0.037037037037037,0,0,0.0666666666666666,0.0084063984400684,11.63444168209179,False,23.278943197061757,0.0,False,6,4.4149733
35,3.129103258587386,0.8001866123126066,0.963209588632904,1.3441997944563522,0.8562502419199873,0,7.390798521735676,1.6133333333333335,0,0.0192307692307692,0,0,0.0689655172413793,0.007018380048683,5.817220841045895,False,23.278943197061757,0.0,False,6,4.3222194
36,3.4450951646090537,0.7502178979821049,1.3962222905251234,1.3009439800094456,0.7920326016088085,0,7.390798521735676,1.7333333333333338,0,0.0,0,0,0.09375,0.0065708601163146,0.0,False,23.278943197061757,8.073872300533118,False,6,3.2787535
37,3.0165957000083985,0.7891545414175141,0.963209588632904,1.3441997944563522,0.8562502419199873,0,7.390798521735676,1.6133333333333335,0,0.0192307692307692,0,0,0.0689655172413793,0.0060330578512396,5.817220841045895,False,23.278943197061757,0.0,False,6,4.2552724
38,3.4116882926009917,0.7536952849244866,0.963209588632904,1.2146234752771463,0.8482411519760757,0,7.390798521735676,1.4222222222222225,0,0.0,0,0,0.0714285714285714,0.0036225895316804,0.0,False,23.278943197061757,0.0,False,6,4.093147
39,3.4932811056521373,0.7660761505904535,1.1986557230813315,1.3080990830730832,0.8220632340055269,0,8.405367376233981,1.503333333333334,0,0.0,0,0,0.0909090909090909,0.0055708601163146,0.0,False,23.278943197061757,8.073872300533118,False,6,3.612784
40,3.459874233644075,0.7764651242279523,0.7656430211891125,1.21018798048854,0.8929439282807133,0,8.405367376233981,1.1922222222222223,0,0.0,0,0,0.0689655172413793,0.0019559228650137,0.0,False,23.278943197061757,0.0,False,6,3.566832
41,3.519005889392794,0.7639851121534617,0.8199072360665389,1.3463851517126129,0.79487672866394,0,6.580639137284949,1.270555555555556,0,0.0,0,0,0.12,0.0116312621161106,0.0,True,12.152040213667762,8.073872300533118,True,4,3.30103
42,3.485599017384732,0.8188423989641621,0.3868945341743197,1.2628839008717192,0.8905206241474689,0,6.580639137284949,0.9594444444444448,0,0.0,0,0,0.0952380952380952,0.0023456790123456,0.0,True,12.152040213667762,0.0,True,4,2.5910647
43,3.148581349206349,0.7701946683563853,0.7365739027332057,1.3849586277872934,0.7886594198083537,1,0.0,1.2044444444444449,0,0.0238095238095238,0,0,0.0909090909090909,0.0139526578920518,0.0,True,12.152040213667762,5.106527394840706,True,3,3.4771214
44,3.3278942665028977,0.7237148507658685,2.5472340745130277,1.372905595320056,0.7346663207633387,1,0.0,1.804444444444445,0,0.0178571428571428,0,0,0.1379310344827586,0.0106305964891823,0.0,False,12.152040213667762,8.317393252699539,False,3,3.8573325
45,3.3546642337490558,0.7237148507658685,2.5472340745130277,1.439525179119997,0.7346663207633387,1,0.0,1.804444444444445,0,0.0178571428571428,0,0,0.1724137931034483,0.0106305964891823,0.0,False,12.152040213667762,16.391265553232657,False,2,3.462398
46,3.4014814814814818,0.6554699749378484,0.3035612008409863,1.2957378005380122,0.7273644709769792,0,0.0,0.7022222222222223,0,0.0,0,0,0.1176470588235294,0.0,0.0,True,12.152040213667762,0.0,True,2,3.6232493
47,0.0,0.90701901811629,0.0,1.4591479170272446,0.90701901811629,0,0.0,0.08,0,0.0,0,0,0.4,0.0,0.0,False,0.0,0.0,True,0,2.578564
48,0.0,0.3893229124377956,0.5287510904306973,1.564908691422263,0.3920792311665852,6,7.247792581767846,5.848888888888891,0,0.0,0,0,0.3636363636363636,0.0,23.671624184645573,False,0.0,81.36070422964323,False,0,3.064458
49,0.0,0.7609640474436811,0.0,1.521928094887362,0.7609640474436811,0,0.0,0.0,0,0.0,0,0,0.0,0.0,0.0,False,0.0,6.928360321623806,True,0,-0.2881456
50,-2.004075743170344,0.8297163124322731,2.193856955024389,1.9387079790263544,0.8550736307442267,4,7.208600337960199,4.116111111111112,4,0.0212765957446808,0,0,0.1176470588235294,0.0101011533015786,6.923737199690624,False,0.0,36.48423152905759,False,6,1.1760913
51,-3.309828899704711,0.7753321599979061,2.8763699835106284,1.819858313308912,0.8138165282489324,6,7.901377353792616,6.970000000000002,6,0.0149253731343283,0,0,0.1081081081081081,0.0080126142896705,27.694948798762496,False,11.126902983393991,48.298590987760605,False,13,1.748188
52,-0.800265339995814,0.8481499455416679,0.5143971413924631,1.6864521349315629,0.88597054067891,4,7.208600337960199,2.5650000000000004,4,0.0263157894736842,0,0,0.1428571428571428,0.0075370397220476,0.0,False,0.0,24.13163449417064,True,5,0.017033339
53,-1.857141712873412,0.7458026729581763,1.507211389806335,1.5783283081924544,0.7965556663232386,6,7.901377353792616,5.992222222222224,6,0.0163934426229508,0,0,0.1176470588235294,0.0080723846403902,41.54242319814374,False,11.126902983393991,35.94599395287365,False,15,0.7403627
54,-0.9149071853269184,0.8568775914833663,0.5143971413924631,1.8010657220914292,0.9088576198989428,4,7.208600337960199,2.1827777777777784,4,0.032258064516129,0,0,0.1176470588235294,0.0090810083627143,0.0,True,0.0,24.13163449417064,True,3,-0.1426675
55,-0.9055666321102932,0.8478625319808148,0.5143971413924631,1.7366809117888602,0.8872973405715251,5,7.208600337960199,2.5650000000000004,4,0.0394736842105263,0,0,0.1428571428571428,0.0075370397220476,0.0,False,0.0,24.13163449417064,True,3,0.47187957
56,-1.211729333877391,0.8431725143277952,1.1364056093206094,1.8617063540707224,0.880771156481661,6,7.208600337960199,2.7250000000000005,6,0.025,0,0,0.1363636363636363,0.0074119744826815,0.0,False,0.0,32.54943147849958,False,3,0.20411998
57,-3.851551785685805,0.7070313884929987,3.261270162970378,1.7543237320518554,0.7929348600082514,8,7.901377353792616,7.894444444444446,6,0.0140845070422535,0,0,0.1025641025641025,0.0083434882462898,55.38989759752498,False,11.126902983393991,48.42284210496129,False,17,2.0413928
58,-3.8889340866990194,0.7701138927496425,2.8763699835106284,1.7974667057517906,0.8095172616777181,8,7.901377353792616,6.970000000000002,6,0.0149253731343283,0,0,0.1081081081081081,0.0080126142896705,27.694948798762496,False,11.126902983393991,48.42284210496129,False,13,1.7781513
59,-1.575390138405837,0.7173071392162088,1.4015439938810963,1.6984013344076891,0.785604048092267,5,7.901377353792616,3.823333333333334,5,0.0,0,0,0.075,0.0074038363432302,27.694948798762496,True,0.0,29.91487944053557,True,9,1.6763767
60,3.871913580246914,0.5876013637548226,0.6666666666666666,1.5099686126368168,0.5876013637548226,0,0.0,0.0,0,0.0,0,0,0.125,0.0,0.0,False,0.0,8.073872300533118,True,0,4.3617363
61,3.919320987654322,0.6901867153439099,1.1477918909913547,1.4215541688301352,0.6901867153439099,0,0.0,0.32,0,0.0,0,0,0.2,0.0,0.0,False,0.0,8.073872300533118,True,0,3.3424227
62,3.924552469135803,0.7362796496509926,0.5690355937288492,1.4618602772540858,0.7362796496509926,0,0.0,0.16,0,0.0,0,0,0.2222222222222222,0.0,0.0,False,0.0,8.073872300533118,True,0,3.5080462
63,3.95320987654321,0.7583807772486734,0.5690355937288492,1.4215541688301352,0.7583807772486734,0,0.0,0.24,0,0.0,0,0,0.3,0.0,0.0,False,0.0,8.073872300533118,True,0,2.5007713
64,3.971036785084405,0.7756926417026353,0.5690355937288492,1.387291427643771,0.7756926417026353,0,0.0,0.4,0,0.0,0,0,0.3636363636363636,0.0,0.0,False,0.0,8.073872300533118,True,0,2.0
65,3.991811723146049,0.7796037767729803,0.5690355937288492,1.332112684358123,0.8010955993971214,0,0.0,0.4,0,0.0,0,0,0.4615384615384615,0.0,0.0,True,0.0,8.073872300533118,True,0,1.8070207
66,4.00343318821764,0.7394019544876336,0.5690355937288492,1.2895281606953652,0.8012182956260898,0,0.0,0.4,0,0.0,0,0,0.5333333333333333,0.0082644628099173,0.0,True,0.0,8.073872300533118,True,0,2.0
67,3.800203451751071,0.7684741986354218,0.8367876570272818,1.4731864679927211,0.8024376807937325,0,0.0,0.568888888888889,0,0.0,0,0,0.1428571428571428,0.0,0.0,True,0.0,8.073872300533118,True,0,1.5751878
68,3.52118464978584,0.7266373400688226,0.7216878364870322,1.4374366326883632,0.7266373400688226,0,0.0,0.6622222222222224,0,0.0,0,0,0.1333333333333333,0.0,0.0,True,6.076020106833881,8.073872300533118,True,1,2.9777236
69,2.725432098765433,0.8567517667623957,0.2886751345948128,1.6493974703476992,0.9255128526390366,0,0.0,0.3511111111111111,0,0.0,0,0,0.0909090909090909,0.0,0.0,False,6.076020106833881,0.0,True,1,1.7853298
70,0.0,0.979569764547061,2.25,1.9056390622295665,0.979569764547061,0,0.0,0.0,0,0.0,0,0,0.1428571428571428,0.0,0.0,False,0.0,12.056301962413816,True,0,0.035145454
71,0.0,0.7609640474436811,0.0,1.521928094887362,0.7609640474436811,0,0.0,0.0,0,0.0,0,0,0.0,0.0,0.0,False,0.0,0.0,True,0,1.2575473
72,0.0,0.7362477604580814,0.8073604499148398,1.373336962476363,0.7581858998874025,0,7.83241092718792,1.270555555555556,0,0.0,0,0,0.0588235294117647,0.0,23.671624184645573,True,0.0,8.073872300533118,True,0,3.7242758
73,0.0,0.724489503915154,0.6875694891336299,1.3968436982954155,0.7502959555280571,0,7.635786861395585,1.1483333333333337,0,0.0,0,0,0.0714285714285714,0.0,11.835812092322788,True,0.0,8.073872300533118,True,0,3.032812
74,0.0,0.6536042149571435,0.1666666666666666,1.3516441151533924,0.6536042149571435,0,0.0,0.2222222222222222,0,0.0,1,0,0.0,0.0,0.0,False,0.0,0.0,True,0,5.407568
75,1.8171296296296295,0.5565572721647433,0.6123724356957945,1.3516441151533924,0.5565572721647433,0,0.0,0.0,0,0.0,0,0,0.0,0.0,5.41499046939678,False,0.0,0.0,True,0,2.813972
76,0.4273842592592594,0.7695203916807805,0.9309036597828996,1.9579393553211155,0.8403342309073832,1,6.898714534329988,1.96,0,0.0,0,0,0.0588235294117647,0.0,0.0,False,6.076020106833881,0.0,True,1,2.3424227
77,0.5315509259259261,0.7695203916807805,0.9309036597828996,1.957939355321115,0.8403342309073832,0,6.898714534329988,1.96,0,0.0,0,0,0.0588235294117647,0.0,0.0,False,6.076020106833881,0.0,True,1,2.2552724
78,1.6487791320231795,0.7253363117738535,1.9285113019775797,1.5178872290605931,0.7253363117738535,1,0.0,1.0622222222222224,0,0.0277777777777777,0,0,0.1666666666666666,0.0,0.0,True,6.076020106833881,8.317393252699539,True,1,1.763428
79,0.0,0.750295955528057,0.4368867239266071,1.3968436982954155,0.750295955528057,0,6.823286122355687,0.8200000000000002,0,0.0,0,0,0.1538461538461538,0.0,5.917906046161393,True,0.0,8.073872300533118,True,0,2.94939
80,0.0,0.6899565586046739,0.3678511301977579,1.3723775684811073,0.7519966608350492,0,6.823286122355687,1.14,0,0.0,0,0,0.2352941176470588,0.0,5.917906046161393,True,0.0,16.147744601066236,True,0,2.8260748
81,0.0,0.9098110735370422,0.0,1.3599924922184878,0.9098110735370422,0,6.529418838262226,0.205,0,0.0,0,0,0.1111111111111111,0.0,5.917906046161393,False,0.0,0.0,True,0,1.1875207
82,0.0,0.90701901811629,0.0,1.4591479170272446,0.90701901811629,0,0.0,0.08,0,0.0,0,0,0.4,0.0,0.0,False,0.0,0.0,True,0,2.399409
83,0.0,0.8976167900760738,0.0,1.3995812306460644,0.8976167900760738,0,0.0,0.08,0,0.0,0,0,0.5,0.0,0.0,False,0.0,0.0,True,0,3.30103
84,0.0,0.716118646878767,1.9106532292788336,1.3786011816680388,0.716118646878767,0,0.0,1.4711111111111117,0,0.0,0,0,0.1176470588235294,0.0,0.0,True,6.076020106833881,8.073872300533118,True,1,1.4149734
85,0.0,0.8297714262641377,0.3434433619633035,1.3786011816680388,0.8297714262641377,0,0.0,1.2311111111111113,0,0.0,0,0,0.2941176470588235,0.0,0.0,True,6.076020106833881,8.073872300533118,True,1,1.146128
86,0.0,0.786894264314593,0.3434433619633035,1.2950243779198094,0.83677524432832,0,0.0,1.2311111111111113,0,0.0,0,0,0.4285714285714285,0.0059631103402147,0.0,True,6.076020106833881,8.073872300533118,True,1,1.7781513
87,0.0,0.5650252803661964,0.3434433619633035,1.1737195857469152,0.6239436505094733,0,0.0,1.2311111111111113,0,0.0,0,0,0.625,0.0039420838318909,0.0,False,6.076020106833881,8.073872300533118,False,1,1.7853298
88,0.0,0.70222117674442,0.2357022603955158,1.3786011816680388,0.70222117674442,0,0.0,1.0711111111111111,0,0.0,0,0,0.2941176470588235,0.0,0.0,True,6.076020106833881,8.073872300533118,True,1,1.3802112
89,0.0,0.6523007394965069,0.0,1.3787834934861751,0.6523007394965069,0,0.0,0.0,0,0.0,0,0,0.2,0.0,0.0,False,0.0,0.0,True,0,1.3477368
90,0.0,0.8166746222236321,0.0,1.7841591278514215,0.8166746222236321,0,0.0,0.0,0,0.0,0,0,0.1666666666666666,0.0,11.33111286753076,False,0.0,0.0,True,0,-2.6208758
91,0.0393518518518523,0.8343604297372124,0.4927992798267444,1.7574839898128798,0.8343604297372124,2,0.0,0.08,1,0.0,0,0,0.25,0.0,0.0,False,0.0,13.079102829229384,True,0,-0.1115444
92,0.0740740740740746,0.8437066199654226,0.4927992798267444,1.6854752972273344,0.8437066199654226,2,0.0,0.24,1,0.0,0,0,0.3333333333333333,0.0,0.0,False,0.0,12.576187252464766,True,0,0.69897
93,-0.3565459701911151,0.779294898454622,0.6106504100245023,1.457985765510777,0.8398249547484347,6,0.0,1.2044444444444449,2,0.0405405405405405,0,0,0.4736842105263157,0.0057783219399381,0.0,False,0.0,31.75925646944245,False,1,2.955554
94,-0.0680092592592587,0.883401527984509,0.4927992798267444,1.750224877285235,0.883401527984509,3,0.0,0.32,1,0.0,0,0,0.4,0.0,0.0,False,0.0,24.28959661181839,True,0,1.3316826
95,0.0,0.8905179677700554,0.0,2.0,0.8905179677700554,0,0.0,0.0,0,0.0,0,0,0.2,0.0,0.0,False,0.0,4.836269690250055,True,0,-1.3540274
96,0.0,0.8905179677700554,0.0,2.0,0.8905179677700554,0,0.0,0.0,0,0.0,0,0,0.2,0.0,0.0,False,0.0,6.425444744859191,True,0,-0.51001394
97,0.0,0.8565359801139569,0.0,1.4353713907745331,0.8565359801139569,0,0.0,0.0,0,0.0,0,0,0.25,0.0,0.0,False,0.0,0.0,True,0,0.7559475
98,0.0,0.887346954847329,0.0,1.8910611120726528,0.887346954847329,0,0.0,0.0,0,0.0,0,0,0.2,0.0,11.33111286753076,False,0.0,0.0,True,0,-2.708681
99,0.055555555555556,0.8732737098805868,0.1666666666666666,1.8423709931771084,0.8732737098805868,2,0.0,0.08,1,0.0,0,0,0.2857142857142857,0.0,0.0,False,0.0,13.079102829229384,True,0,0.9813655
100,0.0902777777777783,0.8740065897889193,0.1666666666666666,1.7574839898128798,0.8740065897889193,2,0.0,0.16,1,0.0,0,0,0.375,0.0,0.0,False,0.0,12.576187252464766,True,0,2.2455127
101,0.1416164767738543,0.7096670112975275,0.1666666666666666,1.402800386248768,0.80535846720662,2,0.0,0.24,1,0.0,0,0,0.6875,0.0070838252656434,0.0,True,0.0,12.576187252464766,True,0,2.4166405
102,0.146363889833424,0.5941974536662892,0.1666666666666666,1.3225078451055432,0.6829016042867827,2,0.0,0.24,1,0.0,0,0,0.75,0.0045078888054094,0.0,True,0.0,12.576187252464766,False,0,2.4727564
103,0.149036466578097,0.5136582583231901,0.1666666666666666,1.266740279584632,0.5912334370386523,2,0.0,0.24,1,0.0,0,0,0.7916666666666666,0.0033057851239669,0.0,False,0.0,12.576187252464766,False,0,2.6314437
104,0.1507451043022043,0.455235232360271,0.1666666666666666,1.2255579072016076,0.5232382099546775,2,0.0,0.24,1,0.0,0,0,0.8214285714285714,0.0026098303610265,0.0,False,0.0,12.576187252464766,False,0,2.6063814
105,0.4675925925925928,0.8595824360039367,0.2357022603955158,1.738149333192866,0.8595824360039367,1,0.0,0.0,1,0.0,0,0,0.3333333333333333,0.0,0.0,False,0.0,5.783244946364939,True,0,0.3184614
106,0.0,0.764240758439705,0.0,1.295461844238322,0.764240758439705,0,0.0,0.16,0,0.0,0,0,0.4285714285714285,0.0,5.917906046161393,False,0.0,0.0,True,0,2.1057115
107,0.0,0.8672896861162782,0.0,1.295461844238322,0.8672896861162782,0,0.0,0.16,0,0.0,0,0,0.5714285714285714,0.0,0.0,False,0.0,0.0,True,0,5.490683
108,0.0,0.979569764547061,0.0,1.9056390622295665,0.979569764547061,0,0.0,0.0,0,0.0,0,0,0.25,0.0,0.0,False,0.0,5.880003444970339,True,0,-0.24466309
109,0.0,0.979569764547061,0.0,1.9056390622295665,0.979569764547061,0,0.0,0.0,0,0.0,0,0,0.25,0.0,0.0,False,0.0,6.674590972274908,True,0,-0.9394129
110,0.444490740740741,0.885455472151804,0.1924500897298752,1.824816986216862,0.885455472151804,1,6.555356891810665,0.33,1,0.0,0,0,0.2,0.0,0.0,False,0.0,23.89660227202713,True,0,-1.1127558
111,0.0,0.9825675930733632,0.0,1.836591668108979,0.9825675930733632,1,0.0,0.0,0,0.0,0,0,0.25,0.0,0.0,False,0.0,11.713409359353625,True,0,0.7930913
112,0.0,0.873569864076289,0.0,1.7295739585136225,0.873569864076289,1,0.0,0.0,0,0.0,0,0,0.4,0.0,0.0,False,0.0,13.716679505790452,True,0,1.1958818
113,0.138657407407408,0.7617354931651753,0.1178511301977579,1.5759136532083846,0.8041841461582553,2,0.0,0.4311111111111112,1,0.0,1,0,0.2307692307692307,0.0,5.917906046161393,False,0.0,12.576187252464766,True,0,0.91698
114,-0.1292998866213146,0.8366773173491766,0.2845177968644246,1.562806631693174,0.8366773173491766,2,0.0,0.7022222222222223,1,0.0,0,0,0.25,0.0,0.0,True,0.0,12.576187252464766,True,2,1.3463529
115,-0.1342129629629624,0.895192663028035,0.1178511301977579,1.650022421648354,0.895192663028035,2,0.0,0.6222222222222225,1,0.0,0,0,0.2142857142857142,0.0,6.923737199690624,True,0.0,12.576187252464766,True,2,0.8280151
116,-0.1382870370370366,0.8765680819563445,0.1178511301977579,1.7004448031130073,0.9253256672767722,2,0.0,0.4311111111111112,1,0.0,0,0,0.2307692307692307,0.0,0.0,False,0.0,12.576187252464766,True,1,0.80071706
117,-0.0925462962962961,0.8732737098805868,0.0,1.8423709931771084,0.8732737098805868,2,0.0,0.16,1,0.0,0,0,0.2857142857142857,0.0,0.0,False,0.0,12.576187252464766,True,0,0.3711437
118,0.0,0.6808543582267266,0.1360827634879543,1.4056607849761658,0.7235047810318432,1,0.0,0.7422222222222226,0,0.0,4,0,0.1764705882352941,0.0,23.671624184645573,True,0.0,12.71084835226122,True,0,1.4014006
119,0.0,0.8753052890916679,0.0833333333333333,1.476120721149274,0.9076606610696916,1,7.390798521735676,0.3911111111111111,0,0.0,0,0,0.2307692307692307,0.0,11.835812092322788,False,0.0,12.71084835226122,True,0,1.2491553
120,0.0,0.7458166334323245,0.0,1.4717374334224662,0.7932752521247711,1,0.0,0.3111111111111111,0,0.0,1,0,0.2727272727272727,0.0,0.0,False,0.0,12.71084835226122,True,0,1.133539
121,0.0,0.8728451895946834,0.0,1.640223928941852,0.8728451895946834,1,0.0,0.08,0,0.0,0,0,0.5,0.0,0.0,False,0.0,13.213763929025836,True,0,-1.1259456
122,0.0,0.8329341659511481,0.2471938745990654,1.377028383842828,0.8792746153726693,1,7.946971357693591,0.6133333333333334,0,0.0,0,0,0.2222222222222222,0.0,29.589530230806965,True,0.0,13.213763929025836,True,0,0.45484486
123,0.0,0.7659109581999143,0.0,1.4313076001654323,0.8068435878718127,1,0.0,0.3111111111111111,0,0.0,1,0,0.3333333333333333,0.0,5.917906046161393,False,0.0,13.213763929025836,True,0,0.7701153
124,0.0,0.8745925844266508,0.0,1.5617677112802777,0.921133915868877,1,0.0,0.3111111111111111,0,0.0,0,0,0.3333333333333333,0.0,0.0,False,0.0,6.606881964512918,True,1,1.045323
125,0.0,0.6021094901067964,0.6123724356957945,1.490468570732828,0.6021094901067964,0,0.0,0.0,0,0.0,0,0,0.2857142857142857,0.0,0.0,False,0.0,8.073872300533118,True,0,2.2549272
126,0.0,0.8639297000405968,0.1178511301977579,1.3921472236645345,0.924071167826352,0,0.0,0.1911111111111111,0,0.0,0,0,0.2,0.0,0.0,False,0.0,0.0,True,1,0.96533954
127,-0.7815110703866515,0.8477038539503058,0.5527637482392129,1.7582390733601851,0.8741746625773552,4,7.181591944611865,1.7727777777777782,4,0.0303030303030303,0,0,0.1666666666666666,0.0057682889501071,0.0,True,0.0,28.945507521412356,True,5,-0.35654733
128,-0.904576091029914,0.8604318159582255,0.5527637482392129,1.904169484320044,0.8989407010509846,4,7.181591944611865,1.3905555555555558,4,0.0384615384615384,0,0,0.1428571428571428,0.007075988644616,0.0,True,0.0,28.945507521412356,True,3,-0.113509275
129,-0.8935615379565995,0.8474937501201928,0.5527637482392129,1.8139247528036693,0.8752715278979704,5,7.181591944611865,1.7727777777777782,4,0.0454545454545454,0,0,0.1666666666666666,0.0057682889501071,0.0,True,0.0,28.945507521412356,True,3,-0.13076828
130,-0.8974744949439504,0.8041338888243846,0.5527637482392129,1.7494780642666188,0.8579084511686544,6,7.181591944611865,2.155,4,0.05,0,0,0.1818181818181818,0.0043506287950732,0.0,False,0.0,28.945507521412356,False,3,0.35983548
131,-0.9131092380745744,0.8484716204294275,0.5527637482392129,1.7494780642666188,0.8901731885752163,6,7.181591944611865,1.9950000000000008,4,0.05,0,0,0.1818181818181818,0.0066842472903078,0.0,False,0.0,28.945507521412356,False,3,-0.1674911
132,-1.2193534622281688,0.841706360005034,1.174772216167359,1.9456572611761351,0.867989887998962,6,7.181591944611865,1.9327777777777784,6,0.0285714285714285,0,0,0.1578947368421052,0.0063417635955514,0.0,True,0.0,37.36330450574129,True,3,0.1398791
133,-0.5918081698164459,0.7977308590204912,0.0,1.685662052770919,0.8108452245202228,4,0.0,0.8800000000000002,2,0.0,0,0,0.5217391304347826,0.0082644628099173,5.41499046939678,True,0.0,57.42288502033233,True,0,-0.48845425
134,-0.7922267079747285,0.8171436272521979,0.0,1.6985957249448538,0.8285126518537261,4,0.0,1.724444444444445,2,0.032258064516129,0,0,0.28125,0.0052810937659422,5.41499046939678,True,0.0,44.33337220850718,True,2,-0.46635544
135,0.0,0.873569864076289,0.0,1.7295739585136225,0.873569864076289,1,0.0,0.0,0,0.0,0,0,0.4,0.0,0.0,False,0.0,6.103966387748303,True,0,0.18541917
136,0.0,0.9399316205211392,0.0,2.054585169337799,0.9399316205211392,1,0.0,0.0,0,0.0,0,0,0.5,0.0,0.0,False,0.0,11.983969832718644,True,0,0.72108656
137,0.0,0.6984449163630588,0.0,1.9547541343536352,0.6984449163630588,5,0.0,1.2800000000000002,4,0.0,0,0,0.4666666666666667,0.0,5.41499046939678,False,0.0,47.45972151368717,True,0,-1.1755935
138,-0.3203950821605039,0.8172593941421574,1.0069086473878968,1.8454372523105549,0.8459586331078405,4,0.0,2.408888888888889,1,0.1,0,0,0.2580645161290322,0.0070789666749262,0.0,False,0.0,18.68015364021307,False,2,-0.28950447
139,-0.1486501350034688,0.8233894915348751,0.6220084679281461,1.5101162067624423,0.8500548431092928,4,0.0,1.3244444444444448,1,0.037037037037037,0,0,0.3214285714285714,0.008944665510322,0.0,True,0.0,18.68015364021307,True,2,0.06425711
140,-0.3832180362380366,0.8271422909856777,0.6220084679281461,1.6541869220523808,0.8558415299513611,4,0.0,1.3244444444444448,1,0.037037037037037,0,0,0.3214285714285714,0.008944665510322,0.0,True,0.0,24.56015708518341,True,2,-0.7132853
141,-0.2823538387071724,0.832377299796731,0.7398595981259041,1.4879868996760075,0.8706073749263025,4,0.0,1.515555555555556,1,0.032258064516129,0,0,0.2727272727272727,0.0065993265993266,0.0,True,0.0,18.68015364021307,False,3,-0.13288338
142,-0.3980945794479134,0.8406344918859097,0.8144585576580214,1.5970264456395795,0.8706073749263024,4,0.0,1.6266666666666671,1,0.046875,0,0,0.2647058823529412,0.0064165788071511,0.0,False,0.0,18.68015364021307,False,3,-0.6615651
143,-0.2366130979664318,0.8172593941421578,0.6220084679281461,1.531919635975994,0.8459586331078405,4,0.0,1.3244444444444448,1,0.0384615384615384,0,0,0.2962962962962963,0.0087446058925559,0.0,True,0.0,18.68015364021307,True,2,0.00428483
144,-0.2898741008478143,0.8227739580883213,0.7621886974951644,1.447451946839715,0.904310653712328,4,0.0,1.764444444444445,1,0.0277777777777777,0,0,0.2564102564102564,0.005998151085387,0.0,False,0.0,18.68015364021307,False,4,-0.31092894
145,-0.2441333601070736,0.8315840299615097,0.6443375672974064,1.4879868996760075,0.8945856813586166,4,0.0,1.5733333333333337,1,0.032258064516129,0,0,0.2727272727272727,0.0072645648403224,0.0,True,0.0,18.68015364021307,False,3,-0.21294339
146,-0.2213913762562331,0.8672830049670698,0.2998396842794429,1.4503582783395474,0.8940291065545305,4,0.0,1.497777777777778,1,0.032258064516129,1,0,0.2727272727272727,0.0059310718072246,0.0,False,0.0,18.68015364021307,False,2,0.00428483
147,-0.2339754299332219,0.8758548962701429,0.0,1.7175224498288084,0.9031983256729788,4,0.0,0.7822222222222224,1,0.0588235294117647,0,0,0.3529411764705882,0.0082644628099173,0.0,True,0.0,18.68015364021307,True,0,-1.1439816
148,-0.3159243927322721,0.8425517287919226,0.6220084679281461,1.7971592488363148,0.8759660266170566,6,0.0,1.3244444444444448,3,0.0384615384615384,0,0,0.2962962962962963,0.0087446058925559,0.0,True,0.0,27.09795062454201,True,0,-0.9196707
149,0.0,0.7763781639375945,0.6969234250586759,1.8647869792568117,0.7763781639375945,3,0.0,0.6400000000000001,2,0.0,0,0,0.4545454545454545,0.0,0.0,False,0.0,25.524555008806203,True,0,-0.1996432
150,0.0,0.8487498298256753,0.0,1.935945569184765,0.8487498298256753,3,0.0,0.4800000000000001,2,0.0,0,0,0.5,0.0,0.0,False,0.0,26.027470585570818,True,0,-1.3469348
151,0.0,0.8549307642657513,0.0,1.8647869792568117,0.8549307642657513,3,0.0,0.4800000000000001,2,0.0,0,0,0.5454545454545454,0.0,0.0,False,0.0,26.027470585570818,True,0,0.066519745
152,0.0,0.8600022632456077,0.0,1.802689692334833,0.8600022632456077,3,0.0,0.6400000000000001,2,0.0,0,0,0.5833333333333334,0.0,0.0,True,0.0,26.027470585570818,True,0,0.32903856
153,0.0,0.8642628209731508,0.0,1.748394345536403,0.8642628209731508,3,0.0,0.6400000000000001,2,0.0,0,0,0.6153846153846154,0.0,0.0,True,0.0,26.027470585570818,True,0,0.350463
154,0.0,0.8409821589507599,0.0,2.016875695766564,0.8409821589507599,3,0.0,0.4800000000000001,2,0.0,0,0,0.4444444444444444,0.0,0.0,False,0.0,26.530386162335432,True,0,-2.1541498
155,0.0,0.8151263744115469,1.0069086473878968,1.8492057424201191,0.848090806064674,3,0.0,2.168888888888889,0,0.1111111111111111,0,0,0.25,0.005158912355882,0.0,False,0.0,17.817375747101927,False,2,-1.0246269
156,0.0,0.8151263744115469,0.8577107283236621,1.7315627185605464,0.848090806064674,3,0.0,1.626666666666667,0,0.08,0,0,0.2692307692307692,0.0058958998352937,0.0,True,0.0,17.817375747101927,True,2,-1.1532264
157,0.0,0.8151263744115471,0.6220084679281461,1.513425233170183,0.848090806064674,3,0.0,1.0844444444444448,0,0.0434782608695652,0,0,0.2916666666666667,0.0068785498078427,0.0,True,0.0,17.817375747101927,True,2,-1.1192151
158,0.0,0.852324180627812,0.488641942096356,1.4893661763263144,0.8826865162883414,3,0.0,1.0844444444444448,0,0.0416666666666666,0,0,0.32,0.0070765373795676,0.0,True,0.0,17.817375747101927,True,2,-0.7272267
159,0.0,0.8309873054643807,0.6443375672974064,1.4657700277448185,0.901870734664742,3,0.0,1.333333333333334,0,0.0357142857142857,0,0,0.2666666666666666,0.0074278134884195,0.0,True,0.0,17.817375747101927,True,3,-0.7132853
160,0.0,0.8549532019389865,0.669400440323503,1.3920786935073337,0.8865308573616016,3,0.0,1.8888888888888893,0,0.0333333333333333,1,0,0.25,0.0084277114580144,11.835812092322788,False,0.0,17.817375747101927,False,2,0.25458637
161,0.0,0.8704077027769713,0.2998396842794429,1.4251629522524671,0.9001696075388764,3,0.0,1.257777777777778,0,0.0357142857142857,1,0,0.2666666666666666,0.0054398315961314,0.0,True,0.0,17.817375747101927,False,2,-0.43725425
162,0.0,0.8552012647525012,0.0,1.567429379083991,0.894805427112206,3,0.0,0.9244444444444446,0,0.0476190476190476,0,0,0.3181818181818182,0.0082542597694112,0.0,True,0.0,17.817375747101927,True,2,-1.0176562
163,0.0,0.8941597809524066,0.0,1.7306502730537434,0.9292114339285986,3,0.0,0.5422222222222224,0,0.0714285714285714,0,0,0.3571428571428571,0.0,0.0,True,0.0,17.817375747101927,True,0,-1.9447101
164,0.0,0.8452721019936397,0.6220084679281461,1.8171298975918944,0.8844164472433781,5,0.0,1.0844444444444448,2,0.0434782608695652,0,0,0.2916666666666667,0.0068785498078427,0.0,True,0.0,26.235172731430865,True,0,-1.3289977
165,1.7222685185185187,0.8506077525009399,0.0,1.3995812306460644,0.8506077525009399,0,0.0,0.16,0,0.0,0,0,0.3333333333333333,0.0,0.0,False,0.0,0.0,True,0,2.4060283
166,0.0,0.8987154886667355,0.0,1.6854752972273344,0.8987154886667355,2,0.0,0.5333333333333334,0,0.0,1,0,0.1,0.0,0.0,False,0.0,19.000875081596437,True,0,-0.28399664
167,0.0,0.8956326161691388,0.0,1.573402452417767,0.8956326161691388,2,0.0,0.6533333333333335,0,0.0,1,0,0.25,0.0,0.0,False,0.0,19.000875081596437,True,0,0.50976646
168,0.0,0.9136527498406264,0.0,1.7574839898128798,0.9136527498406264,2,0.0,0.3422222222222222,0,0.0,1,0,0.1111111111111111,0.0,0.0,False,0.0,19.503790658361048,True,0,-0.79588
169,0.0,0.3962426451415723,0.5287510904306973,1.5496361647732702,0.3989483892147876,6,7.247792581767846,5.848888888888891,0,0.0,0,0,0.3636363636363636,0.0,23.671624184645573,False,0.0,67.51322983026199,False,0,2.9242792
170,-0.5904160467420114,0.7824530853950201,0.2357022603955158,1.595461844238322,0.8367658644290326,4,0.0,0.8444444444444446,2,0.0,1,0,0.217391304347826,0.0055096418732782,11.835812092322788,True,0.0,18.545492540416618,True,2,-0.014869611
171,0.2532407407407415,0.8877037247906753,0.343418919464003,1.9942994759573032,0.8877037247906753,2,6.968850378341948,0.365,2,0.0,0,0,0.1818181818181818,0.0,5.917906046161393,False,0.0,17.131148062709343,True,0,1.0683343
172,1.194490740740741,0.90701901811629,0.0,1.7841591278514215,0.90701901811629,0,0.0,0.16,0,0.0,0,0,0.3333333333333333,0.0,0.0,False,0.0,0.0,True,0,1.2770265
173,0.2945776643990934,0.8915855958585936,0.0,1.7464353842388936,0.8915855958585936,1,0.0,0.16,1,0.0,0,0,0.5555555555555556,0.0,0.0,False,0.0,5.907179729351506,True,0,-1.5171398
174,0.0445776643990933,0.8843108934201204,0.0,1.6854752972273344,0.8843108934201204,2,0.0,0.16,1,0.0,0,0,0.5555555555555556,0.0,0.0,False,0.0,5.969305287951849,True,0,1.5290161
175,0.295208202108004,0.8168763388888841,0.0,1.6214297638624395,0.8909504129629582,1,0.0,0.16,1,0.0,0,0,0.6363636363636364,0.0,0.0,False,0.0,5.907179729351506,True,0,-2.6586645
176,0.2971816203197672,0.646279694650699,0.0,1.4633131163503208,0.757560752884799,1,0.0,0.16,1,0.0,0,0,0.7333333333333333,0.0055096418732782,0.0,True,0.0,5.907179729351506,True,0,-2.3918486
177,-0.452818379680233,0.6828905749643449,0.0,1.5241695235278407,0.7958276850706585,3,0.0,0.16,1,0.0,0,0,0.6666666666666666,0.0055096418732782,0.0,True,0.0,12.762247594051676,True,0,1.1015753
178,0.3041846437513626,0.8484676279285007,0.0,1.6826341844733412,0.8793678569706804,2,0.0,0.32,2,0.0,0,0,0.625,0.0055096418732782,0.0,True,0.0,18.359115864615585,True,0,-0.7695511
179,-0.6233353372851016,0.852664446049636,0.2357022603955158,1.70558726169826,0.8786589823021409,4,0.0,0.5422222222222224,2,0.0,0,0,0.3333333333333333,0.009080706050403,0.0,True,0.0,18.545492540416618,True,2,-0.5539291
180,-0.7227001650240565,0.743470095879212,0.0,1.8650842285606477,0.8038176281392253,7,0.0,0.8000000000000002,5,0.0,0,0,0.5714285714285714,0.0041322314049586,0.0,True,0.0,52.60925598969671,True,0,-1.3320804
181,-1.0933552624680725,0.7954935293342105,0.2357022603955158,1.8086328717325544,0.8388676497664778,8,0.0,1.2622222222222224,6,0.0,0,0,0.4666666666666667,0.0073972043669013,0.0,True,0.0,58.39250093606165,True,2,-1.762205
182,-1.2493950732605144,0.7707083176586291,0.2480056452854308,1.8086328717325544,0.8202787410097916,8,0.0,1.4222222222222225,6,0.0,0,0,0.4666666666666667,0.0055567328294601,0.0,True,0.0,58.39250093606165,True,2,-1.8761483
183,-1.1124956592759636,0.8076101089809203,0.2357022603955158,1.8372417358680384,0.8540829189099979,8,0.0,1.1022222222222224,6,0.0,0,0,0.4482758620689655,0.0100281312402524,0.0,True,0.0,58.39250093606165,True,2,-1.7300203
184,-1.2697411996296388,0.7810542175928763,0.2480056452854308,1.8372417358680384,0.8341660003689647,8,0.0,1.2622222222222226,6,0.0,0,0,0.4482758620689655,0.0077188219480709,0.0,True,0.0,58.39250093606165,True,2,-1.8347557
185,0.0,0.740699867103041,0.0,1.490468570732828,0.740699867103041,0,0.0,0.24,0,0.0,0,0,0.4285714285714285,0.0,0.0,False,0.0,8.796736650091386,True,0,1.8086472
186,-1.7346267717859551,0.7512738697833218,0.9971879438542404,1.8027497403869208,0.7921943327901325,6,7.881182202227102,2.061666666666667,5,0.0,0,0,0.2619047619047619,0.0100413845277112,0.0,False,0.0,62.80820510993942,False,6,0.6511018
187,-0.622577449189551,0.8408765914931052,0.2357022603955158,1.7841591278514215,0.8751843969031775,4,0.0,0.5422222222222224,2,0.0,0,0,0.25,0.0055096418732782,0.0,True,0.0,18.545492540416618,True,2,-0.3496012
188,-0.2224593726379433,0.9100453773101052,0.1178511301977579,1.764694686130739,0.9100453773101052,3,0.0,0.5022222222222223,1,0.0357142857142857,0,0,0.2857142857142857,0.0,0.0,True,0.0,12.576187252464766,True,1,-3.1694305
189,-0.5364569516715973,0.8714977961412635,0.3190355937288491,1.6894822670191825,0.909608078626618,4,0.0,1.226666666666667,2,0.0,0,0,0.1904761904761904,0.0075672550420025,0.0,True,10.772448428929591,18.545492540416618,True,4,-1.0088595
190,-0.7071122816410509,0.90949220231325,0.2357022603955158,1.7841591278514215,0.90949220231325,4,0.0,0.6222222222222223,2,0.0,0,0,0.25,0.0,0.0,True,0.0,18.545492540416618,True,2,-1.291043
191,-0.598741340360895,0.8023386067382953,0.3190355937288491,1.633935163144951,0.8541972858023608,5,0.0,0.6844444444444446,2,0.0,0,0,0.3076923076923077,0.0085486903668721,0.0,True,11.126902983393991,31.759256469442448,True,4,-1.7344226
192,-0.8118551155667855,0.9083558838760158,0.2357022603955158,1.7397208106531798,0.9083558838760158,5,0.0,0.6222222222222223,2,0.0,0,0,0.3684210526315789,0.0076668561517046,0.0,True,0.0,31.759256469442448,True,2,-1.0681686
193,0.0,0.8987744735266903,0.2721655269759087,1.7527152789797047,0.8987744735266903,0,0.0,0.7244444444444447,0,0.0833333333333333,0,0,0.1666666666666666,0.0,0.0,False,0.0,0.0,True,1,-0.10682995
194,0.0,0.8987744735266903,0.1666666666666666,1.633731420642133,0.8987744735266903,0,0.0,0.5333333333333334,0,0.0454545454545454,0,0,0.1818181818181818,0.0,0.0,False,0.0,0.0,True,1,-1.4508185
195,0.0,0.8805745296758872,0.1178511301977579,1.6068322783181097,0.8805745296758872,0,0.0,0.5733333333333335,0,0.0,0,0,0.1666666666666666,0.0,11.33111286753076,False,0.0,0.0,True,2,-0.5214832
196,0.0,0.8670557321436217,0.1666666666666666,1.3566695198333112,0.8670557321436217,0,0.0,0.5333333333333334,0,0.0,0,0,0.1818181818181818,0.0,6.923737199690624,False,0.0,0.0,True,2,-0.5790347
197,0.0,0.8700189407738361,0.1178511301977579,1.3250112108241772,0.8700189407738361,0,0.0,0.5733333333333335,0,0.0,0,0,0.25,0.0,0.0,False,0.0,0.0,True,2,0.27534765
198,0.0,0.8987744735266903,0.1666666666666666,1.633731420642133,0.8987744735266903,0,0.0,0.5333333333333334,0,0.0454545454545454,0,0,0.1818181818181818,0.0,0.0,False,0.0,0.0,True,1,-0.8963156
199,0.0,0.8987744735266903,0.0,1.3921472236645345,0.8987744735266903,0,0.0,0.3422222222222223,0,0.0,0,0,0.2,0.0,0.0,False,0.0,0.0,True,1,0.13064411
200,0.0,0.7696526263211605,1.0391943274084845,1.4441262659337386,0.8155993859355914,0,0.0,2.297777777777778,0,0.0,5,0,0.0789473684210526,0.0114557471459828,37.51909858402682,True,0.0,19.033151775582663,True,5,2.7883198
201,0.0,0.786281886910556,1.1840317135270717,1.5401797500584626,0.7935772741690207,0,0.0,3.6266666666666674,0,0.0,4,1,0.032258064516129,0.011777223898436,0.0,True,0.0,19.033151775582663,True,5,3.708327
202,0.0,0.7509683488979458,1.2654195771444368,1.4814525526116016,0.7864203247377441,0,8.094683648698815,3.333333333333334,0,0.0,1,1,0.0294117647058823,0.0082551873185481,0.0,True,0.0,19.033151775582663,True,5,3.4484835
203,0.0,0.8202412400640985,0.7415816237971964,1.5353658743449792,0.8277964230101834,0,0.0,3.288888888888889,0,0.0,4,1,0.0294117647058823,0.0119035472570826,0.0,True,0.0,19.033151775582663,True,7,3.7352746
204,0.0,0.7935775575033183,0.7721655269759087,1.55499063467752,0.8601115704902416,0,7.75833346749091,3.821111111111112,0,0.0,2,1,0.0454545454545454,0.0082404556557854,0.0,False,21.544896857859182,38.066303551165326,False,10,3.0730448
205,0.0,0.7469181029821513,1.4638008806470058,1.4018121534954444,0.7511280176750245,0,0.0,5.422222222222222,0,0.0,5,1,0.0208333333333333,0.0105938362084731,0.0,False,10.772448428929591,18.61627290242681,False,11,3.7824726
206,0.0,0.9697238998682473,0.0,1.9182958340544891,0.9697238998682473,1,0.0,0.0,0,0.0,0,0,0.3333333333333333,0.0,0.0,False,0.0,7.109797541277533,True,0,-0.09924882
207,-0.7060687938967807,0.8155707822215992,0.0,1.8119217115597808,0.8313204551225373,4,0.0,0.6622222222222225,2,0.0,0,0,0.4166666666666667,0.0061947031644001,0.0,True,0.0,37.36976901592673,True,0,-1.5739152
208,-0.903234487926044,0.8371460352897082,0.0,1.772396072422482,0.8505300495945223,4,0.0,1.5066666666666668,2,0.032258064516129,0,0,0.2121212121212121,0.003954698500153,0.0,True,0.0,24.28025620410157,True,2,-0.8354781
209,0.0,0.6523007394965068,0.0,1.610577243331642,0.6523007394965068,0,0.0,0.0,0,0.0,0,0,0.2,0.0,0.0,False,0.0,8.796736650091386,True,0,2.832675
210,0.0,0.7975876963280446,0.1178511301977579,1.633731420642133,0.8987744735266903,0,0.0,0.5733333333333335,0,0.0454545454545454,0,0,0.1818181818181818,0.0,0.0,False,0.0,0.0,True,2,-1.3372421
211,0.0,0.6711042248297373,0.0,1.3921472236645345,0.6711042248297373,0,0.0,0.3822222222222223,0,0.0,0,0,0.2,0.0,0.0,False,0.0,0.0,True,2,0.11394335
212,0.0,0.6983809711599993,0.0,1.9416823878601936,0.7640753132420126,2,0.0,0.7822222222222223,0,0.0555555555555555,0,0,0.2105263157894736,0.0,0.0,True,0.0,0.0,True,0,0.67486113
213,0.0,0.6291289747591652,0.0,1.895146783327743,0.6889078715349575,1,0.0,1.5200000000000005,1,0.0,0,0,0.5217391304347826,0.0,0.0,True,0.0,36.93268052172735,True,0,0.87127995
214,0.0,0.620250198231988,0.0,1.7682276056242228,0.6644781133386745,1,0.0,1.6800000000000002,1,0.0,0,0,0.6071428571428571,0.0025429116338207,0.0,True,0.0,36.93268052172735,True,0,1.3354197
215,0.0,0.618420132905895,0.0,1.6705153824634809,0.6532107261514213,1,0.0,1.6800000000000002,1,0.0,0,0,0.6666666666666666,0.0041322314049586,0.0,False,0.0,36.93268052172735,False,0,1.7715708
216,0.0,0.5962941140623511,0.0,1.5323941452664678,0.6458700227354122,1,0.0,1.6800000000000004,1,0.0,0,0,0.7441860465116279,0.0034267284821608,0.0,False,0.0,36.93268052172735,False,0,1.8214803
217,0.0,0.5723958522866018,0.0,1.4819314943064883,0.6454406809645836,1,0.0,1.6800000000000002,1,0.0,0,0,0.7708333333333334,0.0036537625054371,0.0,False,0.0,36.93268052172735,False,0,1.7953125
218,0.5450925925925929,0.7884859367972993,0.1666666666666666,1.7464353842388936,0.7884859367972993,1,0.0,0.4800000000000001,1,0.0,0,0,0.4444444444444444,0.0,5.917906046161393,False,0.0,12.328001352277516,True,0,1.5831988
219,-0.5206018518518516,0.9293244215506592,0.1666666666666666,2.0579243108310066,0.9293244215506592,3,0.0,0.32,2,0.0,0,0,0.5,0.0,0.0,False,0.0,23.403834035070076,True,0,-2.2218487
220,0.1300028344671209,0.8914629392004517,0.1666666666666666,1.97355611232775,0.8914629392004517,3,0.0,0.32,2,0.0,0,0,0.4545454545454545,0.0,0.0,False,0.0,25.4071041815069,True,0,1.0253059
221,0.1261226251035057,0.8911665941368658,0.1666666666666666,1.7967719927529546,0.9208350066900336,3,0.0,0.5511111111111112,2,0.0,0,0,0.3888888888888889,0.0072314049586776,0.0,True,0.0,18.297306640229365,True,1,0.22271647
222,0.0763742356008081,0.8988246603066086,0.1666666666666666,1.7695943615050294,0.9211566906130156,3,0.0,0.5511111111111112,2,0.0,0,0,0.4285714285714285,0.0053667993061932,0.0,True,0.0,24.965997829128508,True,1,-1.0
223,0.5640291950113381,0.890135379039098,0.1666666666666666,1.853568158165228,0.890135379039098,1,0.0,0.24,1,0.0,0,0,0.6363636363636364,0.0,0.0,False,0.0,24.336624142535708,True,0,0.63447726
224,0.0,0.9314714457178894,0.0,1.7273966735744792,0.9314714457178894,0,0.0,0.3422222222222223,0,0.0555555555555555,0,0,0.1111111111111111,0.0,0.0,False,0.0,0.0,True,0,-0.33587137
225,0.0,0.8892263943402581,0.0833333333333333,1.8753156176197316,0.8892263943402581,1,0.0,0.6533333333333335,0,0.0909090909090909,0,0,0.1818181818181818,0.0,0.0,False,0.0,7.109797541277533,True,0,0.025305865
226,0.0,0.8878275694755772,0.0833333333333333,1.7956828983511028,0.8878275694755772,1,0.0,0.6533333333333335,0,0.0833333333333333,0,0,0.25,0.0,0.0,False,0.0,6.606881964512918,True,0,0.34635296
227,0.0694444444444448,0.8750481154569111,0.2357022603955158,1.9362600275315276,0.8750481154569111,2,0.0,0.0,1,0.0,0,0,0.1666666666666666,0.0,0.0,False,0.0,5.969305287951849,True,0,-0.03607507
228,0.4699537037037038,0.8732737098805868,0.0,1.8423709931771084,0.8732737098805868,2,0.0,0.16,1,0.0,0,0,0.4285714285714285,0.0,0.0,False,0.0,12.390126910877855,True,0,-0.31875876
229,0.0534665532879818,0.5997964107986723,0.8796528112548947,1.6435270140593634,0.5997964107986723,3,0.0,1.0222222222222224,1,0.0,0,0,0.1428571428571428,0.0,10.82998093879356,True,0.0,18.68015364021307,True,0,1.50515
230,0.0,0.9615539600943472,0.3938026764748812,1.813183850507562,0.9807769800471736,5,0.0,1.115555555555556,0,0.0,1,0,0.1538461538461538,0.0,0.0,False,0.0,52.94921166454116,True,0,-2.8640778
231,-1.3638854770303177,0.7730462353244482,0.2753775377200259,1.7474130395316414,0.809933540914437,8,0.0,1.995555555555556,3,0.0,1,0,0.2272727272727272,0.0,0.0,False,0.0,55.53754534387459,True,0,0.744595
232,0.0,0.7966917186688699,0.2753775377200259,1.683157328518199,0.8608458593344348,5,0.0,1.435555555555556,0,0.0,1,0,0.3125,0.0,0.0,True,0.0,58.95902210385164,True,0,0.73051584
233,0.0,0.7596554861115126,0.2753775377200259,1.583486490151956,0.8063853399503029,5,0.0,1.515555555555556,0,0.0,1,0,0.4210526315789473,0.0,0.0,True,0.0,57.450275373557794,True,0,1.8388491
234,-1.492625556395397,0.7594062075985293,0.2983894022963089,1.776233967978774,0.8002918714294374,8,0.0,1.995555555555556,3,0.0,1,0,0.1904761904761904,0.0,0.0,True,0.0,42.69590209802257,True,0,0.4466034
235,0.0,0.745292998299391,0.2983894022963089,1.6136656666753135,0.7967652598440199,5,0.0,1.515555555555556,0,0.0,1,0,0.3888888888888889,0.0,0.0,True,0.0,44.60863212770578,True,0,1.9678414
236,0.0,0.6144982234195134,0.0,1.9591479170272448,0.6144982234195134,1,0.0,0.0,0,0.0,0,0,0.2,0.0,0.0,False,0.0,9.040257602257809,True,0,3.1401305
237,0.0,0.760181426029589,0.2471938745990654,1.4056607849761658,0.8351685583797193,1,0.0,1.2666666666666668,0,0.0238095238095238,0,0,0.1304347826086956,0.0,0.0,True,22.253805966787983,0.0,True,4,1.50515
238,-0.3318238803272815,0.8063179889254432,1.4824705059093168,1.635951944644828,0.8227897396242282,4,0.0,4.635555555555555,2,0.0697674418604651,1,0,0.1304347826086956,0.0088617139614922,11.332896515558172,False,0.0,12.255465811081404,False,5,1.809711
239,0.0,0.7427319500411808,1.691632388298685,1.6304423781291395,0.7701214786924344,4,8.127109185346375,5.208888888888889,0,0.0212765957446808,1,1,0.037037037037037,0.0088512510061331,50.35717453382401,False,22.253805966787983,0.0,False,14,3.9680078
240,0.0,0.6536788844473882,2.579703575756384,1.5182666588963805,0.6710229379631444,4,8.127109185346375,7.342222222222222,0,0.0169491525423728,3,1,0.0294117647058823,0.0104497067398812,22.66222573506152,False,22.253805966787983,0.0,False,14,3.858627
241,0.0,0.704020314572543,2.2243244587497903,1.591558343025782,0.7191025486848295,4,8.127109185346375,5.032222222222223,0,0.0196078431372549,1,1,0.0344827586206896,0.0079298718658609,22.66222573506152,False,22.253805966787983,0.0,False,12,4.107422
242,0.0,0.7945284146993606,1.3582990549653515,1.6434438032502008,0.8148836360462662,4,8.127109185346375,4.792222222222222,0,0.0222222222222222,1,1,0.0384615384615384,0.0086617221162675,36.50970013444277,False,22.253805966787983,0.0,False,12,3.916082
243,0.0,0.825061246719719,1.5249657216320185,1.6434438032502008,0.8454164680666248,4,8.127109185346375,4.809444444444445,0,0.0222222222222222,1,1,0.0384615384615384,0.0083336865155046,36.50970013444277,False,22.253805966787983,0.0,False,12,3.8615842
244,0.0,0.8029291892236281,1.3582990549653515,1.6452768781158806,0.8373435394184351,4,8.127109185346375,4.41,0,0.0232558139534883,1,1,0.04,0.0081375102239483,22.66222573506152,False,22.253805966787983,0.0,False,10,3.8722522
245,0.0,0.7695203916807803,0.1924500897298752,1.6163485660751646,0.840334230907383,1,0.0,0.5644444444444445,0,0.0454545454545454,0,0,0.0909090909090909,0.0,13.847474399381248,False,0.0,0.0,True,2,1.6385546
246,-0.6922580992273442,0.7636993585039422,1.5100492821417186,1.7496990604343905,0.8391473058506059,9,0.0,3.631111111111112,5,0.0238095238095238,0,0,0.1777777777777777,0.005928894083164,27.694948798762496,False,11.126902983393991,31.72433866240354,False,8,1.2768646
247,-0.0361067348269035,0.6717714070252903,1.0069086473878968,1.4843559791259084,0.7600963553376704,3,0.0,2.4888888888888894,1,0.04,0,0,0.1538461538461538,0.0112604465221545,27.694948798762496,True,0.0,6.472220864716464,False,6,1.4403497
248,-0.2004276976031946,0.7267253539467002,1.2914264442523211,1.4658058420723152,0.8036430265400465,4,0.0,2.791111111111112,2,0.0303030303030303,0,0,0.1714285714285714,0.0058618113359071,27.694948798762496,False,0.0,12.255465811081404,False,8,1.2787536
249,-0.2773679848842474,0.7377135928886068,1.2914264442523211,1.4658058420723152,0.8036430265400465,4,0.0,2.871111111111112,2,0.0303030303030303,0,0,0.1714285714285714,0.008423630241812,27.694948798762496,False,0.0,12.255465811081404,False,8,1.4348061
250,-0.2342420009272203,0.7560755673317318,1.4824705059093168,1.3513944642589326,0.7975074247727493,4,0.0,4.635555555555555,2,0.0232558139534883,1,0,0.1304347826086956,0.0088617139614922,39.02784531432067,False,0.0,12.255465811081404,False,9,2.163593
251,-0.1656568952047363,0.7919559725322437,1.455692870861236,1.382902448178046,0.846983327433205,4,0.0,3.204444444444445,2,0.025,1,0,0.1627906976744186,0.0067643987695567,39.53076089108528,False,0.0,12.255465811081404,False,8,1.9190781
252,-0.907453939029967,0.7174188076807719,3.061001044257268,1.6057848060815438,0.74726566067692,8,7.901377353792616,9.414444444444444,4,0.0303030303030303,3,1,0.0789473684210526,0.0088708635173281,39.53076089108528,False,38.79191527018213,16.381459106494365,False,14,3.3285632
253,0.0,0.7301250118017932,1.288466008634729,1.7859867513206933,0.7613318889655167,6,0.0,5.413333333333334,0,0.024390243902439,3,1,0.0434782608695652,0.0083398765875709,22.66222573506152,False,0.0,5.7871111525705965,True,4,3.165207
254,0.0,0.7055233660587298,2.472813719760212,1.5809172530941389,0.7055233660587298,4,0.0,7.973333333333334,0,0.0192307692307692,5,1,0.0333333333333333,0.0094823150915994,22.66222573506152,False,10.772448428929591,0.0,False,12,4.4415226
255,0.0,0.7087577817336587,1.5642494316979376,1.7246767653542676,0.7520313859831335,4,8.094683648698815,4.64,0,0.0256410256410256,1,1,0.0454545454545454,0.0094914027237259,22.66222573506152,True,0.0,0.0,False,6,3.7776628
256,0.0,0.7189972492476373,1.5642494316979376,1.6856804340948992,0.7566646972220527,4,8.094683648698815,4.64,0,0.0256410256410256,1,1,0.0909090909090909,0.0094914027237259,0.0,False,0.0,0.0,True,6,3.3032165
257,0.0,0.6788675809677294,2.675340293979631,1.554278655916765,0.7348136156056245,4,8.787678239039497,7.680000000000001,0,0.0151515151515151,1,2,0.0256410256410256,0.0083485878791879,0.0,False,44.133605740930086,19.935914083788838,False,8,3.0413928
258,-0.6429743178708225,0.7224598457675281,2.6142141408709114,1.6392636042410225,0.7786993963063215,8,8.695674048824253,7.3788888888888895,4,0.0327868852459016,0,1,0.0571428571428571,0.0086844612278728,27.694948798762496,False,38.79191527018212,16.381459106494365,False,12,3.0413928
259,-0.5470505440521098,0.7484058679861078,2.661026259375613,1.563957159690912,0.7899737225877649,8,8.695674048824253,8.26777777777778,4,0.0273972602739726,0,1,0.0588235294117647,0.0079104093950229,13.847474399381248,False,71.46371511143529,16.381459106494365,False,16,3.5682018
260,-1.4104331079167602,0.7601673359760379,3.777289690145701,1.8357027917212487,0.7954408895169405,8,8.695674048824253,7.956666666666668,4,0.0277777777777777,0,1,0.073170731707317,0.0078673805449761,0.0,False,38.79191527018212,28.734056141381316,False,10,2.7160034
261,0.0,0.7784529323821413,1.7912942208568985,1.6725888313728627,0.8242209886769924,4,8.183955717304954,5.255000000000001,0,0.0238095238095238,1,1,0.0851063829787234,0.0086110966728462,28.580131781222917,False,0.0,0.0,False,6,3.7853298
262,0.0,0.9251099295352732,0.0,1.7381493331928664,0.9251099295352732,1,0.0,0.3422222222222223,0,0.0555555555555555,0,0,0.1111111111111111,0.0,0.0,False,0.0,0.0,True,0,1.8250098
263,0.0,0.697330448091342,1.1571348402636772,1.7018426023909723,0.7359510411264346,4,0.0,6.773333333333335,0,0.046875,1,1,0.1111111111111111,0.0088105144221867,22.66222573506152,False,66.76141790036395,0.0,False,14,2.9200592
264,0.0,0.6820328629785767,1.1571348402636772,1.5987286993166216,0.7268939582181196,4,0.0,6.933333333333335,0,0.0147058823529411,1,1,0.1052631578947368,0.0075425203983514,67.98667720518456,False,66.76141790036395,0.0,False,18,2.950092
265,0.0,0.6761273515937178,1.1571348402636772,1.4949377857546078,0.7093696955698524,4,0.0,6.773333333333335,0,0.015625,1,1,0.1111111111111111,0.0088105144221867,50.35717453382401,False,66.76141790036395,0.0,False,18,3.208708
266,0.0,0.6654207756468905,1.1571348402636772,1.5145875202787882,0.7359510411264347,4,0.0,6.00888888888889,0,0.0166666666666666,1,1,0.1176470588235294,0.00700365851881,22.66222573506152,False,66.76141790036395,0.0,False,14,3.3910084
267,0.8058564287842885,0.8274786063900829,0.2222222222222222,1.8616157143988104,0.8779320355945816,3,0.0,1.3244444444444443,1,0.0454545454545454,0,0,0.1739130434782608,0.0082498870377658,0.0,True,5.573104530069267,6.472220864716464,True,3,0.8750613
268,-0.0351570868318011,0.6968825787669023,1.0302567583920093,1.4435088359999462,0.7223336125313551,3,0.0,2.106666666666668,1,0.037037037037037,0,0,0.2142857142857142,0.0072861712790411,0.0,False,0.0,6.472220864716464,False,4,0.9365137
269,-0.0441852472235977,0.7499468055570793,0.8577107283236621,1.531401088664749,0.7846987262505446,3,0.0,1.786666666666667,1,0.0434782608695652,0,0,0.1666666666666666,0.0100896733893366,13.847474399381248,True,0.0,6.472220864716464,True,4,0.037426498
270,-0.0316270898927133,0.7509318139197944,0.7886751345948129,1.4843559791259084,0.7803734633572544,3,0.0,1.946666666666667,1,0.04,0,0,0.2307692307692307,0.008944665510322,0.0,True,0.0,6.472220864716464,False,4,0.5250448
271,-0.0522637596202919,0.7793581629872436,0.6220084679281461,1.5847728337743971,0.8214813248498052,3,0.0,1.0844444444444448,1,0.0476190476190476,0,0,0.1818181818181818,0.0082498870377658,0.0,True,0.0,6.472220864716464,True,2,1.0906001
272,-0.5082304803629554,0.798652527794428,1.7649998788039971,1.7336287534602095,0.8383612125147133,6,0.0,2.4088888888888897,4,0.0476190476190476,0,0,0.1777777777777777,0.0086417380286302,0.0,False,0.0,35.01647632673785,False,2,0.5440339
273,-0.0311116875528159,0.7525878131222896,0.6157420880884381,1.4435088359999462,0.7780388468867427,3,0.0,1.8666666666666671,1,0.037037037037037,0,0,0.2857142857142857,0.00698515850031,13.847474399381248,False,0.0,6.472220864716464,False,4,0.72808087
274,-0.0310650086425006,0.747601890083902,0.3800398276929222,1.4080548224512182,0.792307207161098,3,0.0,1.1644444444444446,1,0.0344827586206896,0,0,0.4,0.0078461381491684,0.0,False,0.0,6.472220864716464,False,2,1.1461216
275,-0.0227783542194823,0.7538381828212565,0.6157420880884381,1.478690646751615,0.802091046365741,3,0.0,1.5288888888888894,1,0.0384615384615384,1,0,0.1428571428571428,0.0104998562298837,13.847474399381248,True,0.0,6.472220864716464,False,4,-0.3630773
276,-0.1797020273718739,0.7874925226963184,0.9002598849528627,1.4599344207871634,0.8344901513476273,4,0.0,1.9111111111111116,2,0.0294117647058823,1,0,0.1621621621621621,0.004504796974953,13.847474399381248,False,0.0,12.255465811081404,False,6,0.38185793
277,0.0,0.7620052277769305,2.388828142400637,1.5402195093092514,0.8134478980306681,4,8.51097389160232,7.077777777777779,0,0.0142857142857142,1,2,0.0481927710843373,0.0073890601542116,0.0,False,55.26050872432408,19.935914083788838,False,10,2.6334684
278,0.0402754395809956,0.8385987124942146,0.1924500897298752,1.5453399940466048,0.9256866094937516,3,0.0,1.186666666666667,1,0.0416666666666666,0,0,0.1923076923076923,0.0047079744049441,0.0,True,0.0,5.783244946364939,True,2,2.4137948
279,0.0,0.6658693294592424,2.0565939411828977,1.4125343852499448,0.7333204680842949,4,0.0,3.8533333333333344,2,0.0217391304347826,0,0,0.2244897959183673,0.0046569592024137,0.0,False,0.0,8.417796984328938,False,6,1.9912261
280,0.0,0.7512371792430463,1.7086325525620762,1.517068672276094,0.8476031311685381,4,0.0,3.213333333333334,2,0.0263157894736842,0,0,0.1707317073170731,0.0076432776967536,27.694948798762496,False,0.0,8.417796984328938,False,6,1.3222193
281,0.0,0.7964741009649874,1.872898979170991,1.4326150215089102,0.8649509110150235,4,0.0,3.6266666666666674,2,0.0222222222222222,1,0,0.1632653061224489,0.0073421079481685,39.53076089108528,False,0.0,8.417796984328938,False,6,1.8129133
282,0.0,0.8025623429581268,1.2440169358562922,1.5843288833355649,0.8646163028763004,4,0.0,1.8088888888888892,2,0.0294117647058823,0,0,0.1891891891891892,0.0045585727403909,0.0,False,0.0,8.417796984328938,False,2,0.65826786
283,-0.0240704239493467,0.7080713953844079,0.9626701469898156,1.4724674212130748,0.7358251286557406,3,8.094683648698815,2.232222222222223,1,0.037037037037037,0,0,0.0666666666666666,0.0115498418528721,0.0,True,0.0,6.472220864716464,False,4,1.4543276
284,-0.813696088378697,0.7183207770120769,2.3483547619718186,1.5418199492548963,0.8078255010980904,4,8.689632748355741,4.435555555555556,4,0.0,0,2,0.0204081632653061,0.011242465810367,27.694948798762496,False,0.0,28.945507521412356,False,12,3.5471656
285,-1.0554998640490656,0.7227915366866954,2.838753463785876,1.432627080296912,0.7772106731559416,4,7.887959336599945,7.520000000000001,4,0.0,3,1,0.0571428571428571,0.0078136219172752,25.68328649170403,False,32.671799841253176,28.945507521412356,False,18,3.4626865
286,-0.9704448543908823,0.7436158811120923,2.3105786967821524,1.4865555523217835,0.801051856494721,4,7.887959336599945,5.777777777777779,4,0.0,3,1,0.0327868852459016,0.0083693862289949,13.847474399381248,False,32.671799841253176,28.945507521412356,False,16,3.6874492
287,-1.0879072714564737,0.7422653370957222,2.606495254732944,1.4578354767617367,0.8055244672775271,4,7.887959336599945,6.5600000000000005,4,0.0,3,1,0.0303030303030303,0.0080976262794444,13.847474399381248,False,32.671799841253176,28.945507521412356,False,18,3.5226614
288,-0.9350778238293344,0.7504529703175802,2.391966560399517,1.4618278700803204,0.826821999212855,4,8.689632748355741,5.484444444444446,4,0.0,0,2,0.03125,0.0095270297525406,13.847474399381248,False,32.671799841253176,28.945507521412356,False,16,3.5524166
289,0.0,0.7448879326761171,1.2028514353585045,1.8051413787575816,0.8270438193813484,4,7.887959336599945,2.3600000000000003,4,0.074074074074074,0,0,0.0333333333333333,0.0099734720946842,20.771211599071872,True,27.232283132542747,9.551078168738565,True,7,2.174492
290,-1.1391281015092578,0.7716282040866196,1.2028514353585045,1.6761730338896517,0.839353680417534,6,7.887959336599945,3.0444444444444456,4,0.024390243902439,0,0,0.108695652173913,0.0074372995585116,20.771211599071872,False,0.0,28.945507521412356,False,7,1.250898
291,0.0,0.7670996981271495,3.98502004079782,1.7512671301905287,0.816381765652812,8,8.689632748355741,7.653333333333334,4,0.0277777777777777,0,2,0.036144578313253,0.0101243268168332,13.847474399381248,False,71.89644426568069,21.90367520362551,False,12,2.3222194
292,-2.920383789475374,0.7657097880879121,3.866215401797912,1.838126598708548,0.799575839686558,6,7.887959336599945,6.631111111111112,4,0.0175438596491228,3,1,0.0461538461538461,0.0097272387171377,0.0,False,0.0,51.51115934598072,False,12,1.5395906
293,0.0,0.8357920797122742,0.1178511301977579,1.4762856555827246,0.8662879067434499,0,6.762729506931879,0.285,0,0.0,0,0,0.3846153846153846,0.0,0.0,True,0.0,0.0,True,1,1.9849144
294,0.0,0.7005796154678976,1.992790383709507,1.5745026554217976,0.7005796154678976,2,0.0,6.177777777777779,0,0.0,4,1,0.0408163265306122,0.0095021359843494,11.835812092322788,False,11.033401435232523,9.967957041894415,True,6,2.682817
295,0.0,0.7739903018879006,2.986349491166349,1.7807688896439655,0.8170075291889055,8,8.689632748355741,7.44888888888889,4,0.0289855072463768,0,2,0.025,0.0090178358865227,0.0,False,83.02334724907466,9.551078168738565,False,12,2.6232493
296,-0.3581091650109405,0.8080120438519587,2.556182537496973,1.7091937930018353,0.8565685534967711,7,8.37539918579835,6.696666666666668,5,0.0375,0,0,0.1098901098901098,0.0083583579906812,0.0,False,49.48608909933073,15.458257898090068,False,14,1.5973661
297,-3.173456835433416,0.8030738159194691,2.748632627226848,1.6817632882424454,0.8642942038098438,8,8.37539918579835,7.078888888888891,6,0.0113636363636363,0,0,0.12,0.0082412404510579,0.0,False,22.253805966787983,40.6359321971288,False,16,1.2327421
298,-4.774216332104888,0.7996748157247006,4.161043391596783,1.750396074068119,0.8552196913687998,7,8.37539918579835,8.278888888888892,5,0.0105263157894736,0,0,0.1121495327102803,0.0081763395926768,0.0,False,22.253805966787983,47.205284285650805,False,16,1.7311857
299,-2.36125766309532,0.8037331587118254,2.556182537496973,1.6883744536144183,0.8640994988959732,8,8.37539918579835,6.998888888888891,5,0.0172413793103448,0,0,0.1212121212121212,0.008217096694815,0.0,False,22.253805966787983,34.85268725076386,False,14,1.1640553
300,-4.296864722721629,0.7684730599482956,4.390614208376759,1.7305472849719417,0.8074598767565777,6,8.689632748355741,7.3255555555555585,4,0.0113636363636363,0,0,0.0909090909090909,0.0093826431705219,0.0,False,22.253805966787983,41.2981045562993,False,16,1.7241119
301,-1.943654216296836,0.7692561803434906,2.785753354276948,1.66674367857983,0.8128840624266892,7,8.689632748355741,6.045555555555557,4,0.01875,0,0,0.0989010989010989,0.0095372987384006,0.0,False,22.253805966787983,28.945507521412356,False,14,1.3548764
302,-1.682635822314433,0.7668517034441676,3.4077618222050936,1.5967234100830057,0.8095043438659052,8,8.689632748355741,6.970000000000002,4,0.0208333333333333,0,0,0.1192660550458715,0.0090068085233219,0.0,False,22.253805966787983,28.945507521412356,False,16,1.3778524
303,-1.6081232153355156,0.7978829669424462,1.1712001829483536,1.712935039619369,0.804682631593923,4,0.0,2.2622222222222224,2,0.0,0,0,0.3571428571428571,0.0082542597694112,22.66222573506152,True,0.0,25.152374504929536,True,1,1.7192489
304,-2.451531897745189,0.8142804120550975,1.0671608896316762,1.728707842226376,0.874826298432339,7,7.887959336599945,3.2533333333333347,6,0.0306122448979591,0,0,0.1272727272727272,0.0068249065494244,0.0,False,0.0,40.75986698011536,False,6,-0.08092191
305,0.0,0.830576720017683,0.4666099714203531,1.416361954434675,0.8963189526491324,2,0.0,3.022222222222223,0,0.0208333333333333,0,0,0.1272727272727272,0.0062175759145456,0.0,False,55.31703531749555,9.967957041894415,False,7,0.8293805
306,-4.338689111206076,0.7642481660473375,3.511277394720274,1.7918408776349417,0.8085662041414422,6,7.887959336599945,5.857777777777779,4,0.0126582278481012,0,0,0.1136363636363636,0.0083776908375838,0.0,False,33.380708950181976,41.2981045562993,False,14,1.5635997
307,-4.373017622573792,0.7893220120504362,3.4279440613869405,1.83844771362182,0.8297080948405589,6,7.887959336599945,5.715555555555557,4,0.0136986301369863,0,0,0.1111111111111111,0.0080898713221945,0.0,False,22.253805966787983,41.2981045562993,False,12,1.5200903
308,-4.381840603731041,0.8006409127522888,3.4279440613869405,1.918869670989908,0.8372338474969933,6,8.132412674500905,5.913333333333335,4,0.0138888888888888,0,0,0.1125,0.0087494722968729,0.0,False,20.881197370796592,41.2981045562993,False,10,1.6561941
309,-1.3301764206926712,0.792144470116315,1.7014727424497378,1.5080755669522956,0.8532861120215226,8,7.887959336599945,4.417777777777779,4,0.0289855072463768,0,0,0.1538461538461538,0.0071195033595739,13.847474399381248,False,11.126902983393991,28.945507521412356,False,10,-0.39623377
310,-4.404875067199915,0.8188308046008568,3.4279440613869405,1.8816401362087416,0.8634021740081567,6,7.887959336599945,5.795555555555557,4,0.0136986301369863,0,0,0.1111111111111111,0.0084613544039663,0.0,False,22.514758973090917,46.28208307724651,False,10,1.7153347
311,0.0,0.8396284690007035,0.8314586292361601,1.7737369550246451,0.8812643908699033,5,7.887959336599945,2.0088888888888894,4,0.0806451612903225,0,0,0.0857142857142857,0.0073124341053633,0.0,True,27.232283132542747,9.551078168738565,True,4,-0.21447262
312,-0.3259450298066157,0.8065435354437959,0.7805958655852391,1.4650037904249682,0.8714398128269292,5,7.221835825288449,2.1788888888888893,2,0.025,0,0,0.1555555555555555,0.0043923840523988,0.0,False,0.0,11.75255023431679,False,5,0.40659025
313,-1.283174830406561,0.8303837944433174,0.9147919625694936,1.6818655929351,0.8875872736408901,5,7.887959336599945,2.231111111111112,4,0.0135135135135135,0,0,0.0952380952380952,0.0081576369758187,0.0,True,11.126902983393991,28.945507521412356,True,6,0.16917463
314,-1.2410836451045253,0.7853379345243476,1.4534670971643069,1.582103142127762,0.8468386942811243,7,7.887959336599945,3.235555555555557,4,0.0277777777777777,0,0,0.1475409836065573,0.0066124705162138,0.0,False,0.0,28.945507521412356,False,6,-0.15507413
315,-0.2782090088797584,0.8098219525927183,1.2101542437835098,1.6037154211354407,0.8662421385521538,6,7.221835825288449,2.2588888888888894,3,0.024390243902439,0,0,0.1521739130434782,0.0051466983672762,0.0,False,0.0,14.387102272280789,False,3,0.69897
316,-3.439372496384065,0.69037209738284,4.85562735605062,1.7209708041364369,0.7294652206603892,4,7.901377353792616,6.6544444444444455,4,0.0,0,0,0.1351351351351351,0.0076755486121877,0.0,False,0.0,42.15761446973645,False,12,2.5303795
317,-2.476942960264953,0.66108907108202,3.7112897887532137,1.7106089255451828,0.6966082055378925,4,7.901377353792616,5.605555555555556,4,0.0,0,0,0.1428571428571428,0.0081211197163169,0.0,False,0.0,35.981315952292974,False,11,2.2977571
318,-2.984047387894928,0.7178894294495447,3.464337392012846,1.939755798399146,0.7700529730132476,4,7.901377353792616,4.423333333333335,4,0.0,0,0,0.0638297872340425,0.0089909192939495,27.694948798762496,False,0.0,35.981315952292974,False,9,2.5616813
319,-2.4795400393031697,0.7179738941002937,3.628317583895975,1.752760997862835,0.8113215637665028,4,7.901377353792616,5.810000000000002,4,0.0,0,0,0.0793650793650793,0.0071241710029588,41.54242319814374,False,22.253805966787983,35.981315952292974,False,15,2.369216
320,-2.599889361454345,0.7270414507052002,3.588870593049012,1.7865191975130672,0.7463800259790839,4,7.901377353792616,5.525555555555557,4,0.0,0,0,0.1034482758620689,0.0095921715705763,13.847474399381248,False,11.126902983393991,35.981315952292974,False,11,2.5538902
321,-2.6371100532204927,0.7283410445330356,3.3831180640114784,1.851969989822692,0.7774693237505476,4,7.901377353792616,5.045555555555557,4,0.0,0,0,0.074074074074074,0.0069032933458006,27.694948798762496,False,11.126902983393991,35.981315952292974,False,11,2.3561597
322,-2.705041867411325,0.7389674955175947,3.5111495105175483,1.7826709198677728,0.7859980637121107,4,7.901377353792616,5.312222222222224,4,0.0,0,0,0.064516129032258,0.0081793883855739,13.847474399381248,False,32.671799841253176,35.981315952292974,False,13,2.9813654
323,-3.475485137951252,0.7534981484887061,4.649874827013086,1.769559583363412,0.7807397303548532,4,7.901377353792616,6.494444444444445,4,0.0,0,0,0.1142857142857142,0.0074521771124158,13.847474399381248,False,0.0,42.15761446973645,False,12,2.3437426
324,-3.5115977795184383,0.7572894035272586,4.44412229797555,1.81948749557764,0.8092191850790342,4,7.901377353792616,6.014444444444446,4,0.0,0,0,0.0909090909090909,0.0066554260288209,27.694948798762496,False,0.0,42.15761446973645,False,12,2.028319
325,-3.2048377194199427,0.7687398811211095,3.2709499502343844,1.9594342223355057,0.8359045026809319,4,7.901377353792616,4.072222222222223,4,0.0,0,0,0.0652173913043478,0.007701619368286,20.771211599071872,False,0.0,35.981315952292974,False,8,2.4151838
326,-2.6009411500928685,0.7348909818141072,4.181695255126502,1.6681908156553231,0.7658553511159525,4,8.38776764397578,6.345555555555556,4,0.0,0,0,0.0945945945945946,0.0074408568347962,13.847474399381248,False,11.126902983393991,35.981315952292974,False,15,2.5538902
327,-2.637053791660056,0.7353560520159516,3.975942726088967,1.7105761635874697,0.7898625926520311,4,8.38776764397578,5.865555555555557,4,0.0,0,0,0.0714285714285714,0.0067380574933718,27.694948798762496,False,11.126902983393991,35.981315952292974,False,15,2.4047856
328,-2.513055601832141,0.7323981590764403,3.505537259715679,1.7706031407506857,0.7530961590818397,4,7.901377353792616,5.285555555555557,4,0.0,0,0,0.1186440677966101,0.0078868045534712,13.847474399381248,False,0.0,35.981315952292974,False,11,2.1011448
329,-2.5491682433993272,0.7342508319996577,3.299784730678145,1.835586134905194,0.7836163498526016,4,7.901377353792616,4.645555555555557,4,0.0,0,0,0.0909090909090909,0.006630635357908,27.694948798762496,False,0.0,35.981315952292974,False,11,1.659119
330,-2.4487029847522503,0.72120360266015,3.2077372723730124,1.7706031407506857,0.7625996026709486,4,7.901377353792616,4.965555555555557,4,0.0,0,0,0.1525423728813559,0.0078868045534712,0.0,False,0.0,35.981315952292974,False,11,1.8850238
331,-5.62138731340383,0.7704537511117943,5.035176022627217,1.914306985899633,0.7977030326193607,6,7.901377353792616,6.707777777777779,6,0.0135135135135135,0,0,0.1111111111111111,0.0074550328394555,13.847474399381248,False,0.0,60.14827244588294,False,11,1.6434526
332,-6.230749685803772,0.7681134113104833,5.035176022627217,1.88961826808414,0.7959940612730267,8,7.901377353792616,6.707777777777779,6,0.0135135135135135,0,0,0.1111111111111111,0.0074550328394555,13.847474399381248,False,0.0,60.27252356308362,False,11,1.6720978
333,-2.670237625236954,0.7623386691317121,3.277946241465228,1.883391951965108,0.7910669260060186,4,7.901377353792616,4.183333333333335,4,0.0,0,0,0.0769230769230769,0.0067427917248153,13.847474399381248,False,11.126902983393991,35.981315952292974,False,9,1.3466908
334,-5.22542180597334,0.7716415038597995,5.035176022627217,1.914306985899633,0.7977030326193607,6,7.901377353792616,7.02777777777778,6,0.0135135135135135,0,0,0.1111111111111111,0.0077723021460395,13.847474399381248,False,0.0,60.14827244588294,False,11,1.5314789
335,-5.270953509610687,0.7726506992372929,4.863115201683151,1.9323934896284056,0.8065669637092292,6,7.901377353792616,6.1655555555555575,6,0.0138888888888888,0,0,0.1139240506329113,0.0083274665850423,0.0,False,0.0,60.14827244588294,False,9,1.39794
336,-2.635054845974241,0.7725062644858285,3.644560555115974,1.8680205838299613,0.7969297698712765,4,7.901377353792616,3.721111111111112,4,0.0,0,0,0.0943396226415094,0.0076719124368027,0.0,False,0.0,35.981315952292974,False,7,1.4771212
337,-3.576225878691993,0.7879602157925362,4.166889654485233,1.8638768997753927,0.8366561574533146,4,7.901377353792616,4.9300000000000015,4,0.0,0,0,0.0967741935483871,0.0066643761881857,0.0,False,0.0,42.15761446973645,False,8,1.192387
338,-2.6332551996796454,0.7377588910143918,4.061597451899861,1.6894412615073031,0.772175276545641,4,8.38776764397578,5.483333333333334,4,0.0,0,0,0.0972222222222222,0.0075009500657282,0.0,False,11.126902983393991,35.981315952292974,False,13,1.8450768
339,-3.827714948684849,0.7679780488588703,3.870770903542717,1.7887586809150082,0.8114974193682795,4,8.38776764397578,5.323333333333334,4,0.0166666666666666,0,0,0.0735294117647058,0.0067482580776813,11.63444168209179,False,11.126902983393991,35.981315952292974,False,11,1.7081698
340,-2.70168189083361,0.7679780488588703,3.69871008259865,1.7490248219575053,0.8114974193682795,4,8.38776764397578,4.781111111111112,4,0.0,0,0,0.0757575757575757,0.0067602482381855,0.0,False,11.126902983393991,35.981315952292974,False,11,1.6862096
341,-2.575577793445241,0.6965319962605829,3.805494644453504,1.7706031407506857,0.7150823847254036,4,7.901377353792616,5.018888888888891,4,0.0,0,0,0.0847457627118644,0.0090674420977451,0.0,False,0.0,35.981315952292974,False,9,1.8991143
342,-2.545369651418918,0.7405705648163283,3.385439456489039,1.8027161157274112,0.7607615867034075,4,7.901377353792616,4.423333333333335,4,0.0,0,0,0.1228070175438596,0.0080591335136789,0.0,False,0.0,35.981315952292974,False,9,1.5301243
343,-5.075577793445241,0.7725062644858285,3.805494644453504,1.950753201250753,0.7969297698712765,4,7.901377353792616,5.018888888888891,4,0.0,0,0,0.0847457627118644,0.0090674420977451,0.0,False,0.0,35.981315952292974,False,9,1.3301184
344,-2.613796342572882,0.7865745370385878,3.0225520871878278,1.8975870361235367,0.8137847102967003,4,7.901377353792616,3.5611111111111127,4,0.0,0,0,0.0980392156862745,0.0066382614018977,0.0,False,0.0,35.981315952292974,False,7,1.0582894
345,-3.2328439616205005,0.7892914333218473,3.644560555115974,2.0525413984602063,0.8094231836472955,6,7.901377353792616,3.721111111111112,6,0.0,0,0,0.0943396226415094,0.0076719124368027,0.0,False,0.0,44.399112936621904,False,5,1.20412
346,-5.660018995503876,0.8050473197324097,4.863115201683151,1.9323934896284056,0.8423390740854763,6,7.901377353792616,6.005555555555556,6,0.0138888888888888,0,0,0.1139240506329113,0.0077643151818533,0.0,False,0.0,60.14827244588294,False,9,1.0413927
347,-3.546455265449773,0.8345878715541061,3.644560555115974,2.0525413984602063,0.8647854970422786,6,7.901377353792616,3.596666666666668,6,0.0,0,0,0.0943396226415094,0.0085215114104003,0.0,False,0.0,44.399112936621904,False,5,0.36172783
348,-0.8457850464040209,0.6784103435698788,2.7567989232157912,1.4541168576447965,0.7303369628304992,4,9.128804883993665,5.121111111111112,4,0.0,0,2,0.0158730158730158,0.0100536407849539,0.0,False,0.0,28.945507521412356,False,12,3.1827
349,-1.0905939036174748,0.8023450793698816,1.4534670971643069,1.6103295202102337,0.8280117531722812,6,7.887959336599945,2.7733333333333343,4,0.0212765957446808,0,0,0.1320754716981132,0.0073881216602547,0.0,False,0.0,28.945507521412356,False,6,0.12159538
350,-1.0415718197291464,0.7898667266069863,1.4472007173245984,1.559137580385488,0.8206053559141345,6,7.887959336599945,3.3777777777777787,4,0.0192307692307692,1,0,0.1186440677966101,0.0066075499454061,13.847474399381248,False,0.0,28.945507521412356,False,8,0.07748706
351,-1.0753139280566453,0.7669536408335468,1.794128776225976,1.5524596484139708,0.7980618625006997,6,8.689632748355741,3.841111111111112,4,0.0188679245283018,0,0,0.081967213114754,0.0093834666178797,0.0,False,0.0,28.945507521412356,False,8,1.0614148
352,0.0,0.7783975405791986,2.3246036311424536,1.5737964208865716,0.8206204927379912,8,8.689632748355741,5.893333333333334,4,0.0338983050847457,0,2,0.0142857142857142,0.0086813090709194,0.0,False,82.66889269461026,9.551078168738565,False,10,2.70757
