esol,knn,1,0.22904
lipo,rf,1,0.18865
esol,nn,1,0.26526
esol,knn,2,0.20326
lipo,gp,1,0.22096
lipo,sv,1,0.22723
lipo,rf,2,0.14515
esol,nn,2,0.23227
esol,knn,3,0.20272
lipo,sv,2,0.19962
lipo,rf,3,0.13053
lipo,gp_ard,1,0.22096
esol,knn,4,0.21984
lipo,gp,2,0.15578
lipo,sv,3,0.17235
lipo,rf,4,0.13297
esol,nn,3,0.23150
lipo,gp_ard,2,0.15633
esol,knn,5,0.21966
lipo,knn,1,0.16615
lipo,sv,4,0.17646
lipo,rf,5,0.15249
lipo,gp_ard,3,0.12574
esol,nn,4,0.23912
esol,knn,6,0.19976
lipo,gp,3,0.12542
lipo,knn,2,0.16763
lipo,sv,5,0.19957
lipo,gp_ard,4,0.11999
lipo,rf,6,0.15107
esol,knn,7,0.19231
lipo,knn,3,0.15083
esol,nn,5,0.22725
lipo,sv,6,0.19326
lipo,gp_ard,5,0.16378
lipo,rf,7,0.15611
esol,sv,1,0.31060
esol,knn,8,0.20564
lipo,gp,4,0.11812
esol,gp,1,0.20335
lipo,knn,4,0.15521
lipo,gp_ard,6,0.14947
lipo,sv,7,0.19874
lipo,rf,8,0.16415
esol,sv,2,0.30415
esol,nn,6,0.24519
esol,knn,9,0.21838
lipo,knn,5,0.17762
lipo,gp_ard,7,0.16807
lipo,sv,8,0.19525
esol,sv,3,0.27101
lipo,rf,9,0.12358
esol,rf,1,0.22862
polymer_tg,knn,1,0.19452
polymer_tg,gp_ard,1,0.18212
lipo,gp,5,0.16359
esol,nn,7,0.23043
esol,gp,2,0.18617
lipo,knn,6,0.15984
lipo,gp_ard,8,0.18797
lipo,sv,9,0.17300
esol,sv,4,0.28515
esol,rf,2,0.22736
polymer_tg,gp,1,0.09615
polymer_tg,nn,1,0.14711
lipo,gp_ard,9,0.13276
lipo,knn,7,0.16792
esol,nn,8,0.24789
esol,sv,5,0.28894
esol,rf,3,0.22061
lipo,gp,6,0.14933
qm9_cv,nn,1,0.10823
esol,gp,3,0.19556
lipo,knn,8,0.16488
polymer_tg,sv,1,0.18074
esol,sv,6,0.28791
esol,rf,4,0.23366
lipo,nn,1,0.23042
esol,nn,9,0.23642
lipo,knn,9,0.14638
perovskite_h_adsorp,knn,1,0.00185
qm9_cv,gp,1,0.08563
qm9_cv,knn,1,0.34418
esol,sv,7,0.28587
perovskite_h_adsorp,gp,1,0.07745
esol,rf,5,0.22754
lipo,gp,7,0.16807
esol,gp,4,0.20569
lipo,nn,2,0.17122
perovskite_h_adsorp,rf,1,0.07691
perovskite_h_adsorp,knn,2,0.03538
esol,sv,8,0.29424
esol,rf,6,0.22792
perovskite_h_adsorp,gp_ard,1,0.08754
perovskite_h_adsorp,rf,2,0.14223
esol,gp_ard,1,0.19566
perovskite_h_adsorp,sv,1,0.08639
perovskite_h_adsorp,knn,3,-0.24727
lipo,nn,3,0.14742
esol,sv,9,0.28494
esol,rf,7,0.23248
perovskite_h_adsorp,gp,2,0.20067
perovskite_h_adsorp,gp_ard,2,0.19405
lipo,gp,8,0.18797
esol,gp,5,0.18585
perovskite_h_adsorp,rf,3,-0.18534
esol,gp_ard,2,0.17724
perovskite_h_adsorp,gp_ard,3,-0.17167
perovskite_h_adsorp,knn,4,-0.16732
perovskite_h_adsorp,sv,2,0.07857
esol,rf,8,0.25524
perovskite_h_adsorp,rf,4,-0.07142
lipo,nn,4,0.13699
perovskite_h_adsorp,gp_ard,4,-0.17426
esol,gp_ard,3,0.18568
perovskite_h_adsorp,knn,5,0.01455
perovskite_h_adsorp,rf,5,0.03607
perovskite_h_adsorp,sv,3,0.02411
esol,rf,9,0.23685
perovskite_h_adsorp,gp,3,-0.12957
perovskite_h_adsorp,gp_ard,5,0.07032
lipo,gp,9,0.13093
esol,gp,6,0.21380
perovskite_h_adsorp,nn,1,0.17580
esol,gp_ard,4,0.19728
perovskite_h_adsorp,rf,6,0.05419
polymer_tg,rf,1,0.14543
perovskite_h_adsorp,knn,6,-0.02955
lipo,nn,5,0.17527
perovskite_h_adsorp,gp_ard,6,0.04970
perovskite_h_adsorp,sv,4,0.03011
perovskite_h_adsorp,rf,7,0.04782
esol,gp_ard,5,0.18530
perovskite_h_adsorp,gp_ard,7,-0.00409
perovskite_h_adsorp,knn,7,-0.01578
polymer_tg,gp_ard,2,0.17500
polymer_tg,knn,2,0.18815
perovskite_h_adsorp,gp,4,-0.14196
esol,gp,7,0.19987
perovskite_h_adsorp,sv,5,0.04800
perovskite_h_adsorp,gp_ard,8,0.13596
lipo,nn,6,0.15577
perovskite_h_adsorp,rf,8,0.10950
esol,gp_ard,6,0.20505
qm9_cv,gp_ard,1,0.13404
qm9_cv,nn,2,0.12952
perovskite_h_adsorp,knn,8,0.01909
perovskite_h_adsorp,gp_ard,9,-0.16087
perovskite_h_adsorp,rf,9,-0.01183
perovskite_h_adsorp,sv,6,0.07083
esol,gp_ard,7,0.19065
qm9_cv,knn,2,0.33135
lipo,nn,7,0.18623
perovskite_h_adsorp,knn,9,-0.06855
qm9_cv,sv,1,0.45423
polymer_tg,gp,2,0.10601
polymer_tg,nn,2,0.14780
esol,gp,8,0.20934
perovskite_h_adsorp,gp,5,0.08246
perovskite_h_adsorp,sv,7,0.05579
esol,gp_ard,8,0.21027
qm9_cv,gp,2,0.12224
polymer_tg,sv,2,0.15292
qm9_cv,rf,1,0.24742
perovskite_h_adsorp,nn,2,0.24647
lipo,nn,8,0.20516
esol,gp_ard,9,0.19131
perovskite_h_adsorp,sv,8,0.04435
esol,gp,9,0.19773
perovskite_h_adsorp,gp,6,0.04959
perovskite_h_adsorp,sv,9,0.06147
lipo,nn,9,0.14863
perovskite_h_adsorp,gp,7,0.02662
perovskite_h_adsorp,gp,8,0.16171
qm9_cv,gp_ard,2,0.16489
perovskite_h_adsorp,nn,3,-0.18283
polymer_tg,rf,2,0.12642
qm9_cv,nn,3,0.06846
qm9_cv,knn,3,0.32531
qm9_cv,sv,2,0.46202
polymer_tg,gp_ard,3,0.17976
polymer_tg,knn,3,0.20364
perovskite_h_adsorp,gp,9,-0.02676
qm9_cv,rf,2,0.22071
qm9_cv,gp,3,0.00876
polymer_tg,sv,3,0.16511
polymer_tg,gp,3,0.10164
polymer_tg,nn,3,0.16846
perovskite_h_adsorp,nn,4,-0.01210
qm9_cv,gp_ard,3,0.06333
qm9_cv,sv,3,0.42108
perovskite_h_adsorp,nn,5,0.17626
qm9_cv,rf,3,0.24364
polymer_tg,rf,3,0.12841
qm9_cv,knn,4,0.31376
qm9_cv,nn,4,0.14632
polymer_tg,gp_ard,4,0.18672
polymer_tg,knn,4,0.18282
perovskite_h_adsorp,nn,6,0.08330
polymer_tg,sv,4,0.18098
qm9_cv,gp,4,0.11059
polymer_tg,gp,4,0.12925
polymer_tg,nn,4,0.16684
perovskite_h_adsorp,nn,7,0.05066
qm9_cv,gp_ard,4,0.12579
qm9_cv,sv,4,0.41967
qm9_cv,knn,5,0.32516
qm9_cv,rf,4,0.19734
polymer_tg,rf,4,0.13457
qm9_cv,nn,5,0.05104
polymer_tg,gp_ard,5,0.17552
polymer_tg,knn,5,0.19088
perovskite_h_adsorp,nn,8,0.28281
polymer_tg,sv,5,0.17752
perovskite_h_adsorp,nn,9,-0.06169
polymer_tg,gp,5,0.10748
qm9_cv,gp_ard,5,0.07161
qm9_cv,gp,5,0.03019
polymer_tg,nn,5,0.15460
qm9_cv,sv,5,0.43051
qm9_cv,knn,6,0.31905
qm9_cv,rf,5,0.24226
qm9_cv,nn,6,0.08263
polymer_tg,rf,5,0.15823
polymer_tg,gp_ard,6,0.18492
polymer_tg,knn,6,0.19260
polymer_tg,sv,6,0.15759
qm9_cv,gp_ard,6,0.11961
qm9_cv,sv,6,0.45144
polymer_tg,gp,6,0.10487
qm9_cv,gp,6,0.06683
polymer_tg,nn,6,0.09767
qm9_cv,knn,7,0.30896
qm9_cv,rf,6,0.24191
polymer_tg,rf,6,0.13598
qm9_cv,nn,7,0.08948
polymer_tg,gp_ard,7,0.17185
polymer_tg,knn,7,0.18681
qm9_cv,knn,8,0.31674
polymer_tg,sv,7,0.15921
qm9_cv,gp_ard,7,0.10507
qm9_cv,nn,8,0.09796
qm9_cv,sv,7,0.45083
qm9_cv,rf,7,0.22308
polymer_tg,gp,7,0.09846
polymer_tg,nn,7,0.15261
qm9_cv,knn,9,0.33338
qm9_cv,gp,7,0.07561
polymer_tg,rf,7,0.13670
qm9_cv,gp_ard,8,0.15459
polymer_tg,gp_ard,8,0.18450
polymer_tg,knn,8,0.19316
qm9_cv,nn,9,0.06906
qm9_cv,sv,8,0.46004
qm9_cv,rf,8,0.24641
polymer_tg,sv,8,0.16969
qm9_cv,gp_ard,9,0.12164
qm9_cv,gp,8,0.08465
qm9_cv,sv,9,0.42021
qm9_cv,rf,9,0.22355
polymer_tg,gp,8,0.11103
polymer_tg,nn,8,0.17552
polymer_tg,rf,8,0.14318
polymer_tg,knn,9,0.17868
polymer_tg,gp_ard,9,0.17500
qm9_cv,gp,9,0.07754
polymer_tg,sv,9,0.15234
polymer_tg,rf,9,0.13219
polymer_tg,nn,9,0.18139
polymer_tg,gp,9,0.10015
esol,gbt,1,0.19470
perovskite_h_adsorp,gbt,1,0.04151
lipo,gbt,1,0.22774
esol,gbt,2,0.19696
lipo,gbt,2,0.15487
perovskite_h_adsorp,gbt,2,0.11284
esol,gbt,3,0.19939
lipo,gbt,3,0.14875
perovskite_h_adsorp,gbt,3,-0.19665
esol,gbt,4,0.17673
lipo,gbt,4,0.14872
perovskite_h_adsorp,gbt,4,-0.18345
esol,gbt,5,0.17631
lipo,gbt,5,0.16491
perovskite_h_adsorp,gbt,5,0.00156
esol,gbt,6,0.21606
lipo,gbt,6,0.16150
perovskite_h_adsorp,gbt,6,0.04631
lipo,gbt,7,0.18409
esol,gbt,7,0.19914
perovskite_h_adsorp,gbt,7,-0.00624
esol,gbt,8,0.18411
lipo,gbt,8,0.18390
perovskite_h_adsorp,gbt,8,0.08030
qm9_cv,gbt,1,0.23998
esol,gbt,9,0.17538
lipo,gbt,9,0.12745
perovskite_h_adsorp,gbt,9,-0.06638
polymer_tg,gbt,1,0.11555
qm9_cv,gbt,2,0.22034
polymer_tg,gbt,2,0.13122
qm9_cv,gbt,3,0.23189
polymer_tg,gbt,3,0.10659
qm9_cv,gbt,4,0.22394
polymer_tg,gbt,4,0.09539
qm9_cv,gbt,5,0.22783
polymer_tg,gbt,5,0.14954
qm9_cv,gbt,6,0.22014
polymer_tg,gbt,6,0.11353
qm9_cv,gbt,7,0.20513
qm9_cv,gbt,8,0.23758
polymer_tg,gbt,7,0.11840
qm9_cv,gbt,9,0.21918
polymer_tg,gbt,8,0.12616
polymer_tg,gbt,9,0.10446